0,1,2
0,0.96334477447973,0.309667566847066
1,0.285006398777333,0.0180861152247609
0,0.34071740929775,0.0469581000753203
1,0.649313996093986,0.0911938300413246
2,0.635971548305335,0.957463303496599
2,0.148207922760998,0.801822489969281
2,0.558970047210938,0.367955124006937
1,0.901308735905019,0.439897370192436
0,0.864681189045743,0.248079073033212
0,0.341806333788509,0.393802183728913
2,0.428121276754323,0.399489898726814
1,0.534373674071891,0.627977974172203
2,0.153444866066295,0.533542484140191
2,0.472655607990193,0.938664266621805
2,0.0989784395746376,0.553370539193721
1,0.21193387240006,0.0178561728493625
2,0.118712136808692,0.584722441245967
1,0.66559115236249,0.0964697757888126
2,0.068714263910101,0.70178301399251
1,0.603828673961734,0.0994746275681592
2,0.064394745008568,0.606076472846749
2,0.059395752332107,0.600344315421693
0,0.748505954215301,0.95719657662015
0,0.584990233060002,0.369624609714922
2,0.791735176100146,0.358909745418985
2,0.122756155301635,0.762273819728973
1,0.673797156481366,0.083406868614492
1,0.896029737577422,0.306320249048901
0,0.591573239834469,0.0813236977488116
1,0.780531833307258,0.527622324729151
1,0.38680040091328,0.0239803790024562
0,0.221337089681248,0.434764366953237
2,0.0850140254325423,0.583213159708937
1,0.885243404026398,0.373299397515179
2,0.471145643926259,0.937302474254848
0,0.400257828223352,0.912883571664647
2,0.0833398068382884,0.713426037023084
0,0.446313088093365,0.359348274447004
2,0.0893341702781341,0.758032097803366
2,0.0461002318155293,0.667366749816296
2,0.416082757074432,0.398948720522482
1,0.920135700314599,0.422012465628365
1,0.792854445283121,0.550962179150199
0,0.175784802542266,0.0226744031495175
1,0.449923202175074,0.0557435019050351
2,0.734964159244235,0.986883877142978
2,0.276330316794792,0.446770259956177
1,0.920552200562477,0.295736383041044
2,0.612018034229233,0.352140617103153
1,0.812766839757566,0.534068061602344
1,0.958337924533531,0.346505453974689
2,0.183264209333812,0.447993587635036
2,0.495860929826793,0.36503254666312
1,0.749033976015668,0.540196415967914
2,0.522884341498368,0.955302180823825
2,0.0781558095328524,0.67366919859433
1,0.545746168839582,0.0735754595309781
1,0.249891886835976,0.658251533916478
2,0.087431078185481,0.562402484439755
2,0.283084556994559,0.418492697747773
1,0.435092943198267,0.0656559200838693
0,0.96112479189351,0.357922921003918
1,0.300333286459654,0.0325942198010906
1,0.821215319806452,0.180465803150638
0,0.595935620117088,0.0812939230835127
2,0.102283785931091,0.604369808362842
0,0.775197858959565,0.512765735936305
2,0.169824246272206,0.827245952668022
1,0.768722273954929,0.153731921480125
1,0.896282615262045,0.271927851240507
0,0.762556013347027,0.163777257545259
2,0.0513450819085798,0.652124673454357
2,0.477501810503345,0.384796973486058
2,0.191019904302335,0.495175854641451
2,0.148318189360616,0.521603820363728
2,0.437941892021937,0.921871126951207
1,0.403432998215389,0.0512303421679477
1,0.327519649345698,0.648886417349518
0,0.681816545266596,0.957636636025993
1,0.235702006930825,0.0330464615431805
2,0.0600551741503089,0.697058560418775
0,0.250744343785074,0.0410257135592444
1,0.891928221227706,0.22739033910987
2,0.135997423362921,0.548752528795937
1,0.908071757389762,0.255036290070063
2,0.456007361403861,0.92871044753583
2,0.15668464749067,0.803827084085033
1,0.873089953956829,0.480634552728819
2,0.154971189720091,0.488427399777256
1,0.544236575609894,0.611820794417234
2,0.262595192668845,0.847772327766163
0,0.589936862236577,0.0975208169138406
1,0.458564349273557,0.0775628209883955
1,0.911083900952946,0.281637861256259
1,0.86836000552111,0.212606198511156
0,0.853313454538573,0.249042996707913
1,0.868864229345285,0.213129314038388
1,0.673944324257395,0.581000173418167
2,0.143487430475061,0.523232743695244
2,0.6979680481198,0.976894108857936
1,0.699099039842573,0.10483373808489
2,0.149000176460622,0.804194407461218
1,0.454970014030319,0.0533034523177501
1,0.672593988798799,0.577579001190869
1,0.826805373326608,0.489975396797858
1,0.757397157982521,0.155185333663975
2,0.394746446454185,0.408116293686655
0,0.125017186715472,0.665466103260939
1,0.903888262757557,0.36630309706989
0,0.796000784131047,0.954072272399638
1,0.876842003293238,0.219837424430735
2,0.091776935068371,0.583294866427586
0,0.402229468796277,0.410842184158646
1,0.895961246074426,0.366051478927073
2,0.143488262666506,0.549599419994292
1,0.882653565636557,0.219068389352831
2,0.168072720854912,0.501333692579416
2,0.160834179509329,0.506579292087918
1,0.865574731372749,0.493254825424623
1,0.944289094927814,0.341872146817321
1,0.681943783099315,0.0992695568836348
0,0.803659238040666,0.149594754733821
1,0.719643552082567,0.127101239236883
1,0.76439707914546,0.149823484116861
1,0.450695497444942,0.0671117517277905
2,0.136014676702497,0.795629960395849
2,0.524444061803405,0.95257011402367
2,0.498127438181016,0.380819404184059
1,0.893069695565581,0.416322945624147
0,0.564249757580662,0.365313431817655
2,0.474203132494479,0.381842030987091
0,0.171019640186726,0.784913826461402
0,0.721122271363852,0.10822572043951
2,0.27623794417109,0.874106073683107
2,0.103801185572692,0.69187500685916
2,0.184632444502826,0.511799486114748
1,0.642320259651584,0.104117172081414
1,0.486520066915983,0.0620608239255519
0,0.879715539461407,0.292749806749913
1,0.711072792969618,0.572807356285452
0,0.669910299446351,0.964875740552343
1,0.548670931511118,0.606940934237233
1,0.904085807387502,0.406149688707736
2,0.175402932572775,0.480390196422592
0,0.642972977406519,0.0754025615253489
2,0.122477247992007,0.49273594686562
2,0.235789461529649,0.46321462296915
0,0.557416175634692,0.34284072590567
1,0.371738437756814,0.0271171771620792
1,0.663261715837062,0.581934990445859
2,0.24708238488982,0.845040961203788
2,0.563953780440079,0.957053341172442
1,0.269579318997054,0.663622002662359
2,0.152635090957972,0.788197195713928
2,0.0952832726352646,0.708936269952697
2,0.424316982904273,0.938776728019079
0,0.816308854522925,0.156201261635015
2,0.395584586989388,0.386752050221393
2,0.205292725225748,0.817767503079697
1,0.844607325640899,0.518705815537557
1,0.855353704398452,0.458192759747566
1,0.236176829591915,0.0253636226518154
1,0.236115064922475,0.0292137949436324
2,0.250009194950239,0.846038758082986
1,0.271402487875141,0.660170165787031
2,0.181118235808175,0.49648071935069
2,0.0408705564645513,0.651260921090711
1,0.219909011315413,0.0249365317764772
2,0.352123643834924,0.902696466753777
2,0.0587146535883674,0.693075920652491
2,0.388342757257191,0.906540408425841
1,0.577571759827596,0.611209914012098
2,0.724787937661617,0.980144967895124
1,0.816702158724874,0.182157787086763
2,0.607642353202513,0.958768757912852
0,0.315169834520954,0.054343225913839
1,0.841701022944664,0.175115397958503
0,0.429789179840204,0.907279230979644
1,0.233158734251348,0.66114191107788
1,0.456369672616929,0.0543613922156905
1,0.432773580391992,0.0508378165220992
0,0.446825197741472,0.906504556720574
1,0.856079294903811,0.492592087982538
2,0.256380724129266,0.87528332292982
2,0.114513206109374,0.591645105668438
0,0.341169062016425,0.0435651687233556
0,0.458404347374108,0.910814751524134
2,0.0771761701881566,0.68972343621874
2,0.165591598791499,0.81419622803418
1,0.680387498710656,0.594135496672707
1,0.532956508100118,0.629272742082993
1,0.417649848148085,0.0706628766442171
2,0.403583118744639,0.386824246742706
0,0.163242342269896,0.787552587657219
2,0.119423792382124,0.620317284133541
2,0.199147331022248,0.81257182608912
2,0.677682191767556,0.351666746484411
2,0.112998217843641,0.523864513964791
0,0.174291463285494,0.793183607818615
2,0.511807816423234,0.360540355153203
2,0.244548702693338,0.453728934086697
1,0.51191555830495,0.634503830536582
1,0.892365338185427,0.225048560089403
2,0.188003845215387,0.504821965038542
2,0.14375576857032,0.53979713616019
1,0.604098713658409,0.607927260602378
0,0.278554061559971,0.43968175553836
2,0.217965457025777,0.443664577682558
2,0.0638341784054347,0.690835029994883
1,0.790795247799749,0.527608672801509
2,0.185411026900006,0.507038761412972
2,0.531711055614494,0.934930752284333
2,0.151035608888269,0.491378905887733
2,0.0415827706437868,0.628893039909107
2,0.563588979522739,0.955633948043102
1,0.942085635223116,0.31161893130548
1,0.895684112854253,0.473109495775428
1,0.908440363578428,0.466107387645921
2,0.734513373987932,0.975369412540778
2,0.760810596369131,0.972482261680354
2,0.411752071567391,0.38907335643392
1,0.946312948768282,0.32332247643931
1,0.280953949433832,0.66105230364244
2,0.0638910862130068,0.706028039735651
1,0.371121020689388,0.661609230579096
2,0.161032535888836,0.46473341512806
2,0.0516854152817592,0.595475760770878
1,0.813156829631252,0.175620603165313
2,0.115832414446311,0.672388770671631
2,0.631224806826094,0.3460856371849
1,0.52056131387926,0.0702165261238139
1,0.443989058239289,0.637828414701778
0,0.616210005541282,0.0773431167548354
1,0.88713353002003,0.464669292235044
1,0.921522750635414,0.368100469989959
1,0.916305989406251,0.278875416005712
2,0.381133810266026,0.906774197848989
1,0.458975251350101,0.626508174203968
1,0.957183264309816,0.310533036881962
1,0.947798638319736,0.385013123911536
1,0.450506413146352,0.633327256626618
2,0.31565707077102,0.893714225713328
1,0.202831852016137,0.0109589626075776
2,0.329388596865915,0.405740180114866
1,0.849451501897647,0.224067192709461
2,0.0760445850389212,0.590492095864302
0,0.286351161371759,0.638241257261882
2,0.682496975584018,0.969704466146743
2,0.0875543722006228,0.769127607961823
2,0.104867144107444,0.707515302599822
2,0.102463593763393,0.574353308816865
1,0.536464206242377,0.0557090404200208
2,0.340251983239776,0.404836961360548
2,0.0631925870499341,0.610198128194324
1,0.820926208545693,0.198461899297164
1,0.66913509875436,0.580981305783872
2,0.764679840361882,0.331413455362972
0,0.670406074356106,0.956707859458437
1,0.716160597036465,0.129125633874367
0,0.780650587197307,0.184712082582337
2,0.109215620356564,0.754734568345247
0,0.66329466501952,0.953805072484967
0,0.0381498886087496,0.615658822986041
2,0.455131945252707,0.375010957478543
2,0.272847733079867,0.867145092401409
2,0.0779177485342185,0.584281621065728
2,0.679865547196943,0.336191767653331
1,0.934135945592888,0.288728453574234
2,0.0643624069297979,0.610152420004002
0,0.163529869898201,0.774824439611294
1,0.478139228573478,0.638073726103092
1,0.853243166034337,0.221552111047771
2,0.213534612479746,0.85024051118638
0,0.853558061475548,0.536476325650808
0,0.361157348686614,0.876034587575268
2,0.441146260978215,0.939096435544251
1,0.915962908268706,0.379800971128984
2,0.715816491279263,0.961671540064847
2,0.233649137947098,0.454350750738598
1,0.743883162466642,0.531060056102038
0,0.87514638654748,0.43962390611013
1,0.56567260863564,0.0711067527280898
1,0.70249905172073,0.121044781285124
2,0.43722957884261,0.922245012839222
0,0.121520660168789,0.588611566242599
2,0.220005721920104,0.823803351703538
1,0.675161032811926,0.574457559088512
2,0.760096453715779,0.335604396520541
0,0.292895531307834,0.454539117992153
2,0.447733844234857,0.390551456068609
1,0.847573123722242,0.5004720414114
1,0.852664180870855,0.475411524387318
1,0.761052657609852,0.15262427068598
1,0.63014588112639,0.110535951434287
2,0.41357210234741,0.39787751802557
1,0.271883174833885,0.65150108862343
1,0.631477026869472,0.0934102678825319
1,0.698663867678441,0.577997674251448
1,0.432617445488209,0.636814848963115
2,0.0915080397038329,0.720250530836178
2,0.296184871039371,0.861223872770253
0,0.658586529050251,0.953754192300822
2,0.112180589746132,0.771050055504896
2,0.378480056957358,0.89729063593342
2,0.086098172257285,0.688061722012617
0,0.979594160269007,0.339034834352119
1,0.511726620208217,0.0694769225367039
2,0.2566009911621,0.443076011845608
1,0.928420064272973,0.338951531904254
1,0.416280352593569,0.636325069414254
2,0.31493629647852,0.427571747290054
0,0.559125717453418,0.085964070231239
2,0.107239866912057,0.748441726703407
2,0.529819937158794,0.940831685568304
2,0.615444234975713,0.343497638601282
2,0.555914738985456,0.937717039289154
0,0.772472048824003,0.373427762293387
1,0.79578114694912,0.157746503814024
1,0.465402431626137,0.0453537566230504
2,0.446969897585911,0.390663609876494
2,0.144889021819236,0.790459192388638
0,0.173056539411379,0.532300849478066
2,0.174971694149309,0.515688044899412
1,0.59008347053973,0.605006305210798
2,0.62161255804843,0.359599424591893
2,0.536004131955545,0.949413068772394
0,0.621581315825774,0.0705790248920739
0,0.938813264169653,0.456079140646385
2,0.10840179731703,0.78673890437859
2,0.252085136083422,0.863293655664252
0,0.633548343438709,0.585611084389108
0,0.644300319935478,0.966515335210869
1,0.512510847683041,0.0638745795220737
1,0.914684951344688,0.417239050408596
0,0.460528037061078,0.918943209581956
2,0.105308372452295,0.681799201578584
2,0.157667995024408,0.507877341648983
1,0.693285515394017,0.581672343080662
2,0.1728214270795,0.469149494548826
1,0.729721804161029,0.573893246798277
1,0.321229636877644,0.0270528769499886
1,0.879823148895744,0.479810154914855
2,0.484830753792996,0.381551087758009
2,0.0980263246427376,0.666638091904966
0,0.638004785002473,0.0746211169506313
1,0.530702707264895,0.621915578684104
2,0.278609050860992,0.442765999966647
1,0.379792681940488,0.0178785310405171
2,0.10705521489244,0.640336362104761
1,0.384825171462193,0.0470672533139395
2,0.102800719579773,0.544822765924594
1,0.950573514274762,0.398540026294677
1,0.378853210973094,0.0272105657043787
2,0.146992644069581,0.493607870533505
0,0.731373786035305,0.110759867601722
2,0.753660690235834,0.974084260489166
2,0.453419848437307,0.378282148111526
2,0.0713676433369092,0.644210638283673
2,0.481481322683936,0.938060345946255
0,0.935198840171116,0.239924726523238
2,0.551080579215581,0.95883181474344
2,0.157139962455649,0.494649123840986
2,0.413233076155353,0.385896224381049
2,0.684551061306614,0.347855084840321
2,0.10187061303504,0.548735544230946
0,0.200578478447815,0.489105772286358
1,0.911755005757207,0.404797213672936
1,0.945319557149914,0.403007760311846
0,0.783434858990071,0.505333892846379
1,0.437388356136325,0.656668568893309
2,0.139482953962846,0.796069397915495
2,0.150651567814963,0.498385776255067
1,0.736928001684905,0.130470963710656
2,0.0951306078593526,0.585217273103546
1,0.854909775231725,0.175936185518978
0,0.402175405686483,0.0310118605161108
1,0.32744491078882,0.655979928504956
2,0.329306962126129,0.894295728551634
2,0.721236866991958,0.964036329188001
1,0.540106411753013,0.614064382462681
2,0.046415023955887,0.658108918997525
1,0.874098422763365,0.461419563257109
2,0.227768446676872,0.475157319393492
0,0.0763359962200757,0.724406785299262
1,0.481605680994156,0.633711134132277
2,0.0585191027463425,0.684979577551805
1,0.951326643057767,0.287036480617923
1,0.947126715911156,0.362262769017028
2,0.105456844834639,0.756731572907365
2,0.255663977642202,0.465322822889536
2,0.249326035764183,0.85304443742751
1,0.759111184323826,0.144449086687256
2,0.0593971116595353,0.703730745132492
1,0.613189924127354,0.617420265764569
2,0.0744335445587001,0.594308103655686
1,0.709618950862168,0.571363873027952
2,0.0623863018964176,0.655671683448875
1,0.543642948505134,0.0763538088366068
1,0.80025377684241,0.496987492617557
2,0.0989770701550406,0.634298466224373
2,0.209264187803204,0.471792744884693
2,0.575795477831891,0.353489555385105
2,0.497331201750912,0.932803497226519
0,0.237846850244703,0.484221306733752
1,0.752058500965267,0.142385395358966
2,0.338320274458184,0.402002554123256
2,0.149918258976579,0.511147371880917
0,0.715838940160753,0.957872615533186
1,0.802669207502715,0.516163426404759
2,0.476982324260509,0.384616521592719
2,0.220920572074329,0.822825242168559
0,0.566239748261233,0.370102099068113
1,0.724782914701961,0.125931294905524
1,0.509318538589435,0.60799211507559
0,0.774770708534454,0.519610306190734
0,0.86733263995493,0.43511944325144
2,0.0984504916657593,0.578170064961561
1,0.956159544711523,0.319597693897861
0,0.858765067088715,0.273923867873009
2,0.114277865290477,0.590968556612233
1,0.957126917960834,0.288336142424925
0,0.621350125201314,0.371847324160137
1,0.464359933268797,0.0649973043533484
0,0.648099721586152,0.954249152073235
2,0.20307705574382,0.833861366670808
1,0.549371352188832,0.0520529777548314
2,0.482272561730277,0.939470322993293
0,0.961753106499613,0.389138121124398
1,0.918583021659335,0.23200139094218
1,0.239772414093119,0.0199437881341773
2,0.226998684947921,0.472534545900717
1,0.512999086155478,0.615303369352138
2,0.200294965278971,0.450476211869896
1,0.888954624862108,0.425498889553176
2,0.221639898345484,0.841994808852277
1,0.237369483196871,0.679300800075695
1,0.922214094827702,0.254753435356694
2,0.0923761781457818,0.735690799795015
2,0.515635373497804,0.382356236744923
0,0.616588924303364,0.0737593908014699
1,0.688862375757073,0.0879392577124883
1,0.941401043858861,0.311040990089299
1,0.751353297807415,0.133379279128819
2,0.093103149110431,0.768779751166825
2,0.111231564438154,0.589375338084192
2,0.357913162713208,0.889274104525135
1,0.900589399864199,0.32111007140028
2,0.747946134757761,0.34365263037669
1,0.866303285904703,0.481995559767665
1,0.342699266965185,0.643171138714944
2,0.565576515392126,0.949728820361003
2,0.0479997237666587,0.671032431870469
2,0.332098328965134,0.416189269675869
2,0.217547416150523,0.46705833444111
2,0.110342938499895,0.599650349605099
0,0.709720213043389,0.556820706065599
2,0.347040452180999,0.414665525147146
1,0.927881856306516,0.431802599443477
2,0.409517864222543,0.375981313082362
0,0.752955766356025,0.94289933266899
1,0.843137957326185,0.19900743991329
1,0.392508689780638,0.644915077841219
1,0.74630117161018,0.565841667374897
1,0.92461771606081,0.422538929790171
2,0.0690717134904463,0.621963666310114
2,0.113991684289878,0.615875284985037
2,0.104663246458535,0.553583449831438
1,0.885253106502897,0.4680088276035
1,0.841098160146294,0.221899564197005
1,0.543525616851226,0.0452716256108509
2,0.0692607489534173,0.590375663478416
1,0.933862668593006,0.365856151220324
1,0.947411528192029,0.274156438581772
2,0.526075701579618,0.379059161571705
2,0.384091369131098,0.903494562051637
2,0.372451681471836,0.404789103465766
1,0.899122969488682,0.449147849439127
0,0.344954773229172,0.0409363342332391
1,0.834337020302938,0.194886847255905
2,0.158261128319315,0.813155711459018
2,0.0976055284586512,0.762801449310321
2,0.373319171224377,0.399806084355016
1,0.910350476135091,0.457539475113841
1,0.520244398658259,0.0571413726606139
1,0.381486179121241,0.0408073919190628
2,0.175815562605876,0.462459056394344
0,0.349984166617179,0.0543983233189025
1,0.907575385877296,0.214262241063336
2,0.733763013635665,0.96412938012039
1,0.907326016121746,0.416588270334418
2,0.734720940057571,0.963120517823845
2,0.334085187786322,0.415885414223603
2,0.706496460130442,0.335618048644778
1,0.88533135676968,0.401824019734021
1,0.247367014615254,0.0351551389206113
0,0.344375902852677,0.635054156794511
0,0.349369108200688,0.637825419279608
2,0.149236723085726,0.768062343829952
0,0.96898362602123,0.344420285667123
1,0.434396579123726,0.640605352634401
2,0.22952129842743,0.860449113032979
2,0.616911315441131,0.957137377985688
1,0.565962685117828,0.613467843902768
1,0.25330188214273,0.0321310562237364
1,0.610884405012715,0.0921955891195818
2,0.317981533501776,0.432957979065292
1,0.676775984639981,0.0980500242140118
1,0.643420983797765,0.583453378113388
1,0.505095124679713,0.0486989128049825
2,0.300578458869978,0.857050267521281
2,0.0892323692026704,0.66275271457415
1,0.636259751993108,0.607982461919074
0,0.604950794474284,0.965474496446302
1,0.82872147953595,0.189332984765947
1,0.520397833879891,0.0639593330705448
1,0.946957178073366,0.395178994141001
2,0.7776752551965,0.349841535887084
1,0.887501115972991,0.209312457724552
0,0.660230402145426,0.957345875550109
2,0.0992560752803445,0.596051141639569
2,0.104734974873472,0.681913086196552
2,0.261978352967122,0.450570323273934
2,0.610781569517962,0.938038532618259
1,0.361892419217823,0.649561896001312
1,0.501124932255612,0.0640259078095975
1,0.302668600231578,0.0332584356991029
1,0.602580871020809,0.602116567002447
0,0.549626700233398,0.358658372261365
1,0.401886528259104,0.0559751391452614
2,0.406207721010744,0.920807954583028
1,0.236986443247649,0.0223899389524127
0,0.795192280826173,0.507547761158637
2,0.5754739361283,0.357882144627932
1,0.727430594785682,0.135756521609733
2,0.0888370872646716,0.72396544539186
2,0.236843350316007,0.451538065670157
2,0.508467996522004,0.929220115361299
1,0.293677932520609,0.653421873019975
2,0.176475899859568,0.816602466559324
2,0.0908066281159525,0.5755849886005
1,0.809256130909074,0.161996271944177
1,0.91534251534433,0.331699925791959
2,0.171977379093218,0.802586897987572
2,0.0981331860626017,0.765944947218167
2,0.0843725231278092,0.724278375106507
2,0.135335796641964,0.547480030650659
1,0.911400356863264,0.399464053567225
2,0.100513892075904,0.787441643640537
0,0.431682165981418,0.024306443380188
1,0.894360293526491,0.353701525615475
2,0.390440427709209,0.407350741687682
0,0.307291426578508,0.442953756229111
2,0.212348900899632,0.850013849497662
0,0.816052998961093,0.202338531652966
1,0.855993450589145,0.442433344161026
0,0.325840855507207,0.441161764634885
1,0.543044478560752,0.0503030384111382
2,0.517273150674573,0.931487849480174
2,0.146728622167702,0.543619586242207
2,0.532909159078079,0.953583684747445
2,0.0690344094072894,0.68089296833634
1,0.644077273502798,0.587379525470259
1,0.270815514968481,0.648420425663445
0,0.579011783498368,0.0894842484857497
1,0.600430412286357,0.615454802249715
1,0.849878706672316,0.178721334034229
2,0.319172772096491,0.877541671140286
2,0.493101012105509,0.944223221679808
2,0.19419456764255,0.455147093519033
2,0.23057395777011,0.818673328493308
2,0.659198996280655,0.327713180280853
1,0.914535564460384,0.329563584637538
2,0.218817916420645,0.81518808257767
2,0.0572006555544399,0.615316641030749
2,0.105510258731572,0.708256304506618
1,0.674847000474888,0.0851674275744725
1,0.533340801955897,0.627887104160048
1,0.797415021238506,0.157389036932713
0,0.191616458731858,0.841582000716232
1,0.525727911642172,0.61748066159816
1,0.944244657787014,0.400048231408475
2,0.123906057114113,0.76499274301751
2,0.10596568045414,0.556825606776685
1,0.234783350437726,0.660907282751878
2,0.446125315501351,0.367978069095599
2,0.489256469684556,0.937100101805009
2,0.633339467542837,0.354305327583423
2,0.365125352245892,0.43187032933174
1,0.840854528674462,0.174421982696475
1,0.418565218551673,0.650477429281962
2,0.34254712974994,0.429869911265208
1,0.627563187838403,0.0833278402264022
2,0.157159338309611,0.784374822459577
1,0.87423092658578,0.47610885332661
2,0.533386205211376,0.936616574761359
1,0.807025442805699,0.525885767440062
1,0.907067180225446,0.404470283650322
0,0.960702818391496,0.362885562295757
1,0.917447527525014,0.249766933399368
2,0.0514115381758197,0.624428399156874
1,0.950560536065149,0.384728124568072
2,0.312227994731083,0.86793691177381
2,0.0671915970831602,0.582295636845534
1,0.554964714416921,0.0567249148572242
2,0.125859192748796,0.79177974452226
2,0.100065809245368,0.709970017559517
0,0.673225679811472,0.0767602359273468
1,0.930203713920075,0.246375375862206
1,0.932493025392768,0.428913466653309
1,0.772186444587575,0.524034511748573
2,0.179640627267931,0.835086527567797
2,0.252178487637111,0.868663350907298
1,0.643518541154335,0.116658095430935
1,0.321275743651404,0.648421584773163
1,0.882811703792743,0.384715103401429
0,0.316278994063312,0.638083376098539
2,0.143255341113924,0.542158926143216
2,0.0479809138064497,0.688611729925279
1,0.777903316982376,0.549814421451397
1,0.788138927744753,0.157877524910445
2,0.356066986495938,0.40276013407054
1,0.807113140673662,0.486782675245435
1,0.750563927127346,0.541590207263263
2,0.481759778394917,0.931088281918991
0,0.799770621976103,0.514676241328205
2,0.127125027917816,0.785675613783206
1,0.93691508580252,0.348229722214211
0,0.42955501985557,0.0270417653736054
1,0.485404820054701,0.615858516920497
1,0.330247639047421,0.658023844594544
2,0.320412606974691,0.884083356859368
2,0.430831852091134,0.367351484063876
1,0.945224283796225,0.263225884064617
0,0.112831000176344,0.497462448674089
0,0.0416187475071344,0.724927242904855
1,0.795891404572062,0.158953132827124
2,0.145533978876727,0.801878959780977
2,0.702661995202247,0.339674504281047
2,0.536266162186751,0.388401134193317
1,0.636531284368386,0.602320574627507
1,0.269983889940379,0.640152347572838
0,0.619392860003286,0.966709207734916
1,0.606432773677301,0.612092229059252
1,0.860850657377964,0.210778440745365
2,0.197408253903532,0.469775124317841
2,0.0828911597330515,0.592118656042899
2,0.465977634383898,0.934128572824977
2,0.610917248534842,0.948280601712492
1,0.681702945156581,0.112262941221605
2,0.266122516292354,0.442357571336486
1,0.8865908737251,0.390271693611747
2,0.0504515751434872,0.613421958307934
1,0.238393683000661,0.657496854170301
1,0.755266325297206,0.562615529549481
0,0.965181326364871,0.368759752364567
2,0.583799518431963,0.950847279894588
1,0.675788577998348,0.10717141745668
2,0.113717090246724,0.575830806890209
2,0.113425277089897,0.731756452258852
1,0.594319552160876,0.0746501025895108
2,0.0486290736294555,0.620700142095061
1,0.289014675527658,0.650638588371341
1,0.762807221537807,0.538246435031754
1,0.328523614392798,0.660044696449207
2,0.171290317345768,0.482331305146283
1,0.467949000184512,0.632427368409847
1,0.716486340740753,0.150195554029676
2,0.178042826747121,0.497117451867456
1,0.772086555180683,0.526558445656523
2,0.0939971894699705,0.710845450837891
1,0.544055319856618,0.620971502431876
1,0.922272573143785,0.30140352469912
2,0.696468417837393,0.973958556102192
1,0.355266241613646,0.647622947619687
0,0.373359994712671,0.63699287608726
1,0.511064272024213,0.0459618418180217
2,0.45928125222823,0.933778048170248
2,0.116936721669029,0.520155029977892
2,0.14706318155427,0.491523106911316
2,0.212794252162887,0.837334019296444
2,0.128999725967557,0.805646682710364
0,0.132392829303672,0.566225261002779
1,0.809681585593157,0.172015844331748
1,0.371859346995765,0.0312777365969721
1,0.286475594708717,0.0369764879505976
1,0.775889131931988,0.147864276128234
0,0.965221101979367,0.338496419288614
2,0.292586114945296,0.882894932232003
2,0.48226605308767,0.365920718933829
2,0.37504955628131,0.887009083184393
0,0.16817355692574,0.771514475543532
1,0.445321506610514,0.0465690235400974
2,0.0903125309310449,0.711441681957658
2,0.479564328717876,0.944133140743043
1,0.830256777697983,0.514005252232531
2,0.161782625962975,0.516189735692808
0,0.626985296874907,0.0730443644093199
2,0.546620924689178,0.363624713606344
1,0.817867152735008,0.508038423611479
2,0.39952358758211,0.397186476282882
2,0.0993242506748543,0.52905789840295
2,0.479900607649427,0.941138494161017
1,0.922809885027379,0.276667841650178
1,0.846369259238499,0.163597198046728
1,0.636772222778948,0.083870947189163
1,0.373503045171695,0.657527040873684
2,0.460927277529905,0.92093178721291
2,0.0623482878481592,0.604954022283213
1,0.599957221860438,0.606915036947684
0,0.868101031428788,0.29109860590118
1,0.231310959132106,0.663225399708826
1,0.911039069246502,0.431290301407016
1,0.784937250652501,0.158972173274916
2,0.485381140221581,0.947372757500685
1,0.929424041684652,0.397860714533279
1,0.375053725421612,0.0568969754789822
2,0.597635836029058,0.352638425962239
1,0.76627677736951,0.157067373830242
0,0.822906963739784,0.159950311691379
0,0.673359697144782,0.123288055603971
0,0.442597405506088,0.64514241136366
2,0.258779004223693,0.453655738581228
2,0.0897010724756807,0.73072449585921
2,0.585854203219513,0.950701067673954
1,0.895866154169343,0.274369944732443
1,0.902824023068008,0.266717839381539
1,0.798161983337946,0.144064482719552
0,0.497355244747866,0.353759628240874
2,0.181374728720025,0.815170498504032
0,0.779883834608958,0.17444612212851
1,0.521934200262737,0.615616435169257
1,0.659093984417769,0.582042274890807
0,0.635281184329679,0.364656778626693
2,0.381830381072556,0.891942991403134
1,0.908745289934604,0.325783597912142
1,0.717097446269479,0.130502901401552
2,0.632360222118459,0.355356077016257
2,0.0840015331551707,0.579113121915786
2,0.0794267744019469,0.695786550259974
1,0.406767711085868,0.652509634380079
2,0.50907931954503,0.938909279452877
1,0.886833906204185,0.457186906633107
2,0.098985723679567,0.650092683176481
1,0.405524366570989,0.054933896971042
2,0.377479991392136,0.893464718444652
1,0.556068231462127,0.619309934571908
1,0.910352117958311,0.219418537395028
0,0.796096557604105,0.164068072983016
2,0.603983445094465,0.957077635970626
0,0.431601537086146,0.0359700198422292
2,0.210290929330851,0.855400530090867
2,0.399056020951074,0.395354350602608
0,0.713080394661185,0.954465303121505
2,0.102492276273494,0.739404005865014
1,0.556908230867354,0.0672983469565132
1,0.447458267634661,0.0568712379551232
1,0.746405430815872,0.553214344340047
2,0.306041954934221,0.40357690582105
1,0.506882777572591,0.614858246557617
0,0.263164698966124,0.0448212422123788
1,0.831619758471149,0.172356969998522
2,0.710213382441971,0.347417701837859
2,0.120318979533931,0.782188826849553
0,0.0376631444416134,0.614587752489019
2,0.194254444489461,0.802026150925795
0,0.763023668413564,0.565370200390209
2,0.556285711641497,0.949921456522488
2,0.431972195807751,0.376348263189299
1,0.891493608291719,0.4043434128221
0,0.526647154859316,0.353059619004217
2,0.0564671809343925,0.602092225332109
0,0.79847304209091,0.508641201806433
2,0.575813120197676,0.948738214274128
0,0.769881090162626,0.954375359685953
2,0.268270465650804,0.460641473381559
1,0.656471955601373,0.109592881716469
2,0.0684220007009736,0.682909451269814
2,0.674494317213619,0.336690308442918
0,0.67856687519404,0.978817474008523
2,0.341374878438452,0.894188323277974
0,0.593609609894619,0.374733449083863
1,0.935545454451977,0.317668158125527
2,0.468447183004652,0.955300009981398
1,0.668530449019233,0.598550269401698
0,0.243752376646968,0.0414691701109437
0,0.615259991764906,0.967644484501931
2,0.667186704294618,0.326604263802667
2,0.126799959434231,0.544338337983325
1,0.939325171894293,0.302671445777269
2,0.113080600426836,0.539025687932548
1,0.358069559820914,0.0397843364637361
1,0.715189235354888,0.129252979795468
1,0.217396977914842,0.648762081702374
2,0.19561750108971,0.473643179261795
1,0.797252019610691,0.540385770863153
2,0.0776079736976031,0.716358872776067
2,0.125554741699103,0.792469188552022
1,0.752268087478981,0.13674128080622
2,0.0966345442277086,0.73986795507003
2,0.235166289474326,0.856775717998862
1,0.588242709961962,0.610940572479358
2,0.0691069883856853,0.694640385642493
0,0.43290443904622,0.914411429031001
2,0.493013457546413,0.94313417456557
2,0.337906441422314,0.889539316026792
2,0.109402681125759,0.638044044881378
0,0.398828385968429,0.634523779079904
0,0.567875239230356,0.36538844866423
0,0.598753456603329,0.360973937238722
1,0.841243390309875,0.188211440912658
2,0.765397673581742,0.352403704451871
2,0.360222415298619,0.903510481226512
2,0.581930989830683,0.958872013468633
1,0.721523643941562,0.145536087868154
1,0.90018492491938,0.227899061826029
0,0.230529045100889,0.436033404727734
2,0.18954264808077,0.488142969012039
1,0.877201441932277,0.44257918407029
2,0.351353290069406,0.407531608316574
1,0.778895300554228,0.52953732349981
1,0.930581957972233,0.399889673871177
0,0.131976915806679,0.600648056154048
1,0.285654523456646,0.642677216610349
1,0.268388221014231,0.022654574733381
1,0.775677744618141,0.150015718244002
2,0.127565897647269,0.779206886085651
2,0.0792045148122633,0.671295062781252
2,0.0553614262120466,0.608485790002379
2,0.734858551140651,0.344056175673609
2,0.307967685431481,0.904033050592259
2,0.392852819696091,0.916901235294287
1,0.901640486786138,0.259437304649073
0,0.835907124327178,0.401619865139731
2,0.522685139040763,0.923070839188888
1,0.774100132278494,0.524098374301172
1,0.464617742415863,0.0602943370282258
2,0.384716396880308,0.887856738030119
2,0.267339819155145,0.879641647241942
2,0.2030864166427,0.833089355540117
2,0.446355236860385,0.375653882562075
2,0.536083082130264,0.372608521677826
1,0.385706407876057,0.0325034189906207
1,0.871504776160552,0.226046791664002
2,0.133169408782635,0.77204369766428
1,0.894181444000461,0.265743943038737
1,0.417083545292082,0.643804488658387
1,0.53191484325813,0.627675419108455
2,0.451327796626296,0.376965373996246
1,0.516516713411048,0.0403463328942187
1,0.742907609080575,0.141924270508525
2,0.319587175696529,0.431257898311934
1,0.404602258190919,0.047515077256365
2,0.352833416197222,0.400555349142551
2,0.103872803980474,0.765022285623748
1,0.908682727258168,0.271499397583942
1,0.499571555064496,0.612035994741539
2,0.272901188110233,0.453441375718679
2,0.112907621032886,0.745499493390002
1,0.239408244271254,0.654007153588956
1,0.266783904839077,0.644892543648557
2,0.162031738781787,0.806082094119772
1,0.582788623438592,0.0734085097419058
2,0.38666652461855,0.891492252618372
0,0.639540706622221,0.962227465651466
2,0.513561011420836,0.953115619129987
1,0.42281738342057,0.640013093641288
0,0.552865899710079,0.351650643776812
0,0.492128795769917,0.642979585609179
0,0.356720272672019,0.396466806743531
1,0.556558171623706,0.0564943173614128
1,0.869441088946528,0.444420889824708
1,0.423525001710045,0.0484011798690281
2,0.0599301384522831,0.602147646248828
2,0.505914467517099,0.947263390924929
2,0.0997588906788124,0.71985454400334
2,0.0845951750806915,0.740837796372218
2,0.141257785725876,0.516682308827615
0,0.358012697690815,0.382573035850036
1,0.908798740375283,0.242751972606671
1,0.682102543627073,0.100371480577422
2,0.574731392230982,0.34850973516017
2,0.0681838989854907,0.59258626668069
2,0.551629573122102,0.925620971281764
1,0.794766656336658,0.531856415040792
1,0.413878088586909,0.624814683943667
2,0.30462513122355,0.887738584235507
2,0.0940872235133701,0.73236684663512
0,0.986559691847897,0.334025331894425
2,0.194262010538188,0.811545592847761
2,0.508453152425612,0.941543275262012
1,0.815523012714432,0.506920080673803
2,0.07362158454402,0.648710452725195
1,0.828657599860936,0.52056144157134
1,0.2677191281641,0.657985978838717
0,0.451258658262247,0.917887472726647
2,0.100601048294565,0.587167214509989
1,0.788197800673546,0.145428236866159
1,0.677097590842716,0.111072810012462
1,0.421703278442498,0.640957134853805
2,0.605843993775995,0.348625041598028
1,0.803282118229331,0.177418669808671
1,0.895062626583413,0.228729896586471
1,0.474511938035099,0.638953584783974
1,0.89443312541433,0.444081610674726
2,0.462461833415624,0.386354594936734
2,0.454817806224449,0.395516275213237
2,0.076395841375053,0.690463117822402
1,0.725771205750762,0.137759910996342
1,0.918579892536834,0.402453377168432
1,0.873600660608382,0.487714480448046
1,0.347561711623008,0.647024262648857
1,0.542195959711932,0.058556152577977
1,0.689563145201237,0.111309759695268
2,0.292775354762249,0.419153848443888
1,0.761113667168482,0.523533833430989
0,0.539397804953037,0.0365812757327177
2,0.132559163780678,0.821203110683937
0,0.166185447034145,0.54141491934621
1,0.722698114719213,0.12920583665663
2,0.0618250342177325,0.687628328065198
1,0.901031158961844,0.218480993592571
2,0.158380506483007,0.529476721484736
1,0.54569243732926,0.621384165808804
2,0.0722886877441119,0.626531391625395
1,0.445924338792368,0.0519755058877026
2,0.0493919654807068,0.68902284845024
2,0.225246114185568,0.81033037318801
1,0.917639313896718,0.294812346623198
2,0.512932685652664,0.375241989145393
2,0.076810488230647,0.695385241122679
1,0.944428066690875,0.268456060199739
1,0.469064846815552,0.621597785248168
1,0.940057110897593,0.261626078946103
1,0.785621666890259,0.533569459738153
1,0.863089741088055,0.185967374754547
2,0.49737646467358,0.942555140010888
0,0.82381951460341,0.323490740393466
2,0.209771409172655,0.822125316235688
0,0.42205749904338,0.0396932224341092
2,0.681205946654525,0.356942869143042
0,0.544224944480101,0.35028131594568
2,0.487910825878429,0.383211759982467
1,0.933272179771164,0.345304859645524
2,0.746885686416375,0.33436414095297
1,0.879671933560865,0.223080021109574
1,0.357195818943175,0.0287484099325291
2,0.510519425423605,0.37604607928535
2,0.686305251899786,0.963582527429789
2,0.245850855387564,0.850740656263457
1,0.31124525281235,0.641377256931296
0,0.790921309306877,0.163233734602628
1,0.650861665509421,0.0966706212112885
0,0.762481525520146,0.959593780059879
1,0.734755030942911,0.123691149856735
0,0.678589346290843,0.956992522220978
1,0.914627337251946,0.266458455008738
1,0.764924264595223,0.127285597109759
1,0.585369606350726,0.625949352064472
0,0.401515796261917,0.0361621749329422
2,0.782589530438781,0.347487431188792
1,0.302438702173561,0.0382145842927367
2,0.637312483927855,0.355846079595876
1,0.91532318883745,0.415535662976353
2,0.634311484657795,0.345911992155897
2,0.113662271850996,0.713192850292075
2,0.0960479853361584,0.57087688701976
2,0.376859646527036,0.404823370187483
1,0.21885244373583,0.0224077433226775
1,0.775132971270629,0.142189940433034
1,0.853956547880288,0.217542738856674
1,0.732710023208524,0.57018945464729
1,0.692205517105333,0.0990331629561118
1,0.527659296340685,0.0493962850830798
2,0.716994376732733,0.343144720130014
0,0.496977699440082,0.358533008540664
2,0.552152831450578,0.386337170355106
2,0.505038219930187,0.373318637708901
2,0.0974482216116,0.585297754747101
2,0.534477568267488,0.920868116038408
2,0.331357607008311,0.890372336575907
2,0.0819524285443559,0.754786097243021
2,0.119995874420624,0.553618748988471
0,0.442064725089395,0.649203103948834
2,0.196960190915522,0.458116664844995
2,0.733929217241072,0.967278639054859
1,0.816688413548403,0.18103405891863
2,0.497431609914637,0.947507874970117
0,0.136629657108257,0.567197844541251
1,0.899070841454733,0.378350028157767
2,0.0644089782210302,0.706703711315249
2,0.405265846592759,0.38091290948112
1,0.641624364084843,0.0986812198254637
1,0.559714680495323,0.623659791013806
2,0.463772265439368,0.368904131336117
1,0.578818723244255,0.0779715394168387
2,0.527235525073443,0.946543512046891
1,0.913557705084946,0.392034195029488
2,0.126330031145064,0.547033517058536
0,0.168684710303631,0.735029421005932
2,0.233960284196246,0.47701367401638
0,0.104565124842951,0.824301041607447
2,0.510799475377468,0.928204434193011
1,0.722735091461494,0.555049218483512
1,0.767243901492745,0.143039739338723
2,0.123716486392303,0.803094053478911
1,0.931585932128783,0.430781575834907
1,0.430950831719929,0.0650164873414806
1,0.258292778422323,0.0173325916688128
1,0.782546573672044,0.530306436203737
2,0.136786781577693,0.508910928757828
1,0.525900035534007,0.609774648004156
2,0.42062800373369,0.366086568358602
0,0.642607041995535,0.966061205100343
2,0.579544320507221,0.926943215244182
0,0.884909760842729,0.483571591419563
1,0.785650723750737,0.559548092599993
1,0.469407658518565,0.0558018659390187
0,0.806011705187656,0.156693427321087
1,0.801986265181812,0.520643904015502
2,0.195182523131747,0.511857201559465
1,0.776790685281162,0.137916447045465
2,0.0545302138155317,0.681058849513246
1,0.934575791886702,0.349943405377387
0,0.945312514347209,0.458690949382713
2,0.392240825349336,0.403099454602385
0,0.801783392264174,0.153262708959176
2,0.66992310355801,0.343119343751507
0,0.77197383552175,0.361817767142848
2,0.253010464943731,0.869024489905209
2,0.342321233731319,0.402556510118765
2,0.277994772018691,0.86625140162364
2,0.0908819395745736,0.639029998120872
2,0.0805774068649298,0.567393902219188
0,0.796092278535966,0.161330527811947
1,0.944859072232776,0.380751045805156
0,0.601875490794797,0.0719464496550271
1,0.833747693314591,0.499929909542794
1,0.727406669885823,0.128227889418556
1,0.535592839196278,0.626691201452141
1,0.523314368100536,0.0742144352214271
2,0.0722544814304575,0.675413327634633
0,0.602459583927855,0.592138884020995
2,0.0909880361652329,0.683463773582429
1,0.502541749378527,0.0536433674998255
2,0.492962203577131,0.923512312888367
2,0.345818473632519,0.903152216235132
1,0.9189293125832,0.385359275632329
1,0.855563930425451,0.498459286234152
2,0.110917740519381,0.551042783385088
1,0.408991965057836,0.045108060422181
1,0.779504788337225,0.539694132991468
0,0.632797025249556,0.97284726810997
2,0.49364100404292,0.930404354183951
1,0.510809357484178,0.0533489647676498
0,0.47591013544923,0.036955461524436
2,0.0590079416577639,0.620741798926919
2,0.47493453096505,0.378479434736697
1,0.504273998492727,0.625241719845771
1,0.93132264052043,0.361171489813566
0,0.683067676844059,0.953327263560163
2,0.667297403901072,0.353378643938025
2,0.117124344501128,0.763766542297106
1,0.887295973081537,0.382396532550809
1,0.822731603330664,0.176058796853388
2,0.0882734272453832,0.749332362705073
2,0.402036606015077,0.921977329448215
1,0.914000992323475,0.266655700464325
1,0.323927542587788,0.0303507558748571
1,0.897262664279275,0.228270832839607
0,0.971648075310965,0.320210485802822
2,0.137728495738171,0.761264120612783
2,0.151508938767222,0.791962493980582
0,0.795206531763352,0.569009884822113
1,0.90331305109569,0.439696844622795
1,0.735201393859282,0.570305521708685
1,0.81986873640579,0.193195026704606
2,0.0913437811231386,0.660987160966806
1,0.866814751464231,0.480244753922481
1,0.316510416964959,0.646089286146543
2,0.303012594286489,0.41723795336681
0,0.652870869110089,0.605479074329334
1,0.562537027325093,0.621695913587667
1,0.80737870016699,0.508505148321483
2,0.687088516720507,0.964271593961969
1,0.903539899047323,0.395171734705473
2,0.0542750284203181,0.660395955576283
2,0.428576329232115,0.925593985572704
2,0.109531690027473,0.710063209599761
1,0.703800388895537,0.572880471534676
2,0.0822866546699732,0.575525595224334
1,0.354265559500602,0.658682505140338
1,0.628711972776097,0.0919616118627034
0,0.282227340521793,0.451430967728255
1,0.934327089839432,0.259583779417317
1,0.49749737789729,0.0748594075308981
1,0.315750356297037,0.643406033313008
1,0.92938051971643,0.411932416255567
1,0.888555209189938,0.444724826903273
2,0.309642071346091,0.887374431036831
1,0.63211248220666,0.603101476366314
0,0.976323891946691,0.349412949752377
2,0.638166125619138,0.336957408832389
1,0.471514985553902,0.0530517202708334
1,0.665136830145192,0.0967219639294852
2,0.127898054132056,0.539514284525348
0,0.341428645494304,0.0531329374105497
2,0.320782761524682,0.906345912990096
2,0.383240895333495,0.396004910274613
0,0.966721436952016,0.320694754393211
2,0.482613932656113,0.380350003080416
1,0.266182750227124,0.647867182345908
0,0.418535570491142,0.916572010175335
2,0.709529880908843,0.3373870899384
2,0.442127409015183,0.373921377458124
2,0.0601567033116082,0.652621726257437
1,0.46466882697429,0.0505509428705316
1,0.650587680268602,0.106237247562887
0,0.330467956002804,0.0401109776493018
1,0.486124070563445,0.0562373206380023
2,0.396805934408686,0.396108582070576
0,0.270209840488716,0.422443443801801
2,0.172660744400089,0.822148953505962
2,0.181302139796212,0.47630334456902
1,0.900609482770131,0.222241627204168
1,0.572764170115571,0.058752011513126
1,0.857181904339302,0.226559926661212
1,0.388756011426052,0.648706732424925
2,0.169571337437943,0.496790709017878
0,0.778672391467326,0.178528261584615
1,0.881979460273978,0.472045380717187
1,0.917073527533739,0.350520731887011
1,0.491203833269249,0.0538296394563071
2,0.555668458129016,0.937949391398807
1,0.920985627767291,0.284135057990879
0,0.967736863076735,0.346656313660216
2,0.256130254120465,0.86984376403237
1,0.556746104179951,0.0681104294451793
1,0.941124242404488,0.413830895619025
1,0.717806112879816,0.137715533575459
0,0.640627492275194,0.360674592755623
2,0.219873880980989,0.462230069413239
2,0.292653332140244,0.416698910959183
2,0.547667389452865,0.950875306423736
1,0.340083723283577,0.67282200179715
0,0.214521379937512,0.480933564753478
2,0.683954772580839,0.33467859046872
0,0.766912660835093,0.567017544061077
0,0.63628755867936,0.596401988885769
1,0.291959711510826,0.648359137033965
1,0.418541504866487,0.0473570991438965
2,0.0516624779071648,0.613177440275384
2,0.0801223112574765,0.582565469292028
2,0.39634315916235,0.905450493126833
1,0.949038128869117,0.357803809854947
2,0.0981047507585334,0.741479481796818
1,0.559255536119143,0.0764187127467872
2,0.36795489971811,0.410665910553785
2,0.20096119192855,0.806125853549263
0,0.835842736596602,0.156560612073994
2,0.418834045729911,0.392398468450262
1,0.640336341208853,0.585500231326103
0,0.274842703969644,0.426868860174932
2,0.791256436139626,0.961621356423071
1,0.807018664777742,0.55060784451801
2,0.342696204101067,0.90159815108481
2,0.132788520865992,0.771617239096787
2,0.7265592692875,0.991666731124371
2,0.196861738536977,0.511335178471877
0,0.571767810513502,0.962600306893408
1,0.597606612462292,0.600777714167365
2,0.097147163720073,0.582315603499605
0,0.598213201744832,0.365233862872632
1,0.620056827706762,0.610651975789645
2,0.355937582448317,0.410460671260335
0,0.784306716654365,0.173263923593582
2,0.137957628978179,0.541088060667564
1,0.606750559964828,0.0801092730572407
2,0.559724959492764,0.941724777218629
1,0.609128624474483,0.614370047827675
1,0.813649103586148,0.169971914469255
1,0.914874572053343,0.276451208974254
2,0.170165512376089,0.800097215132141
1,0.59849821615748,0.0712215669392405
1,0.601264302233503,0.0829568150965465
1,0.412282815877602,0.633764219148079
2,0.756393723234368,0.960690411541042
1,0.678443643532547,0.0945508972291864
1,0.947757335330015,0.402486066181327
2,0.735530420266137,0.352680303263268
0,0.0134151376957563,0.645655471345869
2,0.0923559014096074,0.593305605024411
0,0.865297479731879,0.412141337297572
1,0.548817433602093,0.623030701133869
1,0.909902453677013,0.433971471052622
2,0.0905378676901982,0.649423752519457
2,0.524969620519339,0.947655805601553
1,0.337224398485094,0.0336962550604536
1,0.951309849301045,0.397189212692953
0,0.44561972008834,0.0375372991126551
2,0.0944699269335234,0.60335576967358
2,0.455445134633798,0.933481511763944
2,0.316033275728854,0.426948841305324
1,0.499870736346838,0.0602067661281346
1,0.467905778917213,0.06635664299825
1,0.887270255711807,0.233503920479107
1,0.80966395312351,0.520636041291965
2,0.148873973220087,0.532531997683301
0,0.12160809851839,0.735201821273803
2,0.067644434308515,0.672016799955595
2,0.0973991568663324,0.529724161448044
1,0.341055967558768,0.0242745264838572
2,0.199255617680405,0.82939968239538
2,0.261276413315784,0.842919804291064
2,0.246496099524699,0.866428427025565
2,0.0842273622873383,0.687491728987777
1,0.66194459798625,0.100277521834763
2,0.492819062049164,0.927521195349756
1,0.34523136310186,0.640345010270683
1,0.265310869143646,0.662502489435045
0,0.271883396883631,0.0502524427787852
1,0.384399174670231,0.647367349872221
2,0.101123416008576,0.571642724215882
2,0.088105265146075,0.611226749368305
1,0.926618548286978,0.400656622552349
2,0.147051884879838,0.494211543107014
1,0.885507906845172,0.255775281192635
1,0.750756060257469,0.540725750319046
0,0.630553581660413,0.961864736394542
2,0.0835276851395685,0.707370048921139
1,0.950832926387145,0.374779266110301
1,0.899060675102876,0.365243136269964
0,0.0727892700094875,0.752145068245972
2,0.307766270707734,0.881384017208403
2,0.271432747531668,0.468302524400929
1,0.679551417081455,0.587655403786168
0,0.610823873792698,0.367054961566731
2,0.216283123588071,0.45872484332456
2,0.0679060577735172,0.593613951947811
2,0.426340625037805,0.384854641339945
2,0.101358456962217,0.571746564287814
1,0.652408919297006,0.109217376870137
2,0.206097564001707,0.860186958909318
1,0.203375630194304,0.0237030280358882
2,0.132094550391889,0.798852126303193
1,0.842221527201038,0.183738457816445
1,0.95622517086776,0.367747586217827
1,0.86132823563003,0.498067985744304
2,0.0900747004549868,0.671144538306066
1,0.918470076361227,0.29814826723308
2,0.155555582439301,0.542862106250142
2,0.109654704920082,0.68715745810847
1,0.267443278021658,0.661214271592885
1,0.826378971985997,0.195988423739354
1,0.604115581534181,0.633321707103277
2,0.290786860881003,0.850250348506563
0,0.628142775427413,0.584685105699215
1,0.646996253843818,0.572617641788134
0,0.375886876853262,0.630546645212186
1,0.83740514859417,0.481315393917548
1,0.681481444218816,0.112976865724388
0,0.972108325766619,0.345604803321128
1,0.914901317409114,0.440870425489738
1,0.856914038243967,0.467153437495397
1,0.885509369075398,0.204479636125345
1,0.241422026867127,0.0352319180556776
0,0.579685000697598,0.0840936438485583
1,0.503485982349889,0.622014823633499
1,0.871622323848837,0.479166161407698
1,0.758522370148995,0.145629170038598
2,0.166132609322399,0.519411178323654
2,0.739178083491381,0.347964271974911
1,0.868629467940814,0.479890920017481
2,0.129628165008219,0.557662629454593
2,0.224311057970539,0.440758952542678
0,0.311048336247488,0.3870269641515
1,0.225788703095559,0.0399263261361179
1,0.626986452169975,0.0922680557894841
1,0.860811640469819,0.207164308079309
1,0.944606251025161,0.341227640203749
2,0.723478039375737,0.324689716917315
2,0.366766204480619,0.894882507437874
2,0.443765794865897,0.923993206196974
1,0.268685901624471,0.665516577267778
1,0.911189024629162,0.479732813602123
2,0.097273413743005,0.640466802129357
2,0.501294431996846,0.921606988264311
1,0.595981439136261,0.0729053099980034
2,0.608530827902247,0.351579455303832
1,0.755011659456777,0.131439696421704
1,0.878914472804133,0.200578314594068
1,0.811905288732764,0.162220722181024
1,0.934077259245526,0.374158809971378
1,0.719762264822137,0.570246704032048
1,0.908943403402653,0.265140021456069
2,0.310848720950532,0.90466653429767
1,0.745643425752965,0.132829566211851
0,0.265436951581489,0.0426191064963492
2,0.12178475514132,0.781200770019483
1,0.827551378971698,0.180893748785678
1,0.820898791683679,0.537645066314291
2,0.697984184576181,0.354691759498881
0,0.61889121198726,0.967214265018776
1,0.474163541146368,0.629895539738493
1,0.335850640627071,0.660699249262068
0,0.585813260537038,0.968663035517042
2,0.202994448559207,0.824460589354401
1,0.69073439882178,0.106209510085435
1,0.934852151430689,0.275397558435173
2,0.100222429820433,0.600081205465687
1,0.68442481145039,0.128835145608496
2,0.393113577789904,0.397132826832491
1,0.880120257483756,0.241210497180509
2,0.120584653966011,0.536460630322362
2,0.0910848383479951,0.718915942978128
0,0.0343522705986266,0.669086869637922
2,0.494049759396283,0.368539567634685
1,0.929341952540702,0.383914333719558
1,0.401348592813405,0.628214332932557
1,0.512876729554439,0.0684999139934991
2,0.144220172798734,0.783965030479553
1,0.573958923124462,0.0733438671069946
2,0.346140503423691,0.419776079042082
2,0.231760131297096,0.852599023654606
2,0.179303334252718,0.481252489960125
1,0.278858802450403,0.0255877749655292
1,0.896016205412557,0.388290402742806
0,0.691706488380264,0.556860326709134
0,0.815285746389464,0.148927291654714
0,0.78243999452785,0.119571305064622
1,0.506997960128989,0.0422202244688746
2,0.604288430932086,0.35527738209013
0,0.28126987439283,0.0420882495041793
1,0.318576340455856,0.644311520484069
1,0.896938893840053,0.212612568405028
1,0.840997582302907,0.181174418451813
1,0.864142401195637,0.203830743991424
0,0.219833405542096,0.491580962936439
2,0.0835006293262852,0.66796917707836
1,0.783081459495655,0.139694911786327
1,0.808891908924206,0.516568156267803
0,0.0662885316827774,0.724753095057173
1,0.904685136532359,0.386726622019882
1,0.910316024783914,0.397325283747324
2,0.550070498691211,0.366905128732868
0,0.707614620055663,0.947292842856085
2,0.398461780225325,0.397947595386753
2,0.146870453922043,0.548712018693104
0,0.140316042927437,0.695969817131113
1,0.923920062430693,0.431743124704741
2,0.246079894448259,0.8708381191404
1,0.506912595496632,0.619078614569892
2,0.649517713324046,0.342624339554641
1,0.868648895004336,0.464399744431823
1,0.376179426446946,0.031759695926362
2,0.241150411060233,0.868179755813354
1,0.494780765679456,0.0580877601904048
1,0.594343266276269,0.0704354365476935
1,0.702119412875447,0.124753447269466
2,0.381930495550501,0.405118103427737
2,0.639474383974489,0.347048809243099
1,0.336548663910861,0.0315914068189414
1,0.686382998247053,0.57580326316765
2,0.792411238141096,0.355761845016824
2,0.411318767182921,0.393656799138469
2,0.0961708000342362,0.71646801344073
0,0.206779297246188,0.497425026300949
1,0.880153987200316,0.257190361668801
0,0.605524685053171,0.0650165687738611
2,0.131455951841516,0.787406514143668
2,0.383045795276907,0.390428433978389
1,0.714380393222893,0.134678968703651
2,0.407105831091821,0.92198611753637
2,0.571944411143948,0.359033190817592
0,0.92527707720171,0.491864667691215
1,0.362369822065651,0.0381408209315013
2,0.502923604598713,0.367125793244877
1,0.418016624581009,0.0433932153326107
2,0.468755143235851,0.952622464011498
1,0.911477181761871,0.257733541820867
2,0.069053932797622,0.617811660492914
1,0.9166643491524,0.294466860723418
2,0.167479665395848,0.469062430139817
1,0.30447881564564,0.0357868328383077
1,0.397930957374026,0.0469483708481504
0,0.832542048228207,0.208147632304214
0,0.788995939731872,0.167078284517895
1,0.736303938500429,0.595977328471466
2,0.0880167375893685,0.75086598023019
1,0.617614357010085,0.605340070095311
2,0.723623181414333,0.356525890418229
1,0.375353738581037,0.64474938637485
1,0.364095486447575,0.656245282389336
0,0.227782264745493,0.437336191460987
2,0.0782546153756017,0.58663067152641
2,0.10631404715105,0.65635393092875
0,0.137954515487808,0.56273517058927
1,0.812619326194311,0.513521735707026
2,0.150132176589989,0.787938589445232
1,0.912750310254219,0.246250719352071
1,0.934086030937722,0.373459362127781
2,0.293850365056305,0.86898332078752
1,0.929105772665586,0.30897661678432
2,0.147749604114993,0.763494222077259
2,0.139669807516693,0.554211540781653
1,0.244540663520076,0.0286155027399859
0,0.832901453230657,0.21713513499506
0,0.733932421174808,0.104115222257266
0,0.112427953052446,0.807226586290662
2,0.788094921946891,0.337074144731435
1,0.55063111148305,0.613470142078796
2,0.24788969482622,0.45217272772024
1,0.829273868767137,0.497745818631799
1,0.347305199790301,0.64205920923227
1,0.728137629208015,0.57688289494426
2,0.0928668713992007,0.72549389995294
1,0.926684273570398,0.40213465386149
2,0.400135925589159,0.366735369403636
2,0.160951442470201,0.823014341154494
1,0.928435812796614,0.288951190561457
0,0.522662928527068,0.641491740851349
1,0.716756196040104,0.143053749379076
1,0.938718722144293,0.322923616734191
0,0.0341515657041321,0.658838899270076
1,0.483463761019854,0.630918938150797
2,0.158956724609511,0.799658868733041
0,0.580662315006851,0.961858747730316
0,0.932598211147013,0.234196212519973
0,0.799846480021669,0.519391461784448
1,0.588676808060931,0.0588245676698939
1,0.645003950998651,0.097876942613853
2,0.382065708093751,0.91134323214984
1,0.461998535122997,0.049202568671779
0,0.402656109876695,0.902242100049558
2,0.140727899008749,0.825735488580169
1,0.455574257124733,0.0429368931414923
1,0.844162119261311,0.198342518777096
1,0.267494415909361,0.0179818382120633
2,0.0543888064284596,0.650990584203005
2,0.203412271305733,0.825888824681027
2,0.648137541829888,0.344268153093845
2,0.226214463493871,0.444459449872946
2,0.237485854782272,0.847582484076958
1,0.707519388952324,0.125809088537891
1,0.416340357037499,0.0569439698593036
1,0.898107868817679,0.25251207745533
1,0.637244172309109,0.0898598770483007
1,0.934092091676424,0.358131056310932
2,0.288044467721769,0.437453574296299
1,0.940851460292863,0.415170087444074
1,0.562219405889406,0.615346446576512
1,0.814112100972282,0.514218131127832
2,0.117016866803867,0.71361871782794
1,0.248865129509761,0.662735305762162
1,0.389520271327381,0.046266725682205
2,0.0742890632193871,0.59892138815925
1,0.768412411358323,0.15834328588249
1,0.614909836828097,0.0866398147033979
1,0.940033446918677,0.416147966216535
0,0.433144074808725,0.40548107854985
1,0.748042528629985,0.145194448513654
1,0.724394560825898,0.540755409699148
1,0.898742117530598,0.429002564899154
2,0.744914550165235,0.963864511709558
1,0.79944164433303,0.15390154635443
2,0.321386931635594,0.436607381955284
0,0.432250495243088,0.404281942625377
2,0.206332249111894,0.455969324619873
1,0.333436298356226,0.667661201732045
0,0.375898335154743,0.63800886352112
0,0.674503133818118,0.122138956221922
2,0.333208030799519,0.410243918830739
1,0.506309036822833,0.626301442734781
1,0.427460574572256,0.640445036756191
1,0.886730817491693,0.28640269739307
1,0.905757494351722,0.428256551044346
1,0.896013284910025,0.267188364655015
0,0.24829336507692,0.409744957215136
1,0.807332457938438,0.514067666462863
1,0.714133345395011,0.584464411977773
0,0.606421396189286,0.361910736797888
2,0.0433885431471519,0.608315481955294
0,0.679478089333327,0.967762084443659
1,0.461162130394954,0.0418922120464387
2,0.405446745090005,0.931829092356465
0,0.968814586066481,0.32339124737742
1,0.889480693608833,0.262125364827713
2,0.131367570948615,0.532609635209723
2,0.0892101060116896,0.575482057050961
1,0.446762561634704,0.0445342333494663
0,0.350810509270078,0.445253713195577
1,0.861055545752537,0.215912081902907
0,0.775380190051005,0.563992830582978
2,0.054330169638344,0.693604385902068
2,0.09682936796726,0.662544514005794
0,0.0300454711354514,0.615563283720788
0,0.194088675352099,0.792263200296537
2,0.0950043818994713,0.545975806375503
2,0.32787601159212,0.407757202331481
1,0.863940038403731,0.451949433119772
1,0.772867644822628,0.543036457645836
1,0.815470792167246,0.521525855581418
2,0.759674469942052,0.98349338677314
2,0.619647626630067,0.953725493451724
2,0.710719987357859,0.980040442166394
2,0.282985994518457,0.435475530654251
1,0.939816233170615,0.341265990814535
2,0.755232884376532,0.346721502981137
2,0.34694493567898,0.894534908633086
0,0.923276649909291,0.443806642208588
2,0.191746886197469,0.828442631772843
2,0.159290208639484,0.520910908048345
1,0.666580525105497,0.599206799254135
1,0.250194454817066,0.0201606937281938
1,0.769456893446316,0.541511930889829
2,0.280948959628782,0.437391782876687
2,0.0888871954887896,0.620529925862276
1,0.915794866063872,0.396504225159374
1,0.489150694630784,0.635577044711953
1,0.840000242086995,0.517704055319902
0,0.606164046495418,0.963216056890439
0,0.567932636076666,0.363509990198886
2,0.480277042897789,0.931159732434167
1,0.917822700499461,0.32090863565627
2,0.0910480115265016,0.589521444833751
1,0.893219738051303,0.201831851772788
1,0.906749604440401,0.251342688865929
1,0.863180520437505,0.225740752231086
2,0.560597505211643,0.352892952660199
2,0.716774514306711,0.9609536927109
0,0.674913601082513,0.603428092688551
0,0.807766567131715,0.154303416198489
2,0.479969834617542,0.386714343349671
1,0.623348165605435,0.604283807855422
0,0.664618557217042,0.968038379862595
2,0.373462823003534,0.396283482064924
0,0.379046602653388,0.922592846432609
2,0.20943737116577,0.834586605439627
1,0.907583516707973,0.426508853475424
1,0.360554315660013,0.0578397759109145
2,0.203962410947345,0.804696358491918
0,0.70875284193744,0.958127050524556
2,0.0785387173988092,0.597862584817973
2,0.712261625942575,0.333921978768746
0,0.79232974169622,0.519841100986677
2,0.218976680954926,0.835843457555419
2,0.221441065299721,0.456624298860587
1,0.794253214614668,0.521921566076783
2,0.159338086033958,0.520089861848712
0,0.879401926474053,0.250855633637949
1,0.901045031575329,0.3058339234711
2,0.597109764304212,0.353033498757486
0,0.370817084121301,0.932334593111577
2,0.33447069199741,0.420406738186622
2,0.769815508374343,0.353016686838869
2,0.379858290734006,0.912498757574693
0,0.967001079541834,0.354875924008209
2,0.241731162393847,0.458154318064267
0,0.620953726373665,0.0787067609504295
1,0.599129613494256,0.0688883911435875
1,0.836769667065829,0.505410472061788
2,0.115218951396118,0.739201528309813
1,0.911007293443385,0.373949787650528
1,0.787872041580826,0.536419325516911
1,0.621176684515519,0.0877853646964842
0,0.55552317698649,0.0803364419737445
1,0.886781618945998,0.443687568028575
2,0.795854950439098,0.343652362738542
2,0.471229109161397,0.94069701925192
1,0.644742126596944,0.116348671378178
0,0.169261933833227,0.76933384417122
1,0.958829464939245,0.330674336972221
2,0.2580803827299,0.462444862679991
1,0.720715390035437,0.128324831546185
0,0.360643796258974,0.923024418679087
0,0.771970660218853,0.163702105207921
1,0.698173668848322,0.0959637847594115
1,0.426492533934497,0.644991897450619
2,0.326487349878683,0.425485963156927
2,0.0651903391546233,0.635788797748696
0,0.0195107145339021,0.584197980984073
2,0.313554368828737,0.882585118200443
1,0.867914654014006,0.496816799117647
1,0.939722642949216,0.350631232764796
2,0.119591364376683,0.737696548086696
1,0.94810541119282,0.291800319007367
0,0.0354247236466944,0.607530434768526
0,0.305695964538481,0.446301421213898
1,0.912654846692264,0.361100263107481
1,0.393536525888275,0.649351747850244
2,0.320526697224838,0.415106478358945
2,0.126527196831903,0.777283589166703
0,0.138110581253139,0.752808458894922
1,0.722849952495502,0.556453279137153
2,0.0910897695246064,0.744575935708204
1,0.90729661556183,0.230816133305203
1,0.436318299762052,0.619295677850091
1,0.631398209914719,0.0999892117707618
0,0.0376717303143442,0.65875308793292
1,0.942286811516406,0.327177233918426
1,0.897879670683804,0.260825352859211
2,0.301769561915243,0.880611916892383
2,0.0804414966666703,0.62515919628342
2,0.308218542685801,0.892427792093787
1,0.806292109634287,0.513269238610153
2,0.143665552507714,0.554878375781037
2,0.201359619896076,0.822063608336236
2,0.0999874284348701,0.644326797227232
0,0.0526241404710241,0.55157262490276
2,0.258131777627427,0.879795386848509
2,0.0920917517620414,0.551722134219385
1,0.717348464399021,0.573900174799286
1,0.735119027890197,0.557774578772282
2,0.514194441855834,0.372285708611482
1,0.301272928976333,0.0331844995354094
2,0.0688787696741031,0.687710058505195
0,0.83837882337068,0.22340880822936
2,0.346472362659156,0.412945556017424
2,0.122885877047296,0.785975889189778
2,0.0697148406522739,0.602822205079073
1,0.908652009665233,0.442922657034204
1,0.884025941101944,0.450397996819506
2,0.110174039792598,0.538637272603681
0,0.73430486639661,0.106210356131068
2,0.565678737322884,0.953561522189892
1,0.620663610931193,0.0957003502991845
0,0.162867248525398,0.781403444264142
1,0.717380442451582,0.142972647327781
2,0.608084607686582,0.944398747210574
1,0.918770196262957,0.250550158587236
2,0.215475550410724,0.47127313494731
1,0.926705769561956,0.402292118087546
2,0.59563343398536,0.945916324844121
2,0.0816384455757281,0.560449125184151
2,0.222034279991538,0.826104611169289
2,0.0804419604841401,0.655670161384987
0,0.067706531406404,0.728123160252918
1,0.898194150299872,0.467993116501492
0,0.311837425938885,0.0413831025828289
1,0.495833714782589,0.0653137571730287
2,0.199851158995015,0.499953997613553
1,0.948215119794604,0.265832153858017
2,0.11540795720805,0.771115672439819
1,0.326094672302534,0.655113302529233
2,0.716351781768039,0.961068853419285
1,0.928785743549094,0.269444348861454
2,0.526593963304799,0.37057542195617
1,0.494227543835641,0.0536504978011511
2,0.409205090804606,0.389315324671666
1,0.87837765002517,0.209650161937892
2,0.298586238036702,0.907359671590682
2,0.364922855660892,0.886710844921064
1,0.269334981397735,0.037536046930048
2,0.723220005391718,0.970832036773797
2,0.0566393067984926,0.670126832673936
1,0.933534023045949,0.290114222625545
0,0.669284140032509,0.943649152897733
1,0.685011862485429,0.569482551147832
2,0.124516648353974,0.556127539589782
2,0.624885539175324,0.953243475276505
2,0.34270578151399,0.901624606767043
1,0.272540894259931,0.0289199732397358
1,0.436129871215167,0.0466751926254205
2,0.599840801791202,0.348937013810355
1,0.841368039089739,0.193069289726415
2,0.330126597557554,0.904102007138009
2,0.776867299731209,0.356465872007284
2,0.56623491412035,0.933518960434077
2,0.542516441516109,0.37835280482849
1,0.344162605421704,0.0340380928849265
0,0.648982583686006,0.367578116124204
2,0.106900373426489,0.557952835954937
1,0.564727874684749,0.0752593782975421
1,0.397726229597743,0.666060084495604
2,0.132742502665761,0.791614584913814
1,0.749921293189277,0.144603765644244
2,0.0949009017713236,0.640378054692418
2,0.74033220369385,0.357548477933056
0,0.657177034430758,0.36562523437243
0,0.569785248484103,0.0846600786465614
0,0.929240586693826,0.238813549118483
2,0.326026060622195,0.413012487211612
2,0.704454717960045,0.332307271829677
1,0.952159240983485,0.342017225209638
1,0.941261010261981,0.345191123107867
1,0.703988590030894,0.565931483583252
2,0.0602944614760946,0.691105911665501
0,0.254524027548238,0.88136057496784
0,0.068811055612412,0.72557425553051
1,0.925765232470498,0.310591465924843
0,0.522370416843906,0.0866237098393942
2,0.106175831219091,0.758308735777597
1,0.625990963972205,0.0818691064259031
1,0.953063686298859,0.296584839896536
1,0.925869417372208,0.324001718580169
1,0.909651712927571,0.451712118117794
1,0.931439933675683,0.417338046482087
2,0.539417111346958,0.373203998755534
1,0.864509701967245,0.208665757409671
1,0.896492453149645,0.42039622948953
2,0.617217380109554,0.95830173844004
2,0.178818520687979,0.83514722634118
1,0.884173511224585,0.338240966708745
0,0.0672222209604878,0.546425207622778
1,0.843580277012015,0.189479427359577
0,0.314810346632719,0.638454379229493
1,0.896844468352745,0.34179913102
2,0.127463755165095,0.765711902699915
2,0.601971739103312,0.344593929821436
1,0.81866727397656,0.497306445293976
1,0.829632546519583,0.172954138640129
2,0.0915205297061539,0.684688130615258
2,0.596375489299192,0.356205546376413
2,0.148655662133385,0.771464836135504
2,0.200976212537012,0.823881263692687
0,0.324763278566585,0.446426733808698
2,0.0955138025984147,0.749700938995576
1,0.918389915302446,0.401624161722409
2,0.107331296830497,0.554527176940167
1,0.907028814944684,0.40472426508401
0,0.629685604772386,0.961865096541504
2,0.157224266430586,0.54695382796419
2,0.316000868760936,0.885444088974713
2,0.49910227630689,0.376111974257536
0,0.305748098608849,0.0450999158401935
2,0.1181839527794,0.589566585659672
2,0.257779287376312,0.454536936580186
2,0.0883187900131056,0.632373832636295
2,0.750405428614637,0.336091156915611
2,0.261446141827742,0.872978434114523
1,0.913672242836843,0.308850462335801
1,0.853605208922761,0.463487270623846
2,0.43690133426532,0.372536347934824
0,0.877126859488732,0.259064541058321
2,0.299798039897654,0.90072163435207
0,0.462304617784438,0.0379078838889886
2,0.145688928576497,0.515973074361053
1,0.262868211318915,0.0232074616480037
2,0.335256828767924,0.412563383378552
2,0.0858713917919763,0.593880723272265
2,0.0592599035382106,0.621112679928333
1,0.884471117276375,0.255169137714509
2,0.203058545734861,0.831980612021206
1,0.568592465347468,0.623722071102876
2,0.10329167265694,0.605007850312584
0,0.139978255733585,0.583897122073546
1,0.377429140820142,0.660123078552582
1,0.851913334594212,0.476764550760336
2,0.147679552263721,0.491080370763276
2,0.495822753179191,0.931927790097425
1,0.35612624491334,0.0167110920799269
2,0.62313205834777,0.346074034559108
1,0.832354907274217,0.181801743192111
0,0.180130961934107,0.654475034246419
0,0.449455538200991,0.915778080917584
1,0.367479735707555,0.663326061646135
2,0.0901220839726679,0.698714902553902
0,0.218434113530501,0.494436925043468
0,0.679721817354322,0.947738645978822
1,0.779548566821359,0.529207980267198
1,0.755937068567809,0.561026791107407
0,0.967259192665992,0.334951959067363
1,0.715693620414777,0.571875414995593
2,0.342021261161685,0.416074733728119
1,0.881153873621162,0.277252264597587
2,0.0786227240733566,0.700584547389674
1,0.276768904040709,0.640699913235613
1,0.73703607520776,0.557433402051793
1,0.900856339457647,0.278148371135131
1,0.231702612171071,0.654870025471398
2,0.0905312199817574,0.727868901778796
1,0.948354448963352,0.272160719207861
1,0.892889522024996,0.270057112007803
0,0.168106184180825,0.529153369066031
1,0.942022154621058,0.290033354737174
2,0.394002895538088,0.395889155666174
2,0.299583301078946,0.435052942995256
0,0.442490202175965,0.643141693442522
2,0.0898291660907862,0.595929758826215
2,0.326171377837715,0.881823646634383
1,0.247443288772849,0.0361369381366026
0,0.462065936965613,0.0340106080825713
1,0.758963864835617,0.5575084034741
1,0.934193516949791,0.436156668507919
1,0.916044058500155,0.364582775050575
2,0.163694235822293,0.811707518198344
1,0.342256600010179,0.657082920061772
2,0.0848629523695183,0.716191178207273
1,0.406750634291519,0.0481728777655313
0,0.190644807595477,0.0444870872829454
1,0.513304212939964,0.0721710366386288
2,0.417720449286817,0.378452882613092
1,0.248812786060576,0.030572269529198
1,0.912458108130635,0.414195095203243
1,0.907485151080566,0.364051748325401
0,0.323277624899945,0.0519114797489078
1,0.893750782830055,0.25993285761474
2,0.382156655703743,0.917055300453436
2,0.0523277876415565,0.706062462582581
2,0.681863929663938,0.347947099746559
0,0.564704875415105,0.0830423253905143
1,0.914446466998377,0.462916302278905
0,0.186691266338869,0.791336235329978
2,0.509340274672646,0.944394691695607
2,0.132518619992524,0.779413840127481
2,0.714783743318503,0.336289982699949
1,0.81362335467262,0.163890342898807
1,0.890647438536383,0.413068338113005
1,0.518130758706177,0.613395975873916
0,0.269118113676522,0.880934575875415
0,0.617209040612934,0.364424350445605
1,0.911969468312108,0.314445976520423
2,0.0776880996267759,0.668667024988758
2,0.577379944421846,0.955847228337006
1,0.848213625252087,0.472736746199581
1,0.886875747494719,0.430650729437529
0,0.758753199992806,0.517118796114771
1,0.540668888725305,0.603473487605419
1,0.947858595316611,0.363270502872891
1,0.777092408602422,0.524127601889514
1,0.83239624107479,0.183005973857829
0,0.610209662795898,0.0684746093540042
2,0.601031534022738,0.343203891970576
2,0.0877051841273184,0.570764416237562
2,0.0602696311424543,0.605820885040989
0,0.4530320785859,0.359921644354165
2,0.393791550660454,0.914224586403069
2,0.0980524870922766,0.615353959745775
1,0.286913252959103,0.0329101076504649
2,0.476852983726821,0.939071755392339
2,0.082651245200462,0.63757659621272
1,0.851968697301467,0.482387691541964
2,0.522903025042138,0.363158025241383
2,0.480626626710428,0.364966680608939
1,0.920619613603532,0.24225326680857
1,0.450003882565386,0.628889823383855
1,0.58187371522795,0.0649870929630548
2,0.708996487398218,0.981533303542629
2,0.497717588792469,0.383139783248613
1,0.375981910544633,0.0539050559214644
2,0.510411347963798,0.928206924155777
2,0.524769155257263,0.360617526571166
1,0.812049205773834,0.487103384082935
0,0.214921033419834,0.481956603571503
1,0.444742333715284,0.048770831352919
1,0.616549800331942,0.604534434746978
0,0.403577895918892,0.0332460284451494
1,0.888717191626592,0.438816773348951
0,0.67448193396406,0.970015756861071
2,0.109673450649281,0.758516914604332
2,0.389039020582302,0.919534996672873
2,0.79167254761995,0.339986670970706
2,0.432428167229381,0.365854628490976
2,0.557028956564801,0.94666074199621
2,0.0889191060426811,0.761003226561127
1,0.912583653504521,0.350317780353254
2,0.15525687519508,0.820042377172625
2,0.469493733438276,0.931638069291915
2,0.273813159724397,0.855635236825397
2,0.0807362154059834,0.624911238744345
1,0.797072196676768,0.552292210542245
1,0.855399485118314,0.458077149263936
2,0.0765107995546368,0.646701836765957
1,0.566897131726382,0.61355066264094
1,0.319125740524914,0.0314255564575214
1,0.617980506857647,0.614887728180762
2,0.477453960418278,0.933281250469622
0,0.801298037134536,0.974596896444758
1,0.436779981832502,0.638612180777265
2,0.0573714021667925,0.668799973513904
1,0.387093390152744,0.03634009868558
2,0.153482298952885,0.816081322965637
1,0.807026449657365,0.198994985135644
2,0.0826535664981868,0.618548266454278
0,0.824742967086274,0.217871309159259
2,0.785149863240499,0.332055332962502
0,0.878418953557725,0.411927839314148
0,0.732648499223433,0.957404496988209
1,0.925386845960138,0.244752375252545
1,0.76720069622369,0.15807801961779
2,0.528997420644703,0.363219726087139
1,0.915650440891743,0.343456638235405
2,0.743353383095396,0.346434262683367
2,0.245638887311943,0.460130443901537
1,0.39562263873405,0.0377061446333007
1,0.877100107192434,0.443971864738956
0,0.273820308617541,0.0403151289130116
0,0.83031500734662,0.20296635813333
1,0.506799824646656,0.635640406215746
1,0.689462156983816,0.11866915748132
1,0.411225048526451,0.0418049802439441
2,0.0715224905170589,0.712544174618265
2,0.0827844697691077,0.720851604653852
2,0.518758592252258,0.371122854040577
0,0.501040334294921,0.350037176081432
2,0.477419182875436,0.383422266950984
2,0.444237372273196,0.376693997496882
1,0.537563043636099,0.639084620060613
1,0.341461702110158,0.648663274671391
0,0.122972052340475,0.564870471859148
2,0.314627178345067,0.423280595546524
1,0.902158578670256,0.309998882805467
2,0.206467422602739,0.827336727390794
1,0.224453623947625,0.658695027337732
0,0.611736018931602,0.964504654958616
2,0.108907273265906,0.564219003466373
2,0.349722062998481,0.884036819961669
1,0.781875101453134,0.536670392625881
0,0.711748880909131,0.959025609113869
2,0.47874082114284,0.943195336793623
1,0.91501131631941,0.316939955473227
1,0.770877078784525,0.540036433375721
2,0.139969123164517,0.798375310782658
2,0.0864107905876049,0.568216214974342
2,0.19021606751875,0.487013054645335
2,0.0961555949710642,0.633439002348948
2,0.295146123632711,0.902499237096112
2,0.137324011165243,0.774310422818449
0,0.737608536410841,0.959261332684591
2,0.359834960065958,0.897788196710929
1,0.505838293598314,0.0747365516082997
1,0.771950990529061,0.142210805472664
1,0.92548944885676,0.258319336263066
1,0.413567244975291,0.0486746590752518
2,0.66167443609822,0.353565784963942
2,0.666246384726348,0.344639409519196
2,0.593309936572938,0.957816111365632
1,0.623957638842817,0.613627514052924
0,0.449526925287758,0.909423698943349
2,0.762237359703768,0.331977878543114
2,0.209594173452085,0.4602161117447
0,0.441352248224327,0.649034748820057
2,0.0422747674230625,0.628019931841771
2,0.0457319348646886,0.686810770333674
1,0.447941204641607,0.046258974209553
2,0.716704372411974,0.339235739574186
2,0.269343253834857,0.440993546417589
0,0.632211727095175,0.962166953436244
1,0.377669112240913,0.0262370357746824
2,0.626073832717358,0.352015030885981
2,0.244351507807179,0.461391555007468
1,0.507692394507955,0.627854341803216
2,0.575059964526318,0.352257599226348
2,0.16700481347403,0.485791307715791
2,0.20408831664951,0.81982681984917
1,0.905653669466244,0.472888691325876
2,0.521436804829464,0.372947632069422
1,0.774933041085315,0.153742478702076
2,0.445022389011401,0.382670732131124
2,0.227048609614435,0.850088198387918
0,0.528322719164303,0.0835374394810152
1,0.905922130566705,0.301555881743546
2,0.153619973771605,0.813921961934034
2,0.148583807162647,0.508287252152874
0,0.962438977262345,0.31664697958425
2,0.610239428459883,0.956575036155203
0,0.0585092813230023,0.753903261725476
0,0.206694949119567,0.48564962569787
2,0.215022095233812,0.820119054360925
2,0.110018174605318,0.613128531384885
2,0.321553229965234,0.429547183399397
2,0.0977076365877732,0.592591147397658
1,0.828942197194015,0.506122681501291
1,0.446402092354989,0.0463635541162699
1,0.341299121473781,0.647122337012306
2,0.493203006603963,0.372793905580634
0,0.711975223725932,0.958546396570135
1,0.619135393824891,0.621112476661725
1,0.58296009833862,0.61936587142747
2,0.0919596894998423,0.697559087464112
1,0.368227513775054,0.0447872626599507
0,0.0482502878966191,0.723815728459527
2,0.105284852587959,0.749763408927385
0,0.62239543470525,0.076689521187305
0,0.218309140374134,0.493885417798808
2,0.181449454020007,0.504167896985308
1,0.879051477959992,0.511333358779542
0,0.647701888535116,0.953835499698775
0,0.621984567201064,0.363322418422668
2,0.116550219059898,0.678162792385483
1,0.956307386604166,0.352621403901781
1,0.550029033745863,0.609708062378382
1,0.780001473269223,0.530663207448468
0,0.0243731068608264,0.622603880668219
0,0.640114166685185,0.364682920496564
2,0.107804947840212,0.671532453302018
2,0.4905457957849,0.949738543130934
1,0.4508024705391,0.630477785905542
1,0.613695777658539,0.602995327514434
2,0.744608726288131,0.967198562183307
0,0.610050824445383,0.598232428424575
2,0.11706655142336,0.770817614770434
2,0.646914446335019,0.359741796989531
1,0.686478264571077,0.118625105083827
1,0.762589508657111,0.536283460326642
2,0.106105119294912,0.743340659625901
1,0.748625108725585,0.126921380586248
0,0.972705374919979,0.313095634102181
1,0.300813329875607,0.0367526601747029
2,0.470248867730971,0.953002054106306
2,0.225842390910248,0.450426534685798
0,0.550088132656871,0.0826480837285721
0,0.525098574796493,0.339821570852165
1,0.740422075344439,0.568874909081421
1,0.896073446897058,0.218161298904233
1,0.914005145696359,0.461679213686947
1,0.367156582984406,0.0575684289588709
1,0.332600593089621,0.64038961411211
0,0.301545780686407,0.39843677858998
0,0.605216543450178,0.0727499893620223
1,0.339437581032173,0.0145438038597087
1,0.933864688013629,0.305203159705817
0,0.617023176380248,0.583386526418649
2,0.313114991257715,0.892841851241176
1,0.93331346552493,0.373334683572518
1,0.522909406470265,0.0584807142262102
2,0.465999096873172,0.928773100113867
1,0.236172308877608,0.0297403650111272
1,0.286257268518854,0.647880731749086
1,0.866059048875021,0.193416049999371
1,0.950761577898191,0.386252616101695
2,0.0653264994810992,0.583754252851244
1,0.547503739534545,0.634944163345966
0,0.43528957843287,0.0189490507793934
1,0.912476553451774,0.403421660747756
1,0.798717031282613,0.52738427822141
2,0.453844798202153,0.938269859647956
2,0.567729870284648,0.356258396765146
2,0.296518722224433,0.893438430856853
1,0.617535567054461,0.616083156355397
1,0.897164855522001,0.431256149939138
1,0.513145810204758,0.600134279359307
2,0.105705095900159,0.710951761245627
2,0.483660542530428,0.951991277756009
2,0.6878415231471,0.34456110952739
0,0.372755121176716,0.627710711342285
0,0.410412474906661,0.909904240516766
1,0.264327372697479,0.0264741639067212
1,0.366199698583567,0.033700585448961
0,0.399605567654446,0.940036633826971
1,0.779505509125583,0.139376859807031
1,0.34262160793317,0.647992125454503
1,0.873067310991973,0.199048575879071
0,0.277399499003836,0.882860552840246
2,0.154110340004455,0.790358981688461
0,0.78090584355109,0.160480044650678
2,0.100839064154589,0.670681181459098
2,0.198544729132638,0.824116780281474
1,0.606073214390695,0.604703182687685
2,0.140240527983121,0.810970697012513
2,0.762361334200331,0.345842784280567
2,0.375875974686582,0.401646520335658
2,0.458524304251439,0.942564137554119
2,0.763826868783947,0.977035882988279
1,0.301319900407317,0.0329696129817479
2,0.775360347838636,0.971840517939593
0,0.406039770518464,0.403907025948951
2,0.0705337917717229,0.679353500292386
1,0.405853638393102,0.643797016300732
0,0.0571546931857347,0.72632350380624
1,0.882715121050546,0.428002627420307
2,0.149234255016,0.807249702687304
2,0.254327369667157,0.440964113841766
2,0.371892707681153,0.402572342960693
2,0.183179062391456,0.457080680393318
1,0.907598862421416,0.355004553579289
2,0.599571191128617,0.354232219704696
2,0.218219533429065,0.478775201724147
1,0.683540850451463,0.112727013903319
1,0.48647152443458,0.0595824777378406
0,0.801012192881175,0.35624521067306
1,0.312745472558738,0.666343417969396
2,0.0915131027212228,0.6004897494605
1,0.896140384301968,0.281093716258537
2,0.138172594087363,0.515846578803814
1,0.619823086590123,0.0899273182131039
2,0.132128258327444,0.536924977058642
1,0.907158474342192,0.265236265876081
1,0.543970680502627,0.0721825415318404
1,0.418743183244024,0.631349529779641
1,0.950792867575493,0.303128678164882
1,0.640042304636964,0.582522569221203
1,0.92446256324675,0.411639317645867
2,0.490698707855411,0.361917706594525
2,0.47629515513581,0.383111002906725
1,0.836743581118051,0.510944054355919
2,0.148837921052397,0.525031922782141
1,0.920351131948703,0.398898844833361
2,0.463062670958324,0.376807685619357
1,0.81490638716389,0.548849270411451
2,0.741504408683777,0.974488904071774
2,0.703947745392271,0.347495444484313
1,0.907432494026438,0.241788944173514
2,0.134701139338472,0.538156737681848
1,0.957394828276416,0.376716394424619
0,0.0574828817707844,0.749572512724396
1,0.941165127337077,0.324204568091332
1,0.545120650162833,0.0507997990842493
2,0.105551368880246,0.547448080411873
2,0.0766238544720593,0.613115632357674
1,0.957602347169745,0.338859099912133
0,0.0076804320696167,0.648599484190986
2,0.280951651181196,0.435630171244277
2,0.452992580640211,0.37660274418351
1,0.827156610263696,0.182921774045601
2,0.246525995166832,0.877218356044763
1,0.866010707151844,0.473352142728471
2,0.0980426364108075,0.572516631812722
1,0.886866683852042,0.240922107985369
1,0.564772165639278,0.633092647818385
2,0.0839382939258814,0.579318944283768
2,0.261471228500257,0.469662880210609
1,0.392767122825014,0.65556599494059
0,0.681983550530583,0.952161411819927
0,0.660748857175737,0.958428899730923
0,0.404976236179946,0.0320685689576961
2,0.514919038627441,0.365293975338251
0,0.144941128193555,0.752000295140136
0,0.61052341763444,0.981658494402992
1,0.829991315555006,0.491689211199159
1,0.950451284993634,0.402822006477213
2,0.269066933311366,0.863375135839747
0,0.197891804148339,0.523844748295429
1,0.381010933497839,0.0260780869848496
2,0.38347933975316,0.404764701772859
2,0.189336299852545,0.806458563473645
2,0.693995089918402,0.961492756081364
1,0.904096887125817,0.329371445400329
2,0.79837521710543,0.338395384475207
1,0.92783266171153,0.382764551323901
2,0.205793494747281,0.83014724353807
1,0.771358422518591,0.520667936040479
0,0.818091603874923,0.208988066351858
2,0.56784465475381,0.346026449384602
2,0.123567866849854,0.557491747324504
0,0.389796485501487,0.920300077538673
2,0.489183217281487,0.920259037715372
1,0.814905251980429,0.191308400677364
1,0.950389304720976,0.314735692315135
2,0.248074538688765,0.846774739742974
1,0.262998505715614,0.640375500426197
1,0.856162399603995,0.188199475545451
2,0.286196981401895,0.863278690330799
1,0.745266133082145,0.126213940213566
0,0.773157318654081,0.163439705599323
0,0.662114647239473,0.961928330291976
2,0.153494735509233,0.521783244526793
1,0.591736532113292,0.622781626719083
1,0.924856049500229,0.311485672545095
2,0.53567835077456,0.941405626844415
1,0.884355174972479,0.293028268953104
2,0.184306769376101,0.830449532311354
2,0.331317679765557,0.907741303541758
1,0.864782796432881,0.229256425633919
2,0.156597969792664,0.51084132963427
2,0.135779235371567,0.772623748288078
2,0.355051754078277,0.405993219506864
2,0.567447550534882,0.351402022910041
0,0.132772189756324,0.606395362480767
2,0.156346435487384,0.528815221221503
0,0.0748423657903955,0.737609858352648
0,0.558942339022219,0.595152138026151
1,0.951957244744127,0.296075464275406
1,0.480807073971077,0.0479256096204935
0,0.146533441371367,0.743366313646984
0,0.311848444107411,0.461723463281743
2,0.0712220232149165,0.611712363457538
0,0.458434131152356,0.0348635981475526
0,0.781014697574605,0.518167819708835
1,0.687919713358713,0.126929424413979
1,0.94118995670544,0.285405233016445
1,0.907876346864247,0.302042612337061
2,0.267656746545044,0.447702676909957
1,0.81261366855938,0.178486623813854
2,0.263587598293929,0.855051701855386
0,0.351637352464247,0.446850742664883
1,0.837700976147867,0.504515995317001
1,0.282032648291818,0.653105443757895
2,0.701554898299029,0.345929251038227
2,0.0860157156810364,0.597646602763797
2,0.327545243550144,0.431228348568235
2,0.784317926803978,0.340621971159622
1,0.418921510546703,0.63047980600114
1,0.949790090694915,0.321511974945897
2,0.128502926116035,0.77244618026714
0,0.721157735675566,0.953562996074682
0,0.204537935881825,0.480414317963736
1,0.691658576796125,0.589806399357331
2,0.563849657163663,0.355569844235753
2,0.238116154632026,0.846001368832755
2,0.591318209011274,0.951001779805659
2,0.279540008077791,0.456924213065773
2,0.215881328680488,0.84708303291024
2,0.0949645651418362,0.674378228947772
1,0.381279994115681,0.656526700962284
2,0.0653195117772297,0.696344614489386
1,0.874886029161089,0.448198424673983
1,0.928750021609182,0.258746901625121
2,0.0919983624011558,0.540311157827333
2,0.175848752318567,0.48894321205837
1,0.921089329561531,0.3810029792817
1,0.419635573026218,0.632737551649209
1,0.520252088571189,0.628828196077886
1,0.50771796803253,0.613399127318791
2,0.0651993089794635,0.65586180048938
1,0.229798103587908,0.0384307606216168
2,0.35799151183304,0.911048172406746
1,0.569826184288997,0.616982126677355
1,0.816303486442426,0.488096475067822
2,0.763513120720225,0.34406709016007
1,0.573793435526249,0.625104637085126
0,0.752135593747428,0.108180827327023
1,0.915795961499431,0.331374133243676
0,0.167984112040843,0.0214445196879475
2,0.176944054438682,0.476807578621223
1,0.851287641368909,0.48064569662029
2,0.13443070429261,0.760147083603658
2,0.418931785711813,0.929528453724127
1,0.55291263229484,0.620717234031253
2,0.270568599648194,0.452441828430523
2,0.0983769465104459,0.702800650089647
1,0.892186246319369,0.260798920379589
1,0.495386186162564,0.0584752326573094
2,0.171520486007562,0.468562172960172
1,0.954388619370089,0.362502606325221
0,0.928208768544448,0.230842713737379
2,0.10200663135404,0.732009755040451
0,0.404194680203452,0.90556779800929
1,0.878962404934881,0.482518992762973
2,0.794407675672822,0.333780801942746
0,0.863392529757135,0.438588319702684
0,0.185454712492164,0.855505190926163
2,0.152087526564826,0.811461082181936
2,0.346486554725005,0.419385636197958
2,0.615216029455359,0.348797177802952
0,0.0501099612795665,0.724287353434846
1,0.779473102833058,0.157599888834723
1,0.640934591433764,0.0901295795977512
1,0.306670821932575,0.0245198763585575
2,0.115308525880071,0.751330624533591
1,0.610812545043716,0.610134696580781
1,0.856399783347085,0.485194496255934
0,0.711894538355041,0.556158425491889
2,0.141209400983183,0.491827785629609
2,0.457207750461773,0.947214142986713
1,0.248531258859876,0.654315565021967
1,0.849034450112615,0.204801733720526
1,0.303956735977748,0.0189768915357862
2,0.213115314767325,0.46111725098721
1,0.555210998494513,0.0699500166794996
2,0.454631346684619,0.943941824349484
0,0.227092374039764,0.428372535979402
2,0.120989945875773,0.52766561392476
1,0.920622818688876,0.276592959571007
1,0.430394115133876,0.652257922924756
2,0.412331607189032,0.384477655076886
1,0.902360276907876,0.403658317753055
2,0.434533681317388,0.928029070231228
2,0.770275331351223,0.352437138710851
1,0.914697850688041,0.280868378827249
2,0.375237699519933,0.907699423104805
1,0.931988589119975,0.324044817614992
0,0.302526636510507,0.042541540902302
2,0.507145578136365,0.367998316669327
2,0.0517526689964582,0.687797124578505
1,0.902768616032679,0.440312272406388
0,0.450903167001132,0.919764537437834
0,0.423049933099948,0.918594098622911
1,0.643783906443236,0.583993777799225
1,0.931141459346787,0.352969619850726
2,0.524667263928275,0.384977884996293
1,0.801221418887223,0.166134532799242
1,0.636241917253218,0.600584627261446
1,0.543962272957626,0.0498865794988206
1,0.225497514693085,0.0392391778793766
1,0.535451261255728,0.048236098174803
0,0.413051744458676,0.897790982803456
1,0.888187120166885,0.335520897372631
1,0.778086033258448,0.144712938764682
1,0.934121618836418,0.400259339748284
2,0.560050953806046,0.95608026534678
1,0.842080008482862,0.221069004656771
2,0.189068820081646,0.82371719395054
2,0.115135267247403,0.775767886750633
2,0.446573234280377,0.374903559222616
2,0.340809819684842,0.406999713876705
0,0.441286056369201,0.0327869227799286
2,0.116189200751139,0.547263745122468
2,0.23355545200354,0.452374028648626
2,0.380140312524898,0.390696398522806
0,0.27064926930034,0.890058636411587
2,0.509528150064028,0.376946942906062
2,0.102901473630709,0.55166848651102
1,0.336913629628591,0.641870269315124
0,0.122224314324128,0.561301347961097
1,0.69291919664084,0.130854963481939
1,0.930977885022303,0.296477879039835
2,0.386430200802043,0.414208942658074
1,0.522067130276708,0.0469060568786295
2,0.595525240162449,0.339684953546936
2,0.0935139060879399,0.582222380082208
2,0.11476906908547,0.549228208670165
2,0.533991992100936,0.380346322460871
2,0.510230663076665,0.925369493360222
2,0.778182179333403,0.976444037771056
1,0.918992804117662,0.399546320554952
2,0.098530095853743,0.740252603658239
2,0.742606985039523,0.339932080645469
1,0.850863148031634,0.202669343460673
0,0.887816524942588,0.171815227893997
0,0.398061224133582,0.637405213919953
1,0.256667677308086,0.0329702089678767
2,0.197712365649834,0.453004795695338
2,0.475172190497309,0.935357718060952
2,0.202861974549276,0.469407230279394
2,0.73164616810674,0.340196285011179
1,0.486734511334435,0.0615981978389812
2,0.103326316361813,0.54455576175869
2,0.523580915576137,0.949739272208959
1,0.880273958330837,0.328378390632673
0,0.751346629204152,0.162232753870915
1,0.588961431281736,0.0776959624660076
2,0.0571754616566213,0.6379449010159
1,0.581865726345524,0.0658971547605222
2,0.759329265486228,0.96038160385322
0,0.71728715298917,0.557569487359148
2,0.434197266070975,0.927990621207358
0,0.676844833639676,0.360382577580498
1,0.930021450921288,0.257682370105277
1,0.658922674192317,0.571981946813149
1,0.407626419340524,0.644565708883846
1,0.926065526721111,0.318912885212281
0,0.412036904688747,0.906973128525079
2,0.343557553699991,0.413670762071615
2,0.129788520604988,0.787090070712743
1,0.542371338830891,0.627016641248465
1,0.914095185174374,0.266496528842477
2,0.395001210915094,0.397110555114995
0,0.766855166848687,0.57886892068044
0,0.621261531774554,0.967684773006742
2,0.192840297661313,0.491924625826832
2,0.770027991675138,0.970206612817158
2,0.334064163233073,0.4137452487695
2,0.27758229505576,0.453486967086002
1,0.897279288553771,0.284432085283355
0,0.156635417851528,0.751492097156997
1,0.823464538447517,0.508274725008292
2,0.0941420122869602,0.652476850641733
2,0.162810031427977,0.463140532114992
1,0.468151778759314,0.63479708490861
2,0.0963246067581377,0.5702731878716
0,0.629823398180067,0.596397413971573
1,0.434782734209835,0.626833636996545
0,0.866745350121142,0.249466300438761
2,0.142317831972589,0.545477919770598
0,0.0398705390741856,0.617615853837247
2,0.346990894071141,0.425694485993903
1,0.883351300622984,0.258052156562258
1,0.750354582334362,0.540265899990338
2,0.209623781184453,0.84089108559868
1,0.585526964230482,0.600055271189166
0,0.403350269935406,0.0386349853220974
2,0.133782079524319,0.787523962187732
1,0.882448663268305,0.46989997890057
1,0.833578757459591,0.530473098669251
1,0.934659252992033,0.262583542463934
1,0.899266265080755,0.236471023146961
2,0.383841940073679,0.900985986866002
2,0.349968982169718,0.898313686617339
1,0.699720737134322,0.575890285781299
1,0.949887593720441,0.280813689150187
2,0.72008268645558,0.976736184568214
0,0.267526990861697,0.0464850070631708
1,0.803024249412246,0.526839707131842
2,0.130918743805772,0.781737826862055
1,0.657275111440933,0.0972361102647836
1,0.27659275354183,0.658270772981795
1,0.755877043715413,0.536082564903444
2,0.661367396376138,0.336296265371313
2,0.17098087689476,0.503906245440995
2,0.109035479712788,0.52104839116847
2,0.37619303577725,0.903287239925692
2,0.331224444628293,0.437397338523723
1,0.946626297573953,0.404818155961538
2,0.306793122395092,0.878739886238311
2,0.690485557892948,0.33500728306408
2,0.0699611443556821,0.707428984647037
2,0.260554663666696,0.847530152278933
2,0.586738852698416,0.349090501618572
1,0.867835738125143,0.224936361258956
0,0.696380869892499,0.942600157931634
2,0.463983827164292,0.939681045357003
0,0.872702830239141,0.298991799145185
2,0.09293696249054,0.596827694064155
1,0.457919214578335,0.0569351223059387
2,0.152367659894029,0.776213066921292
1,0.339667348946546,0.0371160161366336
0,0.716030583497876,0.955672718670597
1,0.497823927629958,0.633309810167297
1,0.606259293799651,0.606214183756054
1,0.85232676890365,0.215509909568363
1,0.479852078698071,0.629602892142411
1,0.909498402001314,0.405190046120214
2,0.153013026107347,0.511315944771013
0,0.16954598624048,0.783202857329293
2,0.0971673138779675,0.616025931675784
2,0.507013201940939,0.949464379568701
1,0.874391737285402,0.463657580062429
2,0.0467207887131613,0.622531863614748
1,0.513381649491383,0.61115530416236
1,0.946296327278322,0.427798577160423
0,0.149732728099869,0.0459384709289855
2,0.439175944296076,0.944095463433857
2,0.527633440372848,0.378986062934508
2,0.666601829727786,0.35150720601492
0,0.186126511441393,0.79195480267305
1,0.23399372647102,0.0270348853258425
1,0.860136066991403,0.212591870556649
1,0.907487482530526,0.240057851045313
2,0.622071090416922,0.35821413277634
1,0.515488165489323,0.627372690058012
1,0.65571132300325,0.0982245272444163
1,0.884837222322485,0.399561237609066
0,0.0759710687366382,0.72167210190674
1,0.687770089504232,0.101581260842105
0,0.273546851652166,0.424622087252708
1,0.450820162902452,0.625605446617891
1,0.891141050950288,0.279681953473361
1,0.904662287835185,0.25895312953798
2,0.0692138456553661,0.598551329502685
0,0.847824647860283,0.15924122660623
1,0.405922398253521,0.630276715456821
1,0.255283925321368,0.660296502165979
2,0.633502537881331,0.948225605809022
2,0.0515433229261448,0.620511298044214
2,0.659546761418602,0.34692103474511
2,0.526077975174773,0.953060245932752
2,0.159261700504744,0.503808049348009
2,0.759709718558459,0.963697416277421
0,0.62298827832821,0.576293438617844
1,0.548212849613417,0.0568540590127811
2,0.57107349458688,0.94970837245303
2,0.186214822970105,0.459135349157737
1,0.959776503823334,0.369497329980385
2,0.465044774680231,0.369138920479564
1,0.326557119136688,0.657499363987244
1,0.942182421249845,0.315557192935665
1,0.721086398845631,0.56627235802867
2,0.0665192052815966,0.714849565271658
2,0.527088852540004,0.371463867086819
0,0.481920000326863,0.640672818280379
1,0.42066291032584,0.634608570181072
0,0.121912035216593,0.587582384799604
1,0.241339115851389,0.661193030994995
2,0.0893283983988051,0.584815288868112
1,0.287736760171157,0.652404441929174
2,0.554130038559139,0.370999008404364
0,0.201921768898812,0.493535424256778
1,0.75712946595692,0.127565775202782
1,0.83248772753541,0.1863897951389
2,0.0436529636845575,0.683408649873798
2,0.0976305575757903,0.586117454813502
1,0.5534441625922,0.623600957403657
0,0.633582685002487,0.596778921577184
2,0.725630017813502,0.963533030055838
2,0.341249180724974,0.911179990102038
1,0.361580973083953,0.0351809770936711
0,0.0,0.639142876977772
1,0.710664808597683,0.566608978804483
2,0.384262885759271,0.401399056509635
1,0.35838123925818,0.659686386565249
2,0.0596712831387818,0.598972503322868
1,0.445585902172578,0.0531875938169135
1,0.85772016846182,0.197012624988667
1,0.712488429484924,0.10152889607522
0,0.587203296469542,0.378262268160274
1,0.91878996741914,0.333749319668888
1,0.870686442069038,0.213167703816282
1,0.565978194859415,0.616649705864316
1,0.884535702531069,0.203615295536582
2,0.230672961588971,0.460787725984894
1,0.882303437436953,0.438491804805181
2,0.393954091220948,0.395040333178039
0,0.873346351278853,0.248837800218077
1,0.447070755066442,0.0615779547706819
1,0.659835675098869,0.0933287042179633
2,0.774465519008558,0.962526996917043
0,0.0628014677487117,0.766700307109632
2,0.0905221807027699,0.701990848806628
0,0.580005894725478,0.360417902040452
1,0.595839624067628,0.623067913518449
1,0.818635000150452,0.17580057984551
0,0.102844566582146,0.517318151404721
1,0.941803695538545,0.415121322935252
1,0.471249846389712,0.0483506936175043
2,0.644582552482757,0.354882067683681
2,0.495145498677032,0.932489123530285
2,0.685915982425609,0.969436857820024
1,0.922308993220998,0.371436514477161
2,0.735283125002776,0.967623702261328
2,0.114631756853837,0.799317141006444
0,0.792391220030159,0.519259644224291
2,0.0744955385934808,0.584215647925304
0,0.625950273286724,0.0694448357554805
0,0.273439896163766,0.0470294583536582
2,0.382944460203912,0.909072492947423
2,0.612712746674739,0.347593882365922
0,0.416263067907559,0.918771505873866
1,0.814279680435941,0.500397374914407
2,0.312870117324951,0.439729421026972
1,0.938098976215459,0.405695238956977
2,0.227629253886964,0.847949355528683
1,0.580056513696536,0.60699895716692
2,0.3437518781318,0.423986474927287
1,0.405664433245844,0.0509028530908334
1,0.847730760676339,0.200660555051109
0,0.272783926460079,0.432988137296268
2,0.109358868190637,0.789417372144608
1,0.388333689003008,0.659550698108548
0,0.244956355325525,0.0414750356433723
2,0.785331831777833,0.330620599667927
2,0.189355095049366,0.502624424992336
0,0.788453753552359,0.518797974508731
1,0.956641661683438,0.358444874494833
1,0.452190951537169,0.638401007267467
2,0.191611585826993,0.476646329010295
0,0.144141647902276,0.736802691309766
1,0.512898895261348,0.609405541301138
1,0.273616226160837,0.0210957017657871
1,0.68541262217145,0.566616698892812
0,0.20794854230998,0.504271329054945
2,0.0841398299324,0.579376053916733
2,0.095884616466474,0.551361572833943
2,0.430198994257295,0.923137446961319
0,0.344327705130123,0.045169922522282
2,0.052577303384027,0.638675856217398
0,0.102112061819633,0.801031637019673
1,0.750055010006464,0.131311414987388
1,0.643723830947575,0.589477622510558
2,0.675971600415327,0.346016911811265
0,0.117966318103333,0.515393982840264
2,0.157310783159029,0.790095430270442
1,0.782839302590514,0.524143068505235
1,0.76567699680774,0.146894740140646
1,0.923069336693203,0.270875574695264
1,0.939644370867108,0.331047274011084
2,0.0563095327527319,0.692251431464183
1,0.82595222721175,0.487558430709774
0,0.0687003091280946,0.720184175666875
1,0.358494813716802,0.653627934287184
2,0.438889364539362,0.929392991547318
2,0.082439139345375,0.77932382393696
0,0.131114292328167,0.573294564809407
2,0.0645126394827415,0.56651912161943
2,0.094491707062326,0.608946738574587
2,0.111423952218011,0.720349899659878
2,0.0879840344763821,0.705485064654938
0,0.640808555472125,0.955718584408935
2,0.353095482046153,0.917420354794774
2,0.232267325537748,0.824243192055864
1,0.899154708300651,0.423904649807628
1,0.374566722122851,0.655504131478479
0,0.871590606457956,0.252247346231275
1,0.927629068762899,0.417846308562773
1,0.894811629510581,0.242270093425684
2,0.716302790721498,0.343871386514947
0,0.835215471070737,0.201705998616365
1,0.922984181708895,0.427528251267349
1,0.846893391551008,0.497078712638412
1,0.853812774870942,0.234350287068935
2,0.0849220132914488,0.718627896293667
1,0.93886349927877,0.39114665698622
0,0.610396439349113,0.361074876833776
2,0.6320489943811,0.351548173964901
2,0.222648594067407,0.853433967033307
0,0.122549145908453,0.721813165935705
2,0.131893182587476,0.542717834945976
2,0.145078308104571,0.790639123917685
1,0.922336714665496,0.404545165405709
2,0.638606065125819,0.354802194880748
1,0.931374338122724,0.354685389222814
2,0.0816318360132982,0.649834456611605
0,0.263320396243883,0.881223525809546
1,0.666534055560516,0.578964971701414
2,0.175992814131194,0.495714078890038
0,0.752740643037137,0.95879785435979
1,0.80632610956213,0.169964041366502
1,0.582198293677657,0.616928442268746
1,0.873287143827951,0.500069068303082
1,0.332001983698893,0.022095947834528
1,0.845992888583918,0.18803446045958
2,0.0575040513066849,0.591560724415678
2,0.404731660898047,0.380391595587522
0,0.798219725811508,0.519301027044942
2,0.168732610124048,0.81246735849178
2,0.0601941970904984,0.674886625504296
0,0.870630363957715,0.271548060448934
1,0.52293921314586,0.0552871499943514
2,0.389310537729849,0.898922473762326
0,0.644163827197122,0.973107955685411
1,0.907776426016041,0.38751684840279
2,0.0632454310280948,0.632092922117073
1,0.260526997118909,0.655667078804921
2,0.50160913981161,0.375864876084046
0,0.635909498833502,0.969441592026407
2,0.0673713288292782,0.612144465999564
0,0.537920105516728,0.35460048911305
2,0.313362514815271,0.421204643505642
1,0.636678058506131,0.622591749433296
2,0.119227908336918,0.542763163009932
2,0.1400213089635,0.548975814450594
1,0.796705939416009,0.15988258529654
1,0.642525744303967,0.111296901183544
0,0.829731190783555,0.342304002459862
0,0.430174416778118,0.03743569743414
0,0.348453073005027,0.399273551761942
2,0.335091604694177,0.887066596796405
2,0.254237795606818,0.876485595104146
0,0.645121421098341,0.952904052009573
2,0.665896608721352,0.332416919423985
2,0.134039473321171,0.794934715344071
2,0.156127851321014,0.778580303398043
2,0.0561194738769533,0.605261853868859
2,0.250357739569197,0.856409024325603
1,0.734057255489091,0.543141958571769
1,0.883424586928214,0.385429800146205
2,0.0582416237831591,0.688577900058126
1,0.727299007453048,0.586295473991208
1,0.607734386455449,0.620992742876361
1,0.411589183414504,0.0471470697730543
0,0.763874059056801,0.562894344020973
1,0.520885560966298,0.618023535434139
2,0.351965798923027,0.421695263145029
0,0.348545596170581,0.38955088060221
0,0.430068117572328,0.400769096049408
2,0.589236890124943,0.949716544124229
0,0.461378641420068,0.353979260199135
1,0.372258313961272,0.660041923070738
2,0.123592557476691,0.516701794548314
1,0.326139084335046,0.0359999198795233
2,0.723458202797408,0.343651980060239
1,0.951246908174886,0.293720734619317
1,0.901728945280878,0.296227838748327
1,0.307398598121227,0.02954595395142
2,0.294792839482044,0.90031434812877
0,0.792749605893205,0.50794838033258
1,0.22162591592802,0.655385597015338
1,0.818605647753283,0.516203742529202
2,0.08724773486097,0.630255201837502
1,0.918882997082636,0.416324276947981
2,0.210083304673831,0.819438921106852
2,0.0664256954566498,0.57155694189123
1,0.457522869417973,0.630294349888542
1,0.682432699801372,0.0913494869352825
0,0.226185143406764,0.48945354511924
1,0.900632357321466,0.448312551634629
2,0.323765331975066,0.408473521560485
0,0.417258813426482,0.403942189034755
1,0.9043803524203,0.265397918185103
1,0.858429127060135,0.480105515054683
1,0.216805007019184,0.0365976140543154
1,0.43112759724336,0.054074815083651
2,0.623001420209873,0.356602894589212
2,0.295935672895424,0.865931854570117
1,0.949210283938462,0.280821697550251
0,0.204774875181498,0.488266497243456
0,0.399462734851564,0.639204273620667
1,0.836562591160061,0.177041272178669
2,0.280401683733474,0.876254212943026
1,0.889025434777414,0.300344406635694
1,0.399499361731534,0.654762259504691
2,0.158030327743109,0.772859577455427
0,0.278258215222412,0.882257342559866
2,0.0929230924498428,0.61662441210833
1,0.250149734605658,0.657836650358582
2,0.426437008828813,0.384480630902979
1,0.885994686620198,0.248772863170248
1,0.95448289623546,0.350282594850427
1,0.583644904170929,0.0753194223733185
1,0.341479931881786,0.640297097501885
2,0.186209855504726,0.807139241067109
1,0.741728528129632,0.537143861145216
1,0.543039490526218,0.0735484464709842
2,0.19730401068495,0.827972685271863
1,0.612203647628058,0.608866125650653
1,0.673274300906483,0.0904288634853401
1,0.537899483105837,0.0732364271787276
2,0.118756125108391,0.741258374603522
1,0.480190250261507,0.0558646998570619
2,0.0781767090313706,0.5853548086828
1,0.949725173107288,0.381592616418363
1,0.574851588660433,0.624542878898496
0,0.212423250559025,0.482669696660818
0,0.130296045318499,0.611683472207986
2,0.241702094003522,0.479607210405349
1,0.94699455054112,0.368513415560568
0,0.501573903735513,0.0884467813143268
2,0.359700043957939,0.413425866820049
2,0.76242601104958,0.970224697691036
2,0.612054012917865,0.954662252925459
0,0.480642419366077,0.3543193858962
1,0.845263619315095,0.162207196980183
1,0.887396945797689,0.224711663747482
1,0.888062585310809,0.251910752927418
1,0.204323005413706,0.654250771186091
2,0.309901762475061,0.880369947847452
1,0.803455291508695,0.524392467161348
0,0.920308963039033,0.442042182219192
1,0.858394034585361,0.22444157192121
2,0.173917510946036,0.825485573307014
0,0.0712619525899387,0.738447837008825
1,0.307061745120186,0.648741605644286
1,0.695426520277624,0.570548195119209
2,0.700865933998295,0.970235917295344
1,0.937674867937198,0.306556991735988
1,0.827915867255559,0.516332430333593
0,0.27866512936121,0.885869345751209
1,0.434644796231621,0.0473884574007072
1,0.498857431164582,0.638335485658378
0,0.717023173552336,0.557901624419003
1,0.482222735421042,0.0470531628410217
1,0.847461154293601,0.171526755133075
2,0.0708789055593317,0.589154146509852
1,0.924213473251207,0.302415416101439
0,0.781707330646773,0.515840191513184
0,0.968755448357799,0.376614555517181
2,0.61373487201712,0.954810987081423
0,0.783232857612957,0.496453474468109
1,0.840621723045589,0.217927075607521
2,0.649493148651211,0.345896073940218
2,0.416838376633166,0.381661920890595
1,0.512402521127343,0.0631511589916665
2,0.314307236729188,0.418737076612584
1,0.725394815810705,0.538362743223707
2,0.626494615610016,0.357532483082553
2,0.231669799166289,0.836041424939669
2,0.108963056369028,0.76919718859309
0,0.354702101676891,0.625780936149294
2,0.0721936882735695,0.709424241194189
2,0.503313008363603,0.944090882538163
1,0.902958984593404,0.46909440019384
2,0.107775339009927,0.699382793934478
2,0.794811630363216,0.352259419195839
0,0.35721145734187,0.637278673277363
2,0.234620171425781,0.827149251570265
1,0.872250016539669,0.225352202563202
2,0.0565702826787492,0.646643203945662
1,0.216047017389024,0.0280815833016674
1,0.940811500238715,0.335123516786188
2,0.085444363806982,0.618621107952812
1,0.919567363757125,0.367736393832955
0,0.67879921529547,0.955794255776783
2,0.757226256425879,0.975768284214376
2,0.755880570656414,0.980397690097617
2,0.107646239971139,0.581495394054951
2,0.0945846059819849,0.728871970225154
2,0.142584307093765,0.784440574579605
1,0.726680079120988,0.540730223154082
2,0.618239760013569,0.356089957150491
1,0.865900915921066,0.489203727918585
2,0.0670992741698897,0.686974185437054
2,0.153335337399837,0.798387108356525
1,0.701093599950998,0.0953730812148331
1,0.749955518860712,0.12164767164555
1,0.833589856654605,0.482237589208925
1,0.945756297975805,0.42504374483327
1,0.612737332883153,0.613774572861902
0,0.160679890933773,0.792580902958596
1,0.845180908785777,0.492351942932606
2,0.588520224139863,0.956498383151614
2,0.275995395588076,0.866304800028625
2,0.484613732310209,0.387808899600479
2,0.58594302389034,0.953987863063991
0,0.896730959200873,0.499566399452904
2,0.0732023476689951,0.681396862305777
2,0.174538288189476,0.50301111253709
2,0.134975619537736,0.55586833701913
1,0.712732549667308,0.137254210791875
0,0.769502570974914,0.165126235114823
2,0.34778994944058,0.896783450897012
2,0.527707634712599,0.3676244010121
2,0.769405612433703,0.971968189191427
0,0.715956000176056,0.549265314791274
1,0.93174024744534,0.327493523640113
2,0.0531879038062663,0.614612962875357
1,0.704379250416653,0.110449504914035
1,0.210508311446136,0.0284391109027679
1,0.879877202805778,0.228401733984287
2,0.6277102163886,0.344707119683191
1,0.693750743934084,0.128127530363652
1,0.27975013091954,0.660069688444602
0,0.0492774590471194,0.725347988992339
1,0.852596373388598,0.492291995458356
1,0.48544237030754,0.624308281212595
2,0.237726054086437,0.851442592033934
2,0.226134006741668,0.462215571731947
1,0.829216667740809,0.192359369997818
2,0.0977314771231894,0.700533666487759
2,0.373351785083923,0.913156084937752
1,0.898795678308567,0.459911291322566
0,0.79346215134171,0.514802010974446
2,0.136108740908047,0.538369753152066
1,0.393846908545682,0.0504319627319844
0,0.234807534675634,0.436445703230512
1,0.879586203983641,0.480489474433874
1,0.617434314266749,0.0884554141714297
2,0.235393115986354,0.848460865425126
0,0.809757882868124,0.1512371897246
2,0.0781251671917302,0.688613318930961
2,0.175913204231776,0.490126901933897
1,0.6212876265282,0.608834452996748
2,0.390384440677985,0.903020949759164
0,0.662192488940206,0.365127141462553
1,0.906526255314846,0.225358795845995
1,0.911981312245323,0.268317543614756
2,0.148661037764527,0.518458892267626
1,0.916460940013158,0.326134831949476
1,0.950032897096936,0.339522877012199
2,0.151612805960857,0.811736408191923
2,0.79996624645392,0.353067412619167
0,0.15675506757872,0.706626091537262
1,0.308819847879487,0.647132616669
1,0.836187439072474,0.481538762648912
1,0.907607767435363,0.346368400652434
2,0.513405161802879,0.953697869686977
2,0.12032258499653,0.764381460047685
2,0.117556978895481,0.599972316605985
0,0.83796227925245,0.240128254971679
2,0.429488496799267,0.386004009460284
2,0.134913162794829,0.534749411814589
1,0.955379657068318,0.325533990361196
2,0.707949573000007,0.968417962603035
1,0.90814944456329,0.451175185466008
2,0.302216192387884,0.891780614252995
1,0.931048692021982,0.405204002915927
1,0.829841934965755,0.174816980708995
2,0.612030874073152,0.337449275930293
2,0.11015439934979,0.549534935004735
2,0.112137193337319,0.606855554877945
0,0.741842370081781,0.954347987809649
1,0.516183957895395,0.0558355055480959
2,0.356181747749174,0.905893335873561
2,0.231911865192535,0.463236379773541
2,0.0560786420116593,0.589700962462977
0,0.644554327316055,0.613236971642638
2,0.401167803288927,0.391932087167531
2,0.439970874613317,0.921829172557848
1,0.279291062785565,0.0302949469792489
1,0.590922780240794,0.0794021630628435
1,0.904486382969785,0.284847848040083
1,0.621216600235341,0.0965718927633274
0,0.636462388582903,0.967505012483044
0,0.294097978257873,0.446952186303342
1,0.371903316181028,0.650561667513038
2,0.0864801610127503,0.712511484988767
2,0.45032344449877,0.380576556546573
1,0.826814630614107,0.167385553133894
2,0.0759661593239939,0.707481282276861
1,0.857250279600296,0.204803475909085
2,0.0780084393291346,0.642042514996064
0,0.449015169141017,0.91445178036402
1,0.364831593862478,0.0516365495237406
0,0.200304099504839,0.509968806686557
2,0.145564599873428,0.508573931168513
2,0.104396891036017,0.718037232103
0,0.981218598213769,0.312823161280421
1,0.207721889136095,0.030670072671245
2,0.0588359255470246,0.633302392689026
1,0.890594486406967,0.377844355114026
2,0.607700939487012,0.959550176428557
0,0.304177269540173,0.0406437006920309
1,0.762311249671989,0.131983080724053
2,0.769907271596851,0.969716190837276
2,0.201939073689912,0.473598461557529
2,0.72352853885116,0.96686416572604
2,0.710441538525785,0.977695636556604
2,0.135888495888775,0.797293300927508
0,0.79984364849413,0.169680656961955
1,0.862535264855121,0.455073743611498
0,0.128434250412902,0.652756426602509
2,0.624044496440495,0.955382449126915
1,0.325804018113048,0.0393400599029568
2,0.241936382569651,0.876178287973257
1,0.417189105771185,0.0501051315560376
2,0.634606370700331,0.3447678799705
2,0.110546256652514,0.762884733200481
1,0.923884138032023,0.404923329398748
2,0.447539409178409,0.388339999986917
1,0.331848362263144,0.649314545756084
0,0.132290494418238,0.561416141888039
2,0.329496760302874,0.892150741918861
1,0.608109088307673,0.0915398587477086
1,0.826577673927792,0.499723475173822
0,0.446267021944357,0.964699085025051
2,0.116164292996269,0.652509473764385
2,0.0728091264698395,0.694742692286794
1,0.94351883718104,0.400045639170485
1,0.862642617870335,0.489931614099789
2,0.101433538045212,0.759662629746301
0,0.103714010871268,0.515375810635345
1,0.371631078118987,0.0606779338325022
1,0.929905353965226,0.334914262379569
0,0.601356512841173,0.0770656632064717
2,0.0936635622901483,0.579510707850837
1,0.822205223254003,0.185235741456867
1,0.942132538905649,0.419590596464938
1,0.420867590536349,0.639428314044803
0,0.826346477856688,0.133383046161261
2,0.0603912656207714,0.659437757392052
2,0.54982172823958,0.364852290022279
2,0.142625831994939,0.504470142046961
2,0.432830883068757,0.385811142440817
2,0.398686980477823,0.39340729787043
2,0.208130998910683,0.459688127048679
2,0.551588115309194,0.940842125015564
1,0.477793634758974,0.0760002640105181
2,0.769607338997655,0.977105537281245
0,0.121097631383406,0.72757253755351
1,0.880818320810802,0.226668344449252
0,0.642509267532752,0.947421965141823
2,0.0981934059164327,0.793167733716151
1,0.923244835752601,0.297790099482585
1,0.925067297715734,0.335318034662973
1,0.612726062086477,0.0901704199500628
1,0.627798723793461,0.0801184726086103
1,0.885340863097384,0.204266170602605
2,0.630652414213767,0.95852187879509
1,0.651058279708149,0.093991046497752
1,0.258743482865266,0.0368597465984974
1,0.844620741633814,0.494903360283682
1,0.559027937148524,0.621573634696469
2,0.765030236626582,0.971254261139115
1,0.375258759089553,0.654969257655552
0,0.624903318107255,0.964423584107861
2,0.287797681290499,0.894816271082893
2,0.480898428320102,0.938087848909197
1,0.893483904594817,0.239444903786218
0,0.0618473096271172,0.743403331090394
1,0.762262914239551,0.548093088356626
2,0.44635588299024,0.387714553722106
1,0.77003716006263,0.558444572474288
0,0.272752726507279,0.429032115524374
1,0.930263287921282,0.295495468495113
2,0.0846349207434079,0.575845442401703
0,0.134162205343847,0.742700398187673
1,0.809938302766313,0.559055687371468
2,0.658728708089607,0.333205674463628
1,0.458870976970028,0.0440778538086129
2,0.053551779234891,0.643063403646957
1,0.743144590181139,0.553621041838732
2,0.0603054493341785,0.639740841975924
1,0.416382080644997,0.0582493044376969
1,0.737499187514189,0.128477073480788
2,0.190423580942057,0.830580527506064
2,0.630927116186227,0.335843838515373
1,0.442910492293028,0.626464026135947
2,0.0889544457142748,0.677565657939382
1,0.379261262721385,0.668463088936479
1,0.904756447153836,0.223103748285144
1,0.778432158762898,0.142513587203678
2,0.111603415368309,0.531543248680809
0,0.0278062859400069,0.647475898870569
2,0.265707521309483,0.857733744043461
2,0.168651349488071,0.502577621177812
0,0.0646435637178234,0.723453515413405
0,0.446634211407516,0.919468614753699
2,0.513184004213812,0.369372179069229
1,0.899153588108302,0.410682792616569
1,0.250733175118884,0.641236715847111
1,0.627852017474648,0.117902024453992
1,0.61164289133477,0.103874964172427
1,0.703510563764146,0.115117875483648
1,0.82034286194415,0.492137732653835
0,0.591183255317677,0.367178237807014
2,0.37653757192132,0.411129752036184
1,0.912017223749189,0.362249070502398
0,0.441643608707305,0.358523854752164
2,0.524666888743162,0.959802626996572
2,0.576989780570981,0.946513202380091
1,0.88829921030387,0.256116225598644
1,0.934067121551376,0.410343594041328
0,0.573866794319814,0.0804845253295495
1,0.557056934396932,0.629005128263535
2,0.385335362450653,0.398587516708595
2,0.795993435024703,0.354448658505522
1,0.933595483349504,0.336493869444252
1,0.89971987650917,0.286202087875785
1,0.370483460312431,0.0511689443220321
1,0.93447013872978,0.289074456326429
2,0.222124862276291,0.45431430268033
0,0.729806113161672,0.361442955836514
1,0.398361358583221,0.660953039231359
0,0.601066686017691,0.598682499132998
2,0.747710529262194,0.329647465000001
2,0.16069302092963,0.51034000875791
1,0.892943763130978,0.467010013575804
1,0.373283813342357,0.65059687779221
1,0.945007435674784,0.397501768144127
0,0.347821771551319,0.0537144446213102
2,0.156836034934178,0.811027003791162
0,0.0760059256700242,0.73481000438332
2,0.457717613529495,0.380741671263711
0,0.521754344290468,0.968553825346563
0,0.975941253960638,0.371949145875454
1,0.561449786628623,0.621732934395333
2,0.755688622562025,0.979894093740902
2,0.326932765630983,0.901868279644581
1,0.828090065368915,0.48404318987767
2,0.625616076671296,0.328163292621532
1,0.865747080575428,0.446841224911921
1,0.556691279020497,0.0718104010894175
0,0.415280662470544,0.919186179923754
1,0.658992368976236,0.0854023154499677
2,0.0430767072757027,0.591857468049104
1,0.934803433536458,0.327899276677025
1,0.921674568114653,0.271006270091485
0,0.411813375553505,0.402658875243141
0,0.79311032795172,0.170136539262503
1,0.900727441259021,0.244718256702102
2,0.6498407073117,0.355661138775042
1,0.915380377509801,0.284909057643822
0,0.641783246290454,0.0754666874920454
1,0.586479825952211,0.0720920883499512
1,0.329599306575839,0.657546605354412
2,0.490945186153069,0.368604009599897
2,0.313573708505103,0.410090524312809
2,0.0887693505902261,0.729360712421314
1,0.340911634173521,0.66750740191122
2,0.106957361857564,0.727984853099102
1,0.665092038558917,0.593795003482119
1,0.93452076150636,0.402419800086581
1,0.618095374152112,0.0836016569851315
1,0.876425692692142,0.501297909818231
1,0.911213508216071,0.254635235962315
1,0.852409184652835,0.514304939427235
1,0.346041255879278,0.0191639322417124
2,0.106999899185305,0.609733510074966
2,0.147341770204011,0.529965828405663
1,0.328163914876924,0.0251923003332321
0,0.133416501335601,0.759112394267698
2,0.269715658669535,0.454631793637258
2,0.135928646020442,0.526105903294623
2,0.0506501624620006,0.575625942793601
0,0.300752742401199,0.443387016564269
0,0.619561219872743,0.581961076637422
1,0.331212893973889,0.657905869088951
2,0.58054832236161,0.346248442928548
2,0.192010083155963,0.821245696623816
1,0.230632771246855,0.655980949011992
2,0.116028600311628,0.691283650328934
1,0.873149361522571,0.195635267326216
1,0.338963640898801,0.65642669796866
1,0.859838343038889,0.491260313880327
0,0.780126394010391,0.956330126169006
1,0.808951908719122,0.178115771462604
1,0.591564174256515,0.0798072841550018
0,0.508065813166659,0.038174893046838
2,0.15798845700954,0.491234687993311
2,0.371352522093797,0.918225500661239
2,0.0597794602519193,0.686794337494919
2,0.509444218291437,0.367738384200415
1,0.785253654533413,0.540196955391024
2,0.296534462104537,0.425302493689674
2,0.0752674125522016,0.584863674169785
1,0.625666489755905,0.60842109968598
2,0.0477719880127072,0.59225205640728
2,0.54805815628443,0.942078488073517
1,0.612682308483035,0.091173188572387
0,0.873612588240871,0.397637122415957
2,0.600391197502833,0.946712236658199
2,0.0945197129790786,0.567100281753935
2,0.0952408151789615,0.667714242617367
1,0.717507353781136,0.107181997039362
1,0.86939765177989,0.196459010056845
1,0.214221446495259,0.649297009803053
1,0.478418035802536,0.054228260187383
1,0.859597134752291,0.4663672882918
1,0.249879721633793,0.0254597799916777
2,0.473810458774159,0.362516183603773
2,0.0898515585418076,0.58251622927598
0,0.680650967373809,0.957873031065968
2,0.095329629269264,0.621017803495284
0,0.59257577725589,0.597840868534513
1,0.545682702045418,0.619527861457683
1,0.905979409668591,0.270640611283707
1,0.937720879184736,0.356899472157143
2,0.24225089659466,0.463815597644046
0,0.518388943591398,0.971388073250022
2,0.0898902684924835,0.699750578497738
2,0.0815643463595289,0.762207386868589
2,0.51851847041301,0.933857690650706
1,0.48187786412926,0.0548603543080476
2,0.0591738753964546,0.666308809106574
1,0.898219214595834,0.22962363402892
0,0.247733071164925,0.639665837440351
2,0.0787752288389607,0.585566459444412
2,0.135782068138007,0.801088112963475
1,0.533903595334864,0.63865885567057
1,0.953648334361045,0.33809992935031
1,0.834516018086147,0.193962592436509
1,0.802353838947547,0.531758790761614
2,0.246957086268615,0.844808777148913
2,0.337057025097855,0.895068619861377
2,0.0938589793669568,0.75167138983381
2,0.110894907465527,0.650712993871641
0,0.779929181529627,0.195948107833447
2,0.336350133103394,0.907023672688334
2,0.222961934784802,0.851292232494599
1,0.845957423987549,0.486344744492016
1,0.270622156363906,0.0316900635309173
2,0.227075120858447,0.465222147018957
1,0.675364709250827,0.100125514619345
0,0.826094798233248,0.218121473084898
1,0.895471624888672,0.278598184613202
2,0.0862494554490168,0.556256182874207
1,0.519094891097043,0.624727132104945
2,0.0826948947490506,0.736630393437057
2,0.150635228535564,0.523531325817564
2,0.188236940943556,0.469148084538393
1,0.59584879908405,0.600793788032167
2,0.086948757825741,0.66166882798424
2,0.232230735255031,0.469659298044157
2,0.471959659158899,0.943205931665636
2,0.129125465454739,0.76399407210613
1,0.587789723190523,0.600103009947463
1,0.744880233807003,0.131018613116855
2,0.175877279811058,0.478619113979391
1,0.936790407052473,0.365382786741086
2,0.75911799503183,0.330509251549742
0,0.59865767947393,0.962120744274917
1,0.832827519131391,0.480078883558105
2,0.104671736591043,0.619697333033816
2,0.202662840856104,0.464366271981819
0,0.67056957753561,0.969150135468114
2,0.761186871574495,0.35810992430971
2,0.618045736461885,0.348520990948386
0,0.0729662894529891,0.746588997638067
2,0.088664053878537,0.712704126741421
2,0.0482557334958836,0.625352169454122
2,0.473263983890776,0.938331998133536
0,0.474620865819934,0.642572360373168
1,0.9527077114373,0.361093011717178
0,0.292954366270819,0.452279301188113
2,0.459482681041626,0.384278097117179
1,0.523579446521039,0.0637865044907989
2,0.0956185715955691,0.616656297156581
0,0.40859614217323,0.0364175198306899
2,0.245404137592061,0.457263767268539
2,0.708142775257299,0.353882214153925
2,0.746746345790312,0.966662757157476
1,0.365197301605727,0.0474909434549958
2,0.098382877110543,0.623929128093211
2,0.610709793675878,0.353978138418356
2,0.575216576926562,0.35916368019484
1,0.956689719304858,0.341392380088067
0,0.665762346865205,0.970396932272701
2,0.67723255133119,0.348591793815729
1,0.515327936119936,0.618052339991629
2,0.119519532950211,0.554927226557145
1,0.851333596051262,0.167602128733105
1,0.263334684698459,0.024587305288828
1,0.522157524290298,0.0586231321323721
1,0.924038015558261,0.283070282299618
1,0.413272341479172,0.645778441720106
2,0.160893158229622,0.831772748121251
2,0.115928012674004,0.621824239723936
2,0.0791145306906507,0.665459653781041
1,0.436038842360101,0.049994662112231
0,0.773272200370984,0.187042873993588
2,0.624900723241826,0.350731592529266
1,0.706794862125139,0.102765411068555
2,0.788058521428504,0.332917981490276
0,0.186557267146285,0.799491690940185
0,0.390504035970458,0.637885342443961
2,0.130754236027768,0.522541873340742
2,0.0476132407720049,0.652884773744737
1,0.2332864596105,0.654176725570464
0,0.536790706916945,0.962677033266601
2,0.687241669686779,0.353251381426852
2,0.294359152551191,0.873207099821846
1,0.454074423636523,0.629430495747929
1,0.727732544580998,0.551399134222949
1,0.830254645017498,0.482458795882788
1,0.83959220832845,0.177015864117381
1,0.7724704764478,0.15532384537966
2,0.178420905196717,0.819892092284829
0,0.789034791770364,0.516352187206883
1,0.842502781964918,0.513692411080822
1,0.867835102719587,0.46098390577054
2,0.230411355998878,0.841104060861921
0,0.291379330539141,0.63714174152483
1,0.509996022988504,0.637504260214271
1,0.389005778222698,0.0425755222020546
1,0.342830226219423,0.0392055423059071
1,0.476306408353218,0.632541145188123
1,0.75294050365598,0.541833371135683
1,0.847909983754149,0.190711044612204
1,0.234957345228657,0.657517209063611
1,0.9064607812291,0.225472162267021
2,0.19997540466917,0.494247322109602
1,0.889833069159892,0.429379822057302
2,0.106745368055069,0.551096957319143
2,0.283093876552278,0.438061286689335
2,0.0664347302853514,0.652903380676962
1,0.92761520527922,0.256282491087861
1,0.253752062519564,0.677581941109365
1,0.239180720811027,0.0357940707368386
2,0.547738547621816,0.954234797881077
2,0.149833897056142,0.762590375750783
2,0.611072778253853,0.355609572149375
1,0.826827512388524,0.527779390532329
1,0.368614115414556,0.644723220461495
1,0.940535475972935,0.303021955219108
2,0.311423033600256,0.420001163409616
2,0.120394150324822,0.793854152902467
1,0.546485883993998,0.61474609698574
0,0.0154226917544073,0.645093543421609
2,0.136544023070777,0.537167011124908
1,0.742983540963746,0.551141953753571
1,0.895927760323295,0.289328668816794
1,0.89782591450713,0.231173628691418
1,0.697995686054242,0.126025919916426
1,0.850567364516053,0.475273002874553
0,0.725294263361043,0.959015545282314
2,0.223640341750329,0.830623238640193
2,0.568050587527915,0.941689000569098
1,0.225673269830352,0.652693746053605
0,0.325826979849039,0.0579073773345433
1,0.475208669082398,0.632293370536664
1,0.904329790978785,0.358219445121759
1,0.676280520205991,0.57400131865511
1,0.725347503590509,0.121308203409648
1,0.918505989425796,0.273311957139309
2,0.126952808504455,0.516448851334945
1,0.852311221159291,0.491212149822145
2,0.581175463286866,0.949195160793051
1,0.628922551576479,0.0860358880278946
0,0.388263768463126,0.63899799054457
2,0.767625426891872,0.343355622081325
0,0.272209569187419,0.42659087736298
1,0.535916575560519,0.624029554177417
1,0.743583562210235,0.568543185666792
2,0.156509650843779,0.49829662520704
1,0.484229547850025,0.0487384626775447
1,0.780034487582082,0.522432665897316
1,0.324584319185978,0.659147295391927
0,0.591335496088369,0.0826294724323635
2,0.170236727729702,0.508347106172125
2,0.336210764241248,0.901889846723199
2,0.46002757594732,0.943109269084861
1,0.236765830928145,0.668109778831847
1,0.719734473132976,0.587338737154154
2,0.738265344619964,0.359680047777912
2,0.598442770484812,0.358549272626571
1,0.913829591892396,0.448784779698827
0,0.137169134589736,0.56755289278649
1,0.916048069544077,0.339567257146379
0,0.191358535017942,0.658200622176804
1,0.885894809514628,0.43899098799719
2,0.309367202804073,0.426098353575426
1,0.937355800692849,0.3794976926442
1,0.540951789359583,0.637366933682968
0,0.884262939376168,0.486797303711438
2,0.314263447365584,0.886475087120745
1,0.555843893034807,0.630867216544157
1,0.538081104423217,0.628930393873027
0,0.383864686215858,0.922084364423729
2,0.543485113557343,0.379664475263909
1,0.671167657856912,0.106771569435837
2,0.222250048492037,0.857826238966958
2,0.0900800394241255,0.696305012716584
1,0.838596692258599,0.499711925939126
1,0.855119021579946,0.472371906152061
0,0.441812711313231,0.640765316915315
0,0.173982971648927,0.856843886004795
1,0.82326961968549,0.514776946993222
2,0.173426767511864,0.812278286404456
2,0.383164940774079,0.904914100023631
0,0.625469966295198,0.581698382938002
1,0.316234889855603,0.67369013309335
2,0.563158032872079,0.955719102096361
2,0.0728148104081206,0.631257381857801
1,0.863640818186231,0.217228173641469
0,0.01780316416591,0.630526382867855
2,0.081553885558623,0.760834848794475
1,0.820598830638719,0.503727728253605
0,0.313321433635295,0.445074003916484
1,0.683744843462244,0.586116134889544
2,0.625216580721535,0.341436201980873
0,0.145151017136821,0.741588817810566
0,0.343303871717472,0.630992449589604
2,0.229601253211888,0.452443002594637
1,0.289190065016492,0.660942551911954
2,0.0746220117125298,0.705328172077174
2,0.769883430681669,0.966754445375162
2,0.27729464668069,0.442498424235826
2,0.536935778462515,0.375017927742901
1,0.339595375831024,0.646137797787403
1,0.628224093578785,0.60680558681649
1,0.546847865923353,0.613581368058508
2,0.246510340988402,0.860934443905542
0,0.0765109666782977,0.781191747915489
1,0.497347892159908,0.631937736839313
1,0.487802527151271,0.0696255157246487
0,0.786931048648362,0.171103468318926
2,0.779405510933545,0.963015935394089
0,0.882580469767559,0.189763924830881
1,0.781518747042966,0.547031749991932
1,0.83818883318668,0.512262120270862
2,0.634259660557,0.338416667118937
1,0.556960709673024,0.616739981170883
2,0.188209439813045,0.469809061318914
2,0.715322849357662,0.337987689495007
1,0.804063770383534,0.166375068517392
1,0.579236489909456,0.612994553433109
2,0.318748619132303,0.889417276563203
1,0.485790500895488,0.624637904840368
2,0.168858802578812,0.835340020793356
2,0.54562613571705,0.947994094095375
0,0.601608071840546,0.974260459813348
2,0.424095502480759,0.395639799176055
0,0.743292993302871,0.959961399968889
0,0.262090699595501,0.432216940371652
1,0.919128324537212,0.303236354590531
2,0.412035276010482,0.393101887049267
1,0.94941298737181,0.306412634699018
1,0.23218208327498,0.64707525896778
0,0.513867171261854,0.0832898668886702
1,0.361036597570101,0.673532470076619
1,0.543844126579525,0.637382259816199
1,0.655393440531605,0.100963275043504
1,0.95214425933624,0.345217964932758
2,0.347609451673186,0.41229526993961
1,0.35000164964169,0.654447592530734
1,0.640301460056325,0.0821433377894017
1,0.461209749713407,0.631904133468984
1,0.68871489178187,0.122535063729361
1,0.764494591198018,0.558546347747739
1,0.579184001183783,0.0576444433108693
1,0.818503981266563,0.510755985953626
2,0.437973827061962,0.395264827351856
1,0.511415178054778,0.639606362488949
0,0.448132722625712,0.646045873154117
2,0.456919903420191,0.373442325559153
2,0.198316386565726,0.473566959930067
1,0.915492517381605,0.381489777156835
2,0.119124323639132,0.751695835833148
2,0.162807170883751,0.462730391758555
2,0.217117792925187,0.459798635295516
1,0.885516980292003,0.30107853898512
2,0.436008307553336,0.39399665418166
1,0.920511611036958,0.342580792790282
1,0.322651525852674,0.655304949646207
0,0.124816516392144,0.603028268923881
2,0.462446388549878,0.367596416826547
2,0.77324752222081,0.339668041134456
2,0.230037253960637,0.848002209401562
2,0.697229247748901,0.968623880776264
1,0.860332572177954,0.186530526802341
1,0.732842951718911,0.543745413427237
1,0.608988092743774,0.600931020339065
1,0.90544340140587,0.3846162268604
0,0.577888281007309,0.363258091764998
1,0.839488792338965,0.175327620692051
1,0.385476828529841,0.036475103053736
2,0.701405887159483,0.350096864163211
1,0.667063374117332,0.586007462196901
1,0.287581616507161,0.0375913882442924
1,0.912919827504473,0.256500210792846
1,0.286395906968266,0.0385251566706975
1,0.925687030333673,0.275469979161708
1,0.925799461082125,0.264999960017982
2,0.507942970189439,0.386460915551513
2,0.754362676056319,0.34723756951328
0,0.603119675273485,0.968805755825237
1,0.665893403799905,0.0807909473473782
0,0.0392437022300313,0.627644076560853
2,0.544659680723957,0.948867916549325
0,0.258001539899771,0.882098396458721
1,0.805462703258711,0.527494626179358
1,0.335423318451147,0.0336930266881138
0,0.385962844336375,0.922594839546577
0,0.208373875735611,0.0408503227508943
2,0.683545482714119,0.975946123127039
1,0.890412146421363,0.224279679943852
2,0.128076816481263,0.546520280637577
1,0.684737239131474,0.103507986635978
2,0.394218039530763,0.391572497394701
1,0.941783661453158,0.298237888670207
0,0.530167665068682,0.965090985681685
2,0.401575749698905,0.379810621009721
2,0.108747664379736,0.620511881357015
0,0.183329160898597,0.672752810711672
0,0.533590407323009,0.339125956694106
2,0.103692169715572,0.719797080414368
2,0.0752833123391215,0.613953076862964
2,0.78974814917817,0.335576393810956
1,0.262620282997901,0.0294188527295739
2,0.109032423609249,0.589108413241506
2,0.731704536933133,0.972468844430994
2,0.272728244770529,0.86594478054867
2,0.171990458800725,0.809970991585155
2,0.477428678774542,0.380205380280041
2,0.173490319974334,0.515417105277575
1,0.739034628925548,0.57347221268865
1,0.317631614866529,0.0325181263682991
0,0.0794933263076795,0.729849937677167
2,0.419723624786652,0.377537534628285
2,0.369476610631039,0.883101999774574
1,0.820637086927055,0.522450816663748
0,0.874468416480095,0.25264015609335
2,0.105629667190122,0.776946499814328
1,0.773056855907338,0.540168815806022
0,0.401268278992063,0.0313154934945778
0,0.129223604887515,0.728732769154382
1,0.932056283112016,0.355348988021725
2,0.514197679136189,0.952762446758562
2,0.0647450547501996,0.59143233683028
1,0.266759127411289,0.0278814287730758
2,0.346580422249305,0.898162591286268
2,0.450379509762197,0.922367858350665
1,0.67771556030622,0.0904126780110205
1,0.698016975648251,0.11580504680941
1,0.637744810303187,0.105732952324113
2,0.0756484687170858,0.673654610452603
0,0.341738173205506,0.0507183961155323
1,0.748018730008277,0.557088724913784
1,0.846073640625046,0.226214457515076
1,0.423583476038812,0.0605806586803472
0,0.8058287100927,0.333021965329386
1,0.587173132197505,0.607642590141294
0,0.602023585916158,0.965537681494223
2,0.490067376304382,0.396057715394384
2,0.186829575549362,0.492181576129762
0,0.701124709139994,0.946908926209643
0,0.329878002360876,0.878849100111524
1,0.789809137296272,0.137473473343969
2,0.781865063772686,0.355612955640041
1,0.750273433227576,0.123772323741253
2,0.235983721909062,0.856168295093193
1,0.794329035060437,0.127758117757371
2,0.234044048045637,0.838958882991607
2,0.468274400486982,0.382375455500711
2,0.693051789443056,0.347852658815241
0,0.459437350176161,0.401912993958462
2,0.227477976786958,0.457603588078876
0,0.597998301171325,0.360535199870238
0,0.195232961376971,0.0259459144129202
1,0.392611153500496,0.65988162563337
2,0.0617133261067765,0.593856849307363
1,0.91495409722253,0.32229882256046
2,0.103937668319008,0.558141124049701
1,0.3768681181391,0.652359571350184
1,0.886133624087055,0.330862789596784
2,0.590058065247749,0.345330983197322
2,0.248783925825831,0.853536603007293
1,0.665995020816917,0.576070513020672
0,0.788308635018022,0.501558133584442
1,0.488476399085368,0.0484462589403425
2,0.255006643852455,0.868263782032009
2,0.43411619218086,0.384912343851278
1,0.889416576207966,0.264384213511572
2,0.741168345693304,0.971301144998135
0,0.646301039323471,0.971100259500741
1,0.23878854976048,0.661587151938879
2,0.711761213119166,0.347128572377878
1,0.894833574333027,0.433944826668301
2,0.119985787968235,0.588129002735731
0,0.571642114145278,0.960945179974721
1,0.67361261269472,0.577419946194422
0,0.921728169947176,0.453633628395691
2,0.1155341299201,0.603868689243198
2,0.19392903256214,0.478716801415328
2,0.477695315711637,0.939871835939398
1,0.512428226953182,0.634276005889436
1,0.319502745460556,0.0294568775105366
1,0.467729599608773,0.637340806688188
2,0.490725707559548,0.945402692957772
1,0.416572144935563,0.633599630135377
2,0.158203113981654,0.503616257856614
2,0.215003494207925,0.834559283703357
1,0.920048790777541,0.37275549248033
0,0.272882679413556,0.0427036409106362
1,0.92096658600418,0.316526265558271
1,0.722987471892507,0.563691494577042
0,0.481475653671963,0.914081639268109
1,0.891115422003652,0.424125138503486
1,0.839389160517723,0.190830938817647
2,0.336610628434122,0.420018658441249
0,0.0531648980279816,0.753128216321687
2,0.105674568978551,0.772686508202099
1,0.799431416951698,0.52762237868563
1,0.80967839928303,0.491239728820328
2,0.571345571928191,0.946646020903089
0,0.12030322374693,0.594520949068703
2,0.735459854344545,0.978907920413172
1,0.905003750732646,0.412047116417835
2,0.200171960174468,0.837794226978685
0,0.156333488442795,0.758467782720884
2,0.408177812659802,0.926219618551385
1,0.872065656123128,0.208806478150647
1,0.919856435299589,0.317904199409146
2,0.238811045121985,0.466404577536424
1,0.913142073194027,0.380472039777415
2,0.13710092962406,0.811435112262283
1,0.30592933508983,0.0067804287663369
1,0.825168493767358,0.507756460171264
0,0.793427184556665,0.506103081226694
1,0.917884659430007,0.421719388541984
0,0.544620840050622,0.96198004961867
1,0.893911439551215,0.23788029444746
2,0.0907448490541532,0.59050892384832
2,0.773521690495376,0.973715235580899
1,0.893296015222206,0.213099774490207
2,0.0911195348025183,0.631444078047202
1,0.947513124056927,0.368352137600072
0,0.807004215123361,0.35375796090763
2,0.620141495830149,0.952428462195507
1,0.687262645060671,0.584290725254474
1,0.320296970232293,0.0347783227589938
2,0.417342103788034,0.383091429638164
0,0.866360391461005,0.255243130203511
0,0.658113144625923,0.0777818256751847
0,0.585388747305697,0.598881395483208
2,0.0804087974911479,0.772794875802974
0,0.562471204218188,0.373255305398737
2,0.498368411276118,0.949962262468696
0,0.451146563852194,0.917693384670394
0,0.586054991272067,0.0813365909199083
2,0.761014033739403,0.33850332209011
1,0.320957940634944,0.0236295926754161
0,0.722374036413238,0.10467632603402
2,0.288483796473149,0.420806758735607
0,0.443106420976381,0.918479845344091
1,0.681609277020015,0.588481583154973
1,0.852085719512113,0.200817823740023
1,0.890189914923482,0.357664111605784
1,0.690086289705968,0.589258337676267
2,0.129315424180899,0.513881124232999
1,0.272283366413411,0.0248620672126076
0,0.0729388033987679,0.720247811442301
0,0.746667880490729,0.103518856155003
0,0.590007503586377,0.101119246298887
2,0.608924869360532,0.333799964083778
0,0.597409160498714,0.966840593262446
2,0.14866375184749,0.829506297640234
0,0.785961404239565,0.50486789619774
1,0.266255248300601,0.650460795593757
1,0.90648398352996,0.403486638347307
2,0.623087665726895,0.349350191285831
1,0.737989142884373,0.55247322918541
1,0.843240030860493,0.178677140799485
2,0.43129469790475,0.382017376419976
1,0.909048920080419,0.275312354969755
0,0.460538508957599,0.65289743795611
2,0.739567533592131,0.339092044501722
1,0.521826047966264,0.631675606677067
1,0.806591999052539,0.547325619712136
2,0.458201033523331,0.376685267768316
2,0.618933320139143,0.346173770435378
1,0.291344420090628,0.66249168030452
1,0.628332785867765,0.629480078487601
1,0.773280456476689,0.533123063186717
0,0.842164830316775,0.147468341953586
1,0.828092458527292,0.495405001808252
1,0.751743850670547,0.536836239722296
2,0.587201051503958,0.949088847640681
2,0.173825970319894,0.494913424147078
2,0.74304792969393,0.969443143666548
1,0.884228146974827,0.444823278663529
2,0.226296949709677,0.860818708672564
1,0.415180348293457,0.636129555735893
2,0.725749848594038,0.976199311637581
1,0.937685415630102,0.409014802313399
0,0.613978826261238,0.0676369530722311
2,0.576480456104864,0.357747338699722
1,0.649340142988652,0.568630959061358
1,0.704394656314969,0.574504490261552
1,0.750190050271107,0.140269986403402
2,0.234689518292979,0.832694638402912
2,0.382844429595102,0.898367693732368
1,0.913203564289444,0.451762104067689
1,0.271615645369908,0.0347363948032325
1,0.491697482229764,0.634446092982663
0,0.609238767326632,0.598352065881048
2,0.21932070168438,0.470595792388044
1,0.278580633169676,0.657755496416544
2,0.29343282882395,0.400937457845446
1,0.942012190730436,0.365923124031381
1,0.80921154455957,0.166747015592559
2,0.0499738938780112,0.673469768793249
2,0.598769655288588,0.949478212847228
0,0.674968010422216,0.366304432606955
2,0.104120828373608,0.538811993792861
2,0.57730292879636,0.343871568304126
2,0.0773493787445743,0.672913337817236
2,0.276247843218585,0.447021343559035
2,0.612739152735818,0.948018520336834
1,0.755400652017816,0.133957290639022
1,0.257111787134484,0.653999614665576
1,0.850959767285729,0.500743004360297
1,0.576120985202842,0.629375414992415
1,0.34388448232838,0.658585795109182
2,0.752671690966349,0.338066337240789
0,0.257150334926035,0.485211433119138
1,0.88158260327693,0.22710818226672
0,0.274063990502896,0.434988211049962
0,0.626013955494933,0.0742338272262447
1,0.641861483664204,0.0877065803024376
2,0.711305723892847,0.326967294420675
1,0.22638456861658,0.658851372892311
1,0.930892880325965,0.322014338612386
1,0.547685315690234,0.0678012114942739
2,0.15834697971526,0.800322575189827
0,0.622750492323498,0.360387520948404
2,0.260923675727002,0.879152418901157
2,0.745640518885505,0.964155028394729
1,0.951952787153957,0.308559759561902
1,0.372951252095985,0.0148142034679092
1,0.746946185387488,0.553556889054262
1,0.918587299184411,0.321552333495442
1,0.535930449734837,0.0773361848974455
2,0.428716940838889,0.385550190803141
1,0.822361406923421,0.508598329916295
2,0.541428260357909,0.941711160174959
1,0.371850909187421,0.0430266294839982
0,0.876900489134547,0.343870331242325
1,0.913526151106362,0.268040537963246
2,0.132886818108502,0.514672875074397
2,0.0480189069872681,0.623276063324991
1,0.883103415013045,0.444502214851281
1,0.539884763390459,0.0683489154845301
1,0.816029693952119,0.533825043418875
1,0.512347342006922,0.0645433418510704
1,0.604808105868068,0.0858747694637823
2,0.316353183610783,0.89340845373331
2,0.739894565905004,0.964142753257013
0,0.17672088272757,0.795601842289272
1,0.815494414009731,0.52529356985193
2,0.0852140242045937,0.528007091072104
2,0.453413577496098,0.376967133351068
2,0.0534283746986087,0.642647658705799
0,0.973661280859012,0.312085611765267
1,0.654020176146344,0.590969676751701
0,0.252326893049098,0.838878546674181
1,0.501417511360655,0.616661247409265
0,0.684277677241224,0.362149555292325
0,0.244276628552893,0.0554969345206708
1,0.771532485298593,0.542709567580685
2,0.156502811667128,0.486083706156402
1,0.269600469334926,0.0137211041836083
2,0.0965108788613904,0.560446287528529
1,0.912059721844505,0.219060318715336
2,0.0468303137115041,0.695013946547568
0,0.828856169628132,0.152483990312937
2,0.168270025792981,0.489907523953075
0,0.566111703723557,0.0846809207528158
2,0.792685527708771,0.963225408647939
1,0.237413899986212,0.64802414454189
0,0.925989035669563,0.469598242904148
0,0.865091845733981,0.434018289696749
1,0.278558500946699,0.0318563005399897
2,0.50270279459142,0.93318821004399
0,0.808075692614036,0.153287496948379
1,0.893696107469135,0.32954142618356
1,0.396799980805747,0.643882803231511
1,0.92736525660447,0.275609291530737
1,0.75871583929941,0.141128186192129
1,0.273146393909797,0.0125229164974168
2,0.542530064310312,0.367515561825144
1,0.554064074815552,0.621139457157133
1,0.693107039132698,0.101910428406056
2,0.0928964098863868,0.659093760246004
2,0.338988404018768,0.437995376987223
1,0.902188834314338,0.323459560808176
2,0.0926773123657046,0.561777878343274
2,0.739785647675855,0.971285979967551
1,0.93101607708721,0.340980055852131
1,0.950372882840858,0.343744803746758
0,0.368018267594071,0.935959586122613
2,0.730793104337443,0.342389376108987
2,0.690759422868266,0.333221665803619
1,0.897191472174507,0.429884682934141
0,0.639805884956151,0.362956521742179
2,0.45342572953338,0.93405728450236
0,0.650960831012814,0.960318866674773
2,0.495477991424161,0.376572051758037
0,0.0369155699349453,0.648053613161158
2,0.229626836502767,0.445217128750181
2,0.076355178923048,0.589028055450024
2,0.785294475319694,0.354498958214782
0,0.683079612152726,0.953706271935984
2,0.113832476726769,0.557173095955573
0,0.0507972653594343,0.727468481183173
1,0.362691803436853,0.0363209346116254
2,0.0820239344280429,0.652523297734445
2,0.104130872274647,0.557100198312362
1,0.501201063320587,0.62184936654444
1,0.885592598691261,0.335394913119815
1,0.958812472318034,0.269068337896385
1,0.950367213075586,0.338883955476621
1,0.556410130810382,0.6180556286684
1,0.7497439051697,0.144352888215299
2,0.119309891337663,0.560482826084685
0,0.315805157634878,0.045066434402266
2,0.195803112168807,0.492458874351582
2,0.327863386503672,0.881247822896269
1,0.250068598885956,0.029003869367979
2,0.350055465458038,0.884656677648003
1,0.775205248174057,0.156413365994174
0,0.629580566206615,0.360657869041202
0,0.246137047353844,0.838638861974332
2,0.126006740070925,0.521080001620946
0,0.865383968355675,0.432629470644378
1,0.673739223725909,0.574783187420669
2,0.406160545431927,0.389083293517158
0,0.150633935963132,0.568592961037206
2,0.36576665843446,0.902126796480062
1,0.268467343096649,0.65422208041322
1,0.72236293320294,0.572205521852578
2,0.0712154574968666,0.570081288467993
2,0.0633611524951394,0.601968387726139
2,0.135602797549915,0.506082151021624
1,0.929492340895584,0.247592448803193
2,0.764545955726959,0.352329438539047
1,0.612433080287764,0.0884325686634544
1,0.506339228730148,0.0696255297896996
1,0.47035418546438,0.0505908023986736
2,0.0849284810343254,0.733005047348271
1,0.821766746627272,0.49547891691531
2,0.141421645412435,0.499639736293427
2,0.108217293283936,0.705157512179908
1,0.354456425440849,0.0304410045716532
0,0.608024130464059,0.363341221064957
0,0.660156343685371,0.961495317662439
2,0.540488448424201,0.952187292847382
1,0.914024314135088,0.379472083304527
0,0.197491047234037,0.780672531329724
0,0.505425324306837,0.0368551202559807
2,0.103830052749492,0.577954881381194
2,0.098099316925148,0.777519730370094
1,0.884456931502079,0.236903838491148
1,0.918966358493881,0.383668538879267
1,0.545622241032509,0.0489921466934596
2,0.128040118382671,0.538850178167163
1,0.56549481718981,0.617007068375276
1,0.915813569442532,0.311294585133639
1,0.565764456279198,0.063377482050723
1,0.818906576635897,0.175277433374471
2,0.653965065716796,0.3301863805187
2,0.263743538555054,0.446885674706624
2,0.25670729454464,0.469044374203548
2,0.135935086832024,0.525951494316978
0,0.689941532168129,0.360460507704544
2,0.406744834414338,0.379767480222528
2,0.124849798230861,0.523800462430932
2,0.309265244849709,0.422467813997761
0,0.85851896198989,0.528270637706417
1,0.429560934576054,0.651068919541657
2,0.398689418976786,0.915717067990015
1,0.847434408898207,0.212638773876101
2,0.715895723163692,0.34604244812971
1,0.243443670902683,0.0334999332046376
2,0.0843818902349126,0.604548652763509
0,0.546604849597696,0.354621751195412
2,0.512799241701421,0.940013191027173
0,0.872414656675505,0.424209945418335
2,0.22359398381353,0.477122381190884
2,0.30619111751768,0.875658210160775
2,0.297782188858711,0.870171117174175
1,0.860735889394693,0.225506238024436
0,0.637191549999324,0.589021080405787
1,0.911478471556409,0.273024801243182
2,0.197106062245892,0.492846439875969
0,0.0735937013344611,0.740990588802881
1,0.882570382187683,0.433417719520623
0,0.79763775922712,0.173858386627136
0,0.133738642766136,0.560539712754082
1,0.586782154867013,0.632453248769967
2,0.446227790893773,0.926340283784938
0,0.494132565725278,0.0324647992078763
0,0.26173979784257,0.885937666219409
0,0.0747802540115522,0.530029749500826
2,0.436161457770806,0.385303864300508
2,0.107371373442537,0.593038148781174
0,0.611683046237962,0.961615189112479
2,0.692950645268437,0.978346169791945
1,0.377422658038075,0.0502337014922153
2,0.349074117497416,0.885874235777746
1,0.65651073720484,0.583588047103621
2,0.219679329615508,0.872025649855537
2,0.0634323894705499,0.687453613506277
2,0.135417787800967,0.505983611519833
0,0.363542015205625,0.924825508603274
1,0.399064549303915,0.0311011622958704
0,0.242831718333728,0.436705152966816
2,0.616076287878791,0.95745289976891
1,0.41096144104157,0.65477112334474
1,0.675160323344475,0.587206007699774
0,0.478637978882417,0.642277830811409
2,0.544666456403023,0.953097817897523
2,0.631540764997113,0.341435965279094
1,0.545399258239557,0.606919832424162
1,0.884254652348282,0.246127032864864
1,0.892570730207281,0.24013044004765
1,0.486475073458271,0.0577005904268052
1,0.746594932699261,0.546609644652702
1,0.606685275952528,0.610556050073095
0,0.699903749662503,0.948216736564043
0,0.58326649896815,0.0839322012060232
1,0.914062011420691,0.42985189707752
2,0.0933060667801694,0.582962988928524
2,0.218910717631048,0.470902738204552
0,0.543171872903907,0.355698904827608
0,0.700568226212901,0.362193136913049
1,0.832776135586235,0.164823197505982
1,0.566695577036477,0.618846257659142
2,0.397934643213087,0.393329889700031
0,0.469099983089507,0.650560979438069
0,0.734021922875771,0.118112633601827
1,0.880559850691856,0.31978810990367
1,0.844785199163398,0.497196216169091
0,0.440615813439332,0.0340526968307803
1,0.785927938625991,0.539084478398357
0,0.318679214787341,0.0468187800178285
0,0.838724275051204,0.201631503164329
1,0.927834389300484,0.258374724917522
1,0.4823291260274,0.0563991420472771
2,0.175990445951425,0.501306879463221
1,0.840561766952628,0.47771127221
0,0.199393977693593,0.524325825912851
0,0.571493293291788,0.599778532130073
2,0.172872194031989,0.493799026433975
2,0.0681463624612739,0.689596414831819
2,0.659501372424069,0.337477779398042
2,0.0915179117744526,0.748313426318304
1,0.440847872340238,0.0510729513358704
1,0.887509544195543,0.215442711557617
2,0.138232826013045,0.793673122121256
2,0.094843166021719,0.546665577932509
2,0.518558338340304,0.949828886324929
0,0.884377743141135,0.496621288416043
1,0.424295676752924,0.63152639513465
2,0.318374158998584,0.896672702468224
2,0.54132540478896,0.937925470127168
0,0.131410829759796,0.759646785028426
1,0.652183959232984,0.11121319917049
2,0.235702984601584,0.457717566508783
2,0.479935266240567,0.944989797466144
0,0.516670260679845,0.642983415241974
1,0.392533596817199,0.0230903279546453
1,0.935311833505001,0.310339736015266
1,0.928850301685524,0.422197173834496
2,0.271620126451384,0.859715589781585
0,0.120342832298146,0.74811115972359
2,0.499724491904683,0.931408112617167
1,0.737144967364775,0.536936760013734
1,0.784721326225984,0.557698823348317
2,0.462291291586532,0.942309946958498
2,0.0859812691378538,0.579252342358378
0,0.251775899612091,0.0467722896146316
2,0.639164709325802,0.344911240975658
1,0.429002391968035,0.0420160519707638
2,0.145385730186355,0.520397841400077
1,0.792977627081188,0.131486074541692
2,0.718467716908251,0.984788000089239
2,0.14021914295468,0.794924244225954
2,0.526291407703833,0.943368898824409
2,0.756702236527729,0.969738443609826
2,0.0797371104226331,0.6864901622651
2,0.0588706232701968,0.635981183035923
1,0.710363427728545,0.574493115436104
1,0.91870101989369,0.440838536471403
2,0.218950087108233,0.8443272297962
0,0.452124785871397,0.648362944262974
2,0.271047768459833,0.465708146330109
2,0.6644303185961,0.355998333852369
1,0.294396128489386,0.0184729000271873
1,0.677029175587878,0.575251163874978
1,0.938575839184437,0.381541351194143
1,0.504564499270935,0.622305811565892
1,0.909151141844555,0.248264601892179
1,0.929072251815353,0.33667126565806
1,0.445339519910275,0.0429154362496644
2,0.102337378967738,0.532941690935183
1,0.863992438406347,0.456672319534798
1,0.512099226998013,0.615461961649028
2,0.495749669412393,0.371812398730546
0,0.67511163948273,0.957211736882092
1,0.940866527524965,0.39749911299356
0,0.690435618218854,0.559710971233605
2,0.259387597356138,0.860571050604761
1,0.831757929620813,0.506360955894364
1,0.658602602158067,0.0840943553894183
2,0.146529755702969,0.555076232612867
2,0.0833915416566901,0.567086636767475
1,0.479439131119893,0.625810555300232
1,0.244636570911116,0.0279143075630923
0,0.276745502925102,0.0423812471520017
1,0.861795401111511,0.231873493202822
2,0.778115360631204,0.961980122607422
1,0.708318216413851,0.106482794175058
0,0.674064153358949,0.604988661656556
1,0.389028562944289,0.0525200203874323
0,0.623576742112478,0.590386544587366
1,0.914794211920358,0.432602062319614
1,0.37034933701908,0.0495481339732285
1,0.806483378040196,0.505931027925015
2,0.0775071848426592,0.560403014827576
1,0.835235234064791,0.196341157038222
2,0.0758244807941237,0.71160991784586
1,0.709335526476404,0.119374523534487
2,0.276518751635929,0.846354414671499
1,0.866303870546406,0.489481454706127
2,0.531074863750516,0.932162289929602
2,0.179190908195627,0.836296259340755
2,0.0753152890612604,0.680336295891789
0,0.283067431963899,0.448490179691744
0,0.551208104633822,0.359865031800068
2,0.141103672534682,0.502874602945609
2,0.0994799612996826,0.67891624399313
2,0.749278071604419,0.338088010594373
2,0.0914511117117678,0.539183441383161
2,0.0488492430762659,0.653407234240675
1,0.452967517947366,0.0485983272269404
1,0.591453485028712,0.603892330863771
1,0.878634908524235,0.479165329152089
2,0.357688359837044,0.919298670888773
0,0.634724326723638,0.36425261545674
2,0.414158172888779,0.37373003658588
2,0.313309297237157,0.893549250278324
1,0.53706415274068,0.0594609973829501
0,0.853260260352194,0.261545814793312
2,0.0706853147385362,0.621469321192169
0,0.282790011432332,0.456806978811278
1,0.836315602354708,0.51657307136419
1,0.894410781497886,0.453003705151402
0,0.78353724082402,0.17224259168144
2,0.792489434357629,0.347394138143917
2,0.654529827135317,0.350758167283242
1,0.915613972667314,0.316929785209911
1,0.292680074527515,0.0251150025083396
0,0.506451412623216,0.640395190015314
2,0.207766288374962,0.83621169357117
1,0.798602567481533,0.535749058683283
2,0.265626941626183,0.866222159403053
2,0.369394269733719,0.914492511431492
2,0.117677540939656,0.752798552631725
2,0.313658744972255,0.89264819569528
1,0.910475382031734,0.429551886670405
2,0.0717116663106306,0.694511388430108
1,0.867729004037436,0.486517010865354
1,0.851325619871123,0.482790710675532
1,0.565308429301855,0.622989320206563
2,0.509865890691127,0.941576685680181
1,0.853870219852449,0.22169633530744
1,0.580964542835951,0.628540467696277
2,0.71540490906398,0.352602945597823
1,0.39625358259812,0.64418244333292
1,0.296163630004522,0.657234493283308
2,0.495725580888365,0.364328823687579
1,0.945188270610537,0.424637917311392
2,0.75764212844246,0.349407236904348
2,0.0606298129573832,0.58834811933813
1,0.414158494897508,0.646911816776866
0,0.359312625780306,0.638821387959853
1,0.908375770099298,0.276193997870957
2,0.217532971148421,0.469880259708263
2,0.049995493703405,0.617975574430067
2,0.108430162010436,0.633049439524217
1,0.925594308328475,0.434865099710508
2,0.0691730097789195,0.69114925422626
2,0.425051824317548,0.390297258171129
1,0.535123766835057,0.630096915869535
2,0.0713670921029421,0.580255038184013
1,0.944589827818465,0.27200366950237
2,0.104557872918487,0.557858088970677
2,0.0963399783581276,0.702782848004563
1,0.887866046269441,0.24329353542229
1,0.617747186611868,0.0955381339339607
1,0.384697832929865,0.0355602682473967
1,0.354404140457134,0.65129940467867
2,0.234259340280029,0.843904277139891
1,0.831997121854706,0.498690018134326
1,0.874041031954442,0.455735801279036
2,0.294737725458048,0.894725748110495
2,0.394549100748813,0.412585050824015
1,0.213699445947961,0.0322819008714607
0,0.211874920884172,0.79862745089277
1,0.228957423147044,0.657094077919466
1,0.707015720835069,0.566508045933603
0,0.242122549383569,0.0418978512375715
1,0.750609008390629,0.549438203009125
2,0.0716161275114322,0.575717306649018
2,0.303598672955565,0.871194259157454
0,0.960661264143826,0.349210774423801
1,0.256178875747358,0.0378730870496049
1,0.454978377713448,0.634712738246019
2,0.091156345810566,0.597739124163372
1,0.349962048333408,0.033469941027239
2,0.498867452834901,0.942203181891845
2,0.248910974052672,0.879993950757406
2,0.632824943666176,0.335206718162538
2,0.771088051481145,0.356164340328891
1,0.347369931797913,0.653874042933499
2,0.351614752364574,0.901566586495139
2,0.430153652267181,0.390300920813178
2,0.0926146194460731,0.745308316597286
2,0.109096089241912,0.562910191483358
2,0.0549866712878553,0.61909951449981
0,0.172718217442716,0.793813605413629
0,0.22682834699796,0.486385694337651
2,0.23224128026205,0.829026164166205
2,0.31421933626548,0.872533082210643
2,0.586874314210538,0.341732073394684
2,0.350198946227545,0.918742682202964
1,0.923480414994406,0.312095706859239
0,0.275470867734439,0.0437079349895225
1,0.675844847938139,0.587894508522873
2,0.100653884714056,0.671752740784342
2,0.670460422630422,0.359180214732622
2,0.467974075221038,0.38092468040218
2,0.549231847231796,0.942595587070478
2,0.772624616818851,0.981665745514039
2,0.119355027135127,0.525857953973726
2,0.373928153528401,0.912789101773047
1,0.847931652037416,0.200571527238343
2,0.210374583275524,0.477351101457168
1,0.749703270238203,0.146337221571981
1,0.293823239276459,0.0331327239657991
2,0.264390163887508,0.456337371972878
1,0.589110604361936,0.0607405959341748
1,0.887017951119368,0.239537856218322
0,0.65013444368205,0.123165464328657
1,0.903634677698634,0.369271199538247
2,0.551071889661115,0.952644076485441
1,0.325131247587722,0.652478624326123
1,0.223142866100173,0.0367179931614826
2,0.0865136950257259,0.598403543052178
2,0.492580048912792,0.381507834316106
1,0.373302315769182,0.0192147921873826
2,0.288338574762564,0.876877932166446
2,0.750308039292826,0.972922025819504
1,0.94792242070128,0.31343186855599
1,0.241052178264432,0.660785811174272
0,0.777395890416154,0.957076272922488
0,0.72816799396961,0.111551035017487
1,0.718051267244241,0.564948208748468
2,0.540507153149526,0.373064366315966
0,0.662727296671006,0.368986078934777
1,0.773728098460057,0.147211793338452
1,0.871941782509625,0.468000157821282
1,0.814924666929311,0.179890944563206
2,0.152405328215133,0.786140038892524
2,0.464909840081034,0.389402095702001
2,0.369569527991274,0.392100399361664
0,0.646836910514479,0.966212291042655
2,0.324684692567013,0.428957594922959
1,0.916725457779648,0.421892443532254
1,0.899290292784033,0.265171641620607
1,0.662824663329525,0.569721429345446
1,0.833518116400615,0.502649196341154
1,0.46359247338324,0.631861280001678
1,0.853325272997013,0.185507055172992
2,0.195087213220926,0.501807565403159
2,0.187201562460659,0.488956540768098
1,0.399593028908034,0.023820243833628
1,0.729906366227942,0.57201557829411
2,0.749121857193218,0.967603704569106
0,0.96860066617379,0.292077145725517
1,0.722201337287877,0.58149057628314
2,0.219866132989217,0.826725799586869
1,0.716743947017279,0.10632640699983
2,0.205863904286059,0.457864224420655
1,0.50068755450332,0.0520969432540677
1,0.688240884215286,0.115157188152
0,0.352978750258658,0.0428012607222787
2,0.126824880133831,0.536148235987707
0,0.267736430203911,0.415965762566907
2,0.306548409481011,0.411445236597966
1,0.88864885442474,0.464826080319234
2,0.0522678304150565,0.659391630598918
1,0.912772415927168,0.4128470184054
1,0.88841151185019,0.238225877495013
0,0.806409216227487,0.148351023605852
2,0.509757210351544,0.36382959269141
2,0.0857925538320663,0.762083723683905
2,0.294018176162828,0.421981470533663
1,0.848782479329137,0.517630273168467
2,0.635417825034708,0.353907391160693
2,0.74669994704536,0.339049570002669
2,0.717818895292608,0.966329484662632
2,0.255624780113874,0.449437606116234
1,0.775696125342273,0.158175630673995
0,0.815577982427832,0.142068131061931
0,0.865789659458242,0.258097977330671
2,0.5776079686059,0.348164544130186
1,0.949943948847853,0.377758209894713
0,0.383047406682712,0.63811405371508
1,0.617650252851114,0.601323365283074
2,0.390947056834941,0.406046771992982
1,0.918542041928253,0.350256525252155
1,0.920709158675145,0.426341298517992
1,0.40237657093874,0.0525630064366285
2,0.106322623609213,0.754417986990277
1,0.932291924331679,0.419996412966465
1,0.674992084832059,0.569161600966212
2,0.509423095148184,0.373772113044004
2,0.0614394565306275,0.661408103509898
1,0.899103425537412,0.239629205004911
0,0.345930729493439,0.393296405915638
2,0.566516389008443,0.356888602000774
2,0.0401642217913094,0.635448204622978
2,0.280953498236023,0.43761247297732
0,0.11038593163102,0.516396436489569
2,0.361618539997459,0.897733271461873
2,0.176405540092805,0.822801967448024
1,0.28839826651021,0.0218455790763457
2,0.453541173281313,0.388834238442428
2,0.111336818143477,0.547907349961051
2,0.786649640256015,0.964242859315069
1,0.768966519126778,0.53529176039792
0,0.876648305173322,0.416125677117465
1,0.554044974777221,0.0674656527459101
2,0.528681144785825,0.379557375864723
2,0.368734955618275,0.895448140576969
0,0.391522573412857,0.620867842572602
2,0.747807771474832,0.344259028675035
0,0.966485138405442,0.293394989939442
1,0.31355273481287,0.02202010757727
1,0.442924685766447,0.066709759534112
2,0.361098863505634,0.399319686343675
1,0.215852494252253,0.660116915717827
2,0.333784662484528,0.414323227599722
0,0.602811137076305,0.598256842032344
1,0.623309355283044,0.0845473686102652
1,0.842886171997756,0.171490108117987
2,0.423560818537192,0.930566219186843
0,0.240393478660151,0.482122717514841
2,0.333122425705031,0.893354177717758
2,0.144767836014474,0.508099752206063
1,0.789340693415163,0.547521904273336
2,0.421905646577548,0.928493939236259
1,0.279618883821413,0.0142475841019534
0,0.619374176715111,0.0742254484368887
0,0.176394610145267,0.848258906947215
2,0.357814437044726,0.414245316230307
2,0.297813664068536,0.432473785724829
2,0.0999832643344303,0.555646324367595
2,0.195420104411308,0.504447144592006
1,0.927525093307075,0.421091925950114
1,0.937421526909142,0.396067870731832
2,0.398646982317754,0.395334907424931
2,0.069746701709352,0.666702383210742
1,0.93785425642967,0.260577654450419
1,0.370248968028886,0.0441448225831034
1,0.908496436162384,0.26466625710757
1,0.595692748594273,0.607358757935669
2,0.208428692864327,0.841387636918963
2,0.58688204812933,0.959820677532262
1,0.519015825842834,0.0642066699088611
2,0.323746504492756,0.900812776713127
0,0.517228883961596,0.354541436693533
1,0.406073848524341,0.0575381828331186
2,0.696318486336103,0.34496294469009
2,0.652355325788085,0.353212299467449
2,0.745778343732029,0.96546648542378
0,0.96813907144517,0.441059882832472
2,0.233997744367745,0.851263906437649
2,0.679808817430682,0.351519501177052
1,0.433814793866759,0.657596449278818
2,0.722228109323619,0.331346980691422
0,0.293181035629245,0.449854859616761
1,0.937848854776503,0.334645955838006
2,0.33038389534896,0.907065638548443
2,0.601215022226863,0.958933315420819
1,0.924293120824994,0.278465296099053
2,0.446614014238128,0.377952211705525
1,0.577068520355153,0.0694589166067511
2,0.700971805534231,0.965542778007908
0,0.274728961509445,0.885618469238858
0,0.650983882411789,0.94190884952328
2,0.357330432919034,0.907128365012413
1,0.500487665026329,0.0534572703050862
0,0.136676922098718,0.758970833579181
2,0.328570879775657,0.420528724040922
2,0.179594049307843,0.832174821524565
2,0.208331024602211,0.460446220094592
2,0.724548111031873,0.341965820229523
2,0.231150907254491,0.453824919848925
1,0.773515891289788,0.124338659802669
2,0.0906600835856238,0.544610821844754
2,0.636624829141409,0.336923283951044
2,0.107123239071577,0.55008075728287
1,0.935487230077938,0.246766526244326
1,0.779915913178307,0.137098702536682
2,0.212153636454394,0.473464954105004
2,0.356186126875418,0.89602249143237
1,0.802254223638209,0.542446279122722
1,0.913693094470818,0.255176695863293
0,0.257256320205071,0.437888960121712
2,0.320070968403981,0.898829007799681
1,0.45785750217388,0.632030667838985
1,0.719607661028574,0.566774370884449
1,0.912691235990327,0.23371542050916
2,0.359975474287905,0.404016902566355
2,0.211540977944555,0.84125773180344
2,0.143075491510376,0.527148944334469
1,0.740187061052676,0.155322795338083
1,0.908987091692201,0.348651571799024
1,0.90141125794373,0.461238690396025
1,0.547049931617848,0.0571135501496628
2,0.4122958180567,0.375219608538714
1,0.520906467838426,0.0718430782823241
0,0.648856615214957,0.961961674142671
1,0.622596553466737,0.0878796482138498
2,0.16537486783355,0.834954654872476
1,0.530955100594388,0.612685604724643
1,0.444424890291926,0.0536671514350826
2,0.260496372882739,0.87311392570791
0,0.862589140927385,0.523193265200928
1,0.407017371884604,0.643639549623043
2,0.205041817533391,0.474250530765152
0,0.562770532389541,0.0837524061262357
2,0.0999827324336641,0.561874899276321
1,0.905587753025305,0.325161366944618
2,0.0992273648158214,0.758104206388698
2,0.540108815707257,0.959355589978439
2,0.560556175010787,0.35586323105329
1,0.864493297178438,0.471344096053757
1,0.624944387332923,0.117591684571894
2,0.252809419392528,0.444095712854925
2,0.563733885916645,0.959665232246222
2,0.495304908725429,0.383320118598094
2,0.160063425422452,0.476649887779305
1,0.379678112685962,0.640721728038899
0,0.0686860574033447,0.73979051107375
0,0.660378441583431,0.361398874353174
0,0.737834960381309,0.103193184109494
0,0.608401613311702,0.96230281951255
0,0.797596898281926,0.519938410836776
1,0.416786260660108,0.0452965071508083
2,0.314620369661649,0.420785492288117
0,0.287823066458795,0.0
1,0.921120586732636,0.320170349320428
2,0.193716048536576,0.833303191860436
1,0.791393555825509,0.528044844244106
2,0.612620933093351,0.343476421637521
1,0.425949209016321,0.629286696006474
1,0.909744875355116,0.218121582583349
0,0.120056607922044,0.685597845123415
2,0.0987843805377354,0.630078142069009
2,0.739250709900645,0.9733680962926
1,0.685088763093267,0.111536110131246
2,0.617232379583483,0.959188283508141
2,0.301438370962572,0.879039467037454
0,0.429483109953864,0.0371127288230345
1,0.483726183733489,0.0654051842484143
2,0.237927990926931,0.459462936591977
0,0.277993251937856,0.0412032090822607
1,0.952249845511367,0.396575024748184
1,0.541783574268147,0.0640486379800561
2,0.71323336489202,0.337985542317177
1,0.697893518249686,0.577686083360636
0,0.650800289873624,0.0703830174879757
0,0.42358731647124,0.907577032785496
2,0.603418523821344,0.955434948008669
1,0.464736426022833,0.0719397979244853
1,0.93869054703361,0.397224994066029
1,0.929574703868458,0.273616088327224
1,0.944703562788796,0.324995935702116
2,0.195282317229187,0.496064816748934
2,0.122934088301638,0.779539521497436
2,0.485366083277751,0.93125943177283
1,0.936676870955845,0.418394022920634
2,0.359987147426404,0.409290893979635
1,0.647740196634826,0.592378165295887
2,0.202883736501245,0.459973206935568
1,0.700403403637038,0.111616687260121
1,0.383392699014457,0.0480971065465918
0,0.786480553179841,0.172809198000714
2,0.249447970720201,0.861641988498373
1,0.924181025148271,0.414423152320694
2,0.459535707772278,0.939178590198292
2,0.111748530656633,0.773681404678568
2,0.195151402528194,0.472657566407995
2,0.258490644467687,0.870616820822672
2,0.521801356419944,0.939660090214699
1,0.563411887021714,0.61663738169256
2,0.193772917614688,0.818474439163528
1,0.919534910059558,0.331037083421724
1,0.608616639030194,0.607254300632564
0,0.206528397172676,0.500879917638653
1,0.898586913782925,0.446797527330481
1,0.905276827131816,0.224769025053911
1,0.930996726494083,0.323659563272588
0,0.161714942937531,0.784674221856989
1,0.908548853749846,0.250669589090327
1,0.797729435899637,0.522781324011553
2,0.323860681235081,0.894923154770939
1,0.954982556806473,0.41594383921535
0,0.40196769224822,0.914706129460193
1,0.896082746704783,0.425476614513522
2,0.387146791764375,0.398138923585328
2,0.227067921943631,0.851715620230579
2,0.699278399568375,0.342443302110725
2,0.179983887877941,0.498951825272076
2,0.0887289521925294,0.556952149536474
2,0.193039171052738,0.819460931583676
1,0.753604159478001,0.534088826540142
1,0.89882135365483,0.260027885302045
2,0.209107524162076,0.477815353464403
1,0.505205696544352,0.612117995077223
1,0.919966512484207,0.2887617752759
1,0.899738199351028,0.212819642129053
2,0.112047737434099,0.608521396755993
2,0.142367162431125,0.545439444005047
1,0.2974486829683,0.0391791885203533
2,0.308379372599116,0.428340731539766
2,0.0731030279434506,0.670449371643246
2,0.306570129555323,0.438441934599322
0,0.0254192249256367,0.673569252077838
2,0.696842485734499,0.966847170410639
2,0.248453678828923,0.87920946858455
0,0.637051431926136,0.599792405757374
0,0.880396219877482,0.48547580409533
0,0.673743940404678,0.955329745633811
2,0.789328830702057,0.356180418697604
2,0.0738850426389376,0.642466216176154
0,0.401248697804812,0.414293857635537
2,0.143676007558015,0.813568188525751
2,0.0899894558277793,0.713903491808971
2,0.199755888520409,0.483624724380298
1,0.697909736541612,0.127720804949501
1,0.911544330492305,0.299477600414326
0,0.566829966443873,0.963390680923594
1,0.602881604472266,0.0849185387481431
2,0.141002316946192,0.515711510445346
1,0.235878574208896,0.652269262873091
2,0.138016346780363,0.504589719597394
2,0.784474902733754,0.32659325674867
2,0.320998255540078,0.409194525820737
1,0.379146584226976,0.649065794067885
1,0.256379006586046,0.664385323203517
2,0.59849011788298,0.953389852905955
0,0.785051573751296,0.516568090707946
0,0.302081406077135,0.0446609598225321
1,0.770754265386881,0.153535864984299
1,0.918502444073692,0.312183207856995
2,0.0802899590949746,0.706095461600782
0,0.556183595367164,0.352632506632787
2,0.531917271360303,0.94922974797718
1,0.571734383980672,0.609826820227426
0,0.26109816897446,0.396582128506543
1,0.911601088743471,0.251520942306831
2,0.557998613866159,0.364991917159731
0,0.0431008288713287,0.726755713753753
0,0.675099048231015,0.950342256760872
1,0.210239230388543,0.645780842956407
1,0.252770556303817,0.657499829152621
2,0.732931614872233,0.346197946751697
2,0.378014608457641,0.915395249032507
2,0.456449470008389,0.375713808651476
1,0.366921658864686,0.653779830086372
2,0.441389819454185,0.921462941680428
1,0.890798348534215,0.226942144840176
1,0.799256746910035,0.152312018866934
0,0.731350090433181,0.510406969261678
1,0.303461986695984,0.660774028030542
0,0.189946110940928,0.665249491028828
1,0.359865432324149,0.0329418789447262
1,0.497176996452663,0.635659519672507
0,0.412131464429616,0.0396738242401153
0,0.81008576623902,0.350618180913033
2,0.129349513344733,0.779116184932157
1,0.25699250603684,0.667675021722397
1,0.944494240555107,0.357645194436836
2,0.760199982082618,0.349032089226719
1,0.435043332597685,0.0426923417634927
1,0.890074019787007,0.443093708611209
1,0.854880698696164,0.200534761871153
2,0.326592308566344,0.889720033210382
1,0.21983704319925,0.0225649664925919
2,0.160131107692086,0.51206949197739
2,0.591372011052697,0.949657937806241
1,0.604485713752738,0.0827375591376911
2,0.487723602474425,0.947488598857811
1,0.946881744487637,0.269834031077
1,0.92629621319693,0.317166000464923
1,0.304964463764992,0.64727314478638
2,0.146930766234895,0.785273447902891
2,0.0883881667083027,0.599585319943352
1,0.665477490585135,0.587303358939425
1,0.820904782440425,0.543505178503294
1,0.913524250724412,0.299754781448546
1,0.899795477738243,0.255950319874979
2,0.0532482652696012,0.694800997021534
2,0.792798913074025,0.965920706759532
1,0.93760796174453,0.286913192956261
2,0.165930333678807,0.824800851047224
2,0.0449811271795529,0.603951850496311
2,0.432751087658448,0.387077300377927
1,0.839745761651075,0.485696249059049
1,0.950739716662572,0.412551291369831
1,0.629398211455774,0.604108396297348
2,0.0641632350465078,0.628101589429295
2,0.0850123836498704,0.621680255132602
2,0.107211300534984,0.772658263832024
2,0.64773319254023,0.345799820561238
1,0.523607246783341,0.632964318286669
1,0.901882152210271,0.290650986052835
1,0.957340684061007,0.309467426168364
0,0.237905898562776,0.62273614282372
1,0.591758529554963,0.612228883639522
0,0.0339328924779977,0.620684992828149
1,0.8671527050989,0.201729380249995
2,0.0912778554049169,0.740253432952249
1,0.616846748591138,0.0861628593240176
1,0.807430495618039,0.171872759572593
2,0.279444565328488,0.444531731922239
1,0.438018256303961,0.649523092215437
1,0.238828503789384,0.0193147830959458
0,0.487497202240237,0.359195666476978
0,0.532516364545053,0.336934427201118
1,0.92198609611841,0.273929748635554
2,0.0577039930307982,0.684466957746357
2,0.194255765727107,0.498176879170721
2,0.782055185358859,0.9772149566056
2,0.0506061321839192,0.593560073472865
1,0.537288967618494,0.604435187574404
2,0.397449890760086,0.914179970867403
2,0.726481342096171,0.353248534037876
2,0.150992958776964,0.524343860608982
0,0.0801582378268973,0.513046025626425
2,0.192635350235341,0.827211179545537
1,0.367391646235842,0.0512012877222534
0,0.0734134829371223,0.733844765565417
0,0.785165107185828,0.116444857544003
1,0.957354308979369,0.299417120256838
1,0.897927529309279,0.260363850514125
0,0.0343575673682073,0.694934738743987
0,0.604152871600531,0.596092577276436
1,0.878101028172552,0.193035732244514
2,0.492112696023435,0.368169885083686
1,0.940392712232257,0.34664130115023
2,0.549009175462416,0.372434586777916
1,0.897399373687283,0.20691328447912
2,0.228703430948925,0.456402021377462
2,0.513643774832638,0.95516206555671
0,0.587012540131757,0.0934006178651654
1,0.865085845322484,0.519222700183835
2,0.338269611540854,0.915678838866702
1,0.562462394691578,0.0744683576582441
0,0.125468429665231,0.66282158245064
2,0.283156423135558,0.85707532859488
0,0.0225332298859088,0.697221649396535
2,0.591664142501679,0.957613662025929
0,0.467829939557108,0.358297354203906
1,0.948124743613586,0.351755153320137
1,0.565660729922325,0.0656736154222118
1,0.607080386754618,0.0824778843691198
1,0.667173564966242,0.588060561934574
2,0.24006706682283,0.866808563717789
2,0.284767813612072,0.89521718546262
2,0.584913802416138,0.952080887822655
1,0.90711390852503,0.279386445308185
1,0.872051822714215,0.225457479667898
1,0.754175974494543,0.131900868402459
2,0.778358036508027,0.351627397581299
2,0.255242869313502,0.845355065538817
1,0.875965907914412,0.480706962921813
1,0.432817654924578,0.0501444536619928
2,0.591050553320939,0.937065321496377
2,0.690336943462535,0.994989780557997
1,0.218877699359662,0.0252648708919153
2,0.314227468965799,0.412426547425361
0,0.688528275269237,0.95894910803862
2,0.149577132048796,0.80025285555042
1,0.867065412625602,0.469625816135938
1,0.88909947072351,0.292894432765786
2,0.110470986194863,0.586990058571898
1,0.744274531218419,0.555879313488453
1,0.411831135882154,0.0690687745894453
2,0.550247082855768,0.956394631388247
2,0.389496136507082,0.378545275629629
2,0.465523233239819,0.927633978630662
2,0.33005341261474,0.900519170156543
2,0.326970817730415,0.902290620401798
0,0.438014971737993,0.039588179574376
2,0.553168077323233,0.360161958811967
2,0.0527392057053918,0.704668427339449
0,0.204168657530468,0.793556202904668
1,0.529251610338079,0.0644645392229978
1,0.896613550337239,0.224064257915397
2,0.0829089792688015,0.668970267135211
2,0.335902575233778,0.430150184593298
2,0.713334846748394,0.344742627276384
0,0.465207393336361,0.036022546354792
1,0.535994184707114,0.626831956247885
1,0.841371149463538,0.500105411842635
2,0.309905699711108,0.884415776194579
1,0.370674442873532,0.655936508622627
1,0.92018106704481,0.394288908796542
1,0.75583005625185,0.122814691117907
2,0.218018930288815,0.840166948894789
2,0.784567045946031,0.963559280557077
1,0.837754305550064,0.186332407939033
2,0.0773600008061291,0.719009318260336
1,0.953534795042444,0.341900998567788
0,0.39963300704171,0.920246556042592
2,0.084798607713459,0.754334242802483
2,0.0658934744825423,0.618968637733664
2,0.0980807750389835,0.637311728217316
2,0.0835851575837572,0.677696602429977
1,0.900403557054593,0.387065758951661
2,0.698445803615489,0.341409290556683
1,0.755822815029419,0.544647241256663
1,0.740432867411383,0.578571858283915
1,0.899158045014102,0.314435135394601
0,0.274687507977315,0.63585245596729
1,0.942917064567158,0.385443201033282
1,0.695048909294602,0.594655196275929
1,0.811857360544429,0.180337443625401
1,0.693957852084213,0.117474506639978
1,0.331011782209829,0.0387234604756107
2,0.154753781472068,0.806551035067678
0,0.554063134351804,0.96066101133571
0,0.514348679685033,0.640301778119243
2,0.497915004385118,0.380609495657642
1,0.615555351066896,0.0903397767346228
2,0.384598352552884,0.376428854062568
0,0.174381160829734,0.52982269936574
2,0.484219588746224,0.922069896069841
1,0.899239796302085,0.444345789732937
1,0.500351619819029,0.626227811338274
0,0.610656271985123,0.366098026910086
2,0.0902942099588409,0.581575449314455
0,0.653508294207396,0.0724166549906035
1,0.502115407478486,0.636216128220419
1,0.853647489064664,0.225212443870167
1,0.561013673295578,0.0532942639028094
2,0.0670362763635175,0.587973138881592
1,0.91024211829827,0.283842834476384
1,0.692127236379251,0.588203888582489
1,0.909890991343006,0.279294402753056
1,0.406913090365011,0.632767011156952
2,0.137711027536485,0.548508713960503
2,0.17256341608839,0.495176838441196
2,0.334039590254482,0.41756335269142
1,0.476670405999201,0.0434632323049515
2,0.0587195128869144,0.688498296887389
1,0.913541563147715,0.232096578728749
1,0.886644401448384,0.22450073527253
1,0.599845289554189,0.613102710539638
2,0.633350350983474,0.35786201574405
1,0.894972515088259,0.337462546907143
2,0.298531677937377,0.438838091772365
2,0.156655673363888,0.54473050691738
2,0.0733862034510479,0.691540272326828
1,0.565062048218317,0.620081187012278
1,0.905564617044695,0.318329931814267
1,0.332629992846397,0.653680285930808
2,0.188389928195693,0.485284274637544
0,0.661020866847666,0.962402826953602
0,0.773380943082909,0.116524366432517
1,0.586421328843759,0.621585900619873
1,0.304165084884216,0.66163243353961
2,0.671607337663511,0.34858196304922
1,0.485296570357788,0.625054749996249
1,0.231893816561973,0.640096535227865
1,0.888150403261069,0.21066769974241
1,0.371032952315095,0.0460428483876336
1,0.529302475045829,0.0609704093206388
2,0.140254677821465,0.542250918766147
2,0.426556287747381,0.9238181349359
0,0.544060878196752,0.346719694564246
2,0.112939209919763,0.585197938352336
0,0.632747234825611,0.969656004683837
1,0.793272359255368,0.145829099562007
1,0.912102803150697,0.37774237553758
1,0.683155065928215,0.134157945089818
1,0.837011665684607,0.17449517872514
1,0.724618513687424,0.147372390910021
0,0.306230652137131,0.0452340411312883
1,0.742101102558565,0.554791386566686
1,0.755591642466483,0.587586845076559
1,0.251232583011734,0.663835389638986
2,0.174078581250986,0.508589056754077
2,0.095806135103389,0.537280402717444
0,0.783819647661896,0.365534384470583
2,0.409191389251619,0.3793937527594
2,0.0693114000961128,0.679719752486116
0,0.196313713406714,0.848481827156259
1,0.915932135330256,0.277720906500943
2,0.229570133248848,0.446617046904869
0,0.200062479212702,0.481523777939946
1,0.904089712561816,0.234915504595077
1,0.595122979800261,0.630691082627476
1,0.303712829536958,0.654635611732137
1,0.333874992943146,0.0316170887889896
0,0.060715689126735,0.724253547780454
0,0.352714882504492,0.0512840911922071
1,0.872182127840377,0.449016141787255
1,0.609170927422435,0.0822541897827245
2,0.340708080513912,0.423574016322508
1,0.658606485723347,0.109996394697635
1,0.749904752394545,0.133215802372129
1,0.854087406667223,0.484199588127335
1,0.864568627499828,0.452755510134533
2,0.051278607411755,0.652554969700492
1,0.719737730082225,0.11831820500403
0,0.417747587153192,0.402938121924574
2,0.293072067180631,0.424274709857282
2,0.112491488409381,0.632427915129954
0,0.185863247407492,0.846580992513046
0,0.116862621872334,0.818636874002341
2,0.74931461605307,0.345537697830602
1,0.895562059078666,0.430585857397333
2,0.151003831319361,0.504758281861414
1,0.427414717413014,0.0400933072927634
1,0.805467231052875,0.480083594398075
1,0.539896250405399,0.629050952527048
2,0.124608995570711,0.488040455738037
0,0.741297739487443,0.119652078664001
0,0.861767316740751,0.436746960467989
1,0.959293187019823,0.297018554411533
1,0.498360031133043,0.0596739160839961
0,0.632324852192991,0.589542091141982
1,0.462076042181725,0.638480495063203
1,0.400164016077079,0.647049363811945
2,0.580621284166787,0.346533414250762
2,0.0897960837097912,0.743014080376752
1,0.367890838387139,0.658558114454422
2,0.115434404696101,0.760400735506825
1,0.8871706235022,0.221238304604053
2,0.282183270167222,0.438238602852273
2,0.580286784985362,0.955187240155837
1,0.33093898338901,0.0326087479600056
1,0.771372901088624,0.531929765381162
2,0.0522053704441133,0.649579099319553
1,0.553021754300195,0.605838034218341
2,0.691029844337082,0.963069773454611
2,0.200549812033455,0.850047167142041
2,0.325717764308274,0.425184701541356
0,0.359328782190254,0.630010935018073
2,0.0599286459522369,0.716270466727771
1,0.72371518808176,0.576492754443331
0,0.27266744388989,0.425658610441247
2,0.0999156054241422,0.708399938217884
0,0.86788803854572,0.302822415020557
0,0.366430942794295,0.925221712410522
2,0.624519768119069,0.349810795603683
2,0.159577697699407,0.779587576301085
0,0.463906226021389,0.0382928017806523
1,0.325864135270188,0.0295082191748982
1,0.727529804249171,0.127684610238003
2,0.0720362902535853,0.574115762275202
1,0.846997680226507,0.496529880704072
1,0.76688383844367,0.550272985851696
1,0.919023327844042,0.254578311976144
1,0.896934030867515,0.353779626764392
2,0.683040944904079,0.344444357601487
1,0.380219767454399,0.0301693867714908
2,0.201581692685288,0.477101632126336
2,0.0734977014750354,0.629382500830351
0,0.839864829217463,0.479691206401234
1,0.766841380049118,0.149780094555178
1,0.493410031718169,0.626254870882438
2,0.494404593373344,0.928277426923672
2,0.234803210235239,0.845049704080938
1,0.379767702126306,0.641337561999891
2,0.559328067851401,0.952037772974553
1,0.650827836810104,0.575287711034271
2,0.165237296169667,0.507465637906819
1,0.860076809302798,0.200998088205702
0,0.686737595196148,0.552874027749165
2,0.441966563919779,0.371726144483467
1,0.43989138312914,0.637809048435588
1,0.539134184580257,0.627694553326435
0,0.808300448897123,0.14631697529914
2,0.523665807553376,0.959368892221118
2,0.691897870254346,0.968974153565306
0,0.167656977575151,0.853638106135888
2,0.0686890817041984,0.607527533181551
0,0.196680549510388,0.841778165912146
0,0.729032737993511,0.956486370788257
0,0.266034111005348,0.428352007899023
2,0.073010190564794,0.697333610870961
1,0.76061908615325,0.120186795975897
1,0.511780814380761,0.636172110638964
2,0.339244853812948,0.433311981050214
0,0.703396849265565,0.957924260633795
2,0.233165756623766,0.457899389700153
2,0.144881632402067,0.780680341837708
2,0.347795334585544,0.890515125591491
0,0.624101679484516,0.593727111819351
1,0.906886850283013,0.405136836338645
2,0.504095966327712,0.37952371952177
1,0.475155060730363,0.0697860985755454
1,0.395368802002094,0.0482542545982734
2,0.39522754069533,0.396689711148438
1,0.359439438602373,0.654862196257003
0,0.570883859169656,0.591316875725262
1,0.284884456717944,0.0186572697430604
1,0.339380356493291,0.0387719629174332
2,0.114648969671796,0.747805283927213
0,0.966821814390035,0.336343977573806
2,0.356619085965044,0.883561305256092
1,0.597381296291525,0.0598790615357873
1,0.403727303268131,0.0474972261906051
1,0.898234736750094,0.457824913361507
0,0.830555438427205,0.214289008423397
0,0.494790154604316,0.342983673777623
2,0.363990580222776,0.912953199372573
1,0.890474336560655,0.44846944627796
2,0.390870582852342,0.4032589807633
0,0.788092988930125,0.182808143174217
0,0.129946688411696,0.582091380998714
1,0.609905947424436,0.102378745322265
1,0.854938434190707,0.5057786149995
1,0.945716167053105,0.400939301029325
2,0.0722151011989577,0.692728175902525
2,0.0871481247643899,0.541106115094041
2,0.258431135571549,0.852931292916643
1,0.456979843986422,0.0424145689044687
2,0.697910296153012,0.354679052909546
0,0.624937537230179,0.978592083096742
1,0.915555154390572,0.344677268028498
1,0.589833630487479,0.623377555463345
2,0.366595622406709,0.396256608039135
2,0.579171914340101,0.949183801602512
2,0.194925594270991,0.81962241170159
1,0.813345786745402,0.164237298844543
0,0.452657589473598,0.034750574171133
1,0.680638162002302,0.583675703366493
2,0.726734228198068,0.968845208627075
2,0.238337339344051,0.453453032783919
1,0.253148549690041,0.658886514399163
2,0.441356222814712,0.942098837433066
0,0.545258080662963,0.353913241787237
2,0.406214974112853,0.377416544108613
0,0.408300906575018,0.914664425419363
1,0.257292998104341,0.650517441317163
0,0.400343148953656,0.407355542563776
2,0.623958158034979,0.951947411179184
1,0.628583415121054,0.0930455399429172
1,0.907000318158392,0.457239567104242
1,0.462841109882591,0.0520682760827064
0,0.378356843451974,0.927109269783188
0,0.0160314022760135,0.715217485163806
0,0.851986083618458,0.247404865816231
1,0.91878419478055,0.248765706424125
2,0.176256365403497,0.819420357570476
1,0.478569255668719,0.0467164610205121
1,0.603323953652297,0.615352740841697
1,0.499900144307964,0.04727481673535
1,0.40433170266039,0.621949658239899
0,0.714904146262741,0.557965885941624
1,0.883031793101274,0.257524850410165
1,0.335412674035693,0.649912150629534
2,0.15193642924685,0.791859758541827
2,0.114396933461223,0.746972903969502
1,0.776215038233234,0.55440014776738
2,0.420901734479086,0.388879324667418
1,0.821437185252592,0.173042897993792
0,0.817567961473505,0.349999207241634
2,0.345748404589225,0.891831011052208
2,0.707011694094766,0.961114449887839
2,0.261863360001627,0.440985414890822
1,0.919350068589868,0.421877179579607
1,0.821062531780188,0.522853165567454
1,0.677547692820447,0.0922494302956595
2,0.100263085286701,0.75731380808064
2,0.0890720000052711,0.690356981103104
2,0.279912624121454,0.446907078044733
1,0.912647556939163,0.285296865136663
1,0.787899111837163,0.53102046140656
1,0.905276144063421,0.272877540625477
1,0.736531520042867,0.56961114163468
2,0.226290900605701,0.864584709447387
0,0.661958250207171,0.953069596286772
0,0.637869842265452,0.579872443488404
1,0.840864332858069,0.181738050579029
1,0.959078774433443,0.292078705388723
2,0.173048900660264,0.495315461568432
1,0.845059262261775,0.167437096670783
2,0.325588707811499,0.882891957728165
1,0.914757364101831,0.400338432221135
1,0.84991955435045,0.475641643880152
1,0.361878353958133,0.647669131764204
2,0.376816593795736,0.912559688292373
2,0.238338597874133,0.877366059602274
0,0.673635349293026,0.95765049419176
2,0.091568705338943,0.693513368618062
1,0.852533636388476,0.198344122235082
1,0.398046182616279,0.0382764123381483
0,0.622490070778013,0.592580943015169
0,0.200327443895208,0.500234982087414
2,0.123251935770647,0.817385881788083
1,0.730196627746326,0.580038273324563
0,0.451397121030152,0.654834351825399
0,0.416887201291654,0.408471736675427
2,0.326634675596951,0.907755919039256
1,0.925344982956737,0.398263432508553
1,0.364402922801287,0.65002094364458
0,0.162461272143374,0.689698769034162
1,0.52543832587676,0.613342364756058
1,0.345895582048544,0.64177358636953
1,0.946243226044686,0.406294547702598
0,0.411401014464244,0.0290434545359408
0,0.505682346111303,0.645914683840977
1,0.778639545535127,0.541519026256649
2,0.3391299484946,0.431668341740028
2,0.632416245986749,0.341768915473048
0,0.483691687807848,0.358831298621453
1,0.863606477262386,0.199231742664118
2,0.284892713423694,0.424815444707648
2,0.579159558538738,0.359827219379201
1,0.934770444959802,0.362628436762168
1,0.920301484310974,0.375685765878227
1,0.599659037259995,0.0739148593447148
2,0.497575894543704,0.942457882034578
2,0.124696344718432,0.780594530610685
0,0.229360558908664,0.431498632694721
2,0.118360307508079,0.740591857374762
1,0.889868806721612,0.454125411682363
1,0.885597311253038,0.271985165001506
1,0.904302283147597,0.261517475941136
2,0.17281875281668,0.809161315688929
0,0.305767517671817,0.445028205863723
2,0.118203321209052,0.701759775295351
2,0.442367812184381,0.372491389495039
2,0.291784455494577,0.842773992367898
1,0.74039376734643,0.555892867780639
2,0.216648751802289,0.469005732044721
2,0.33225719989684,0.905522344493572
2,0.0843670854188255,0.723837321811349
2,0.194842896944678,0.471008289418773
1,0.858723760373387,0.510868347445752
2,0.204359552610123,0.85404054134907
1,0.333580388547434,0.649249496627353
1,0.295592138404327,0.0205340989268406
1,0.958629208850716,0.329354078453156
2,0.102098078374002,0.687607344689061
1,0.877271752761717,0.215834489034159
2,0.727449308831082,0.33936418165737
2,0.552078088272478,0.386601520308281
0,0.16047717192373,0.531136002394277
1,0.521620592020869,0.049652655185753
2,0.154220469365167,0.552292252152083
2,0.0949972506056782,0.58571435992734
0,0.509204318754858,0.0374659704147806
1,0.830076856286154,0.482057226525441
2,0.0685412253901965,0.568225591123317
2,0.187753909187585,0.480692983980427
0,0.321378799003226,0.0411079887922611
1,0.694201680184728,0.584918802701301
1,0.882670951772552,0.417824503112552
2,0.0654766428605783,0.590100995498388
1,0.233732003141448,0.648018475465408
2,0.0522882004898533,0.703261742537709
1,0.218473021889626,0.664408913844932
2,0.483432281906081,0.388512909819095
2,0.457454581051275,0.94443630179853
2,0.328014946529676,0.408682884588446
1,0.619038093242944,0.0886515398286465
1,0.925337990272348,0.321995207831003
2,0.632394927140974,0.342842697719606
2,0.799531844579468,0.337225479287906
2,0.394801569087416,0.401679877086786
1,0.847433258197671,0.513931365071211
2,0.292835175516384,0.413670987276207
2,0.78047303173397,0.971026266231069
2,0.257291115579499,0.44329389937102
0,0.603715069665156,0.591221322129024
0,0.651417175257128,0.974755321042284
1,0.269343484605793,0.658137903915332
1,0.622650194949029,0.0829838164695365
1,0.870284444539975,0.188705599332778
1,0.409627853971899,0.659616917703962
1,0.926695624679219,0.362368486136778
1,0.563943549717562,0.606307102276071
2,0.0662892675939205,0.65702395251689
0,0.868104631102776,0.314926760438715
2,0.109164403719315,0.741131838304131
0,0.0670074476600929,0.743575598068472
2,0.0808489617216082,0.653024207942106
2,0.623751215918797,0.348057683134861
1,0.736722430208016,0.151415036157068
0,0.653551976238535,0.618090869089284
1,0.658416340819456,0.0858905502955638
2,0.560788406170784,0.356857726841303
2,0.339255607354145,0.900759970040823
2,0.393397181619394,0.398102933456418
2,0.283211089732909,0.883452953938656
2,0.105928562127854,0.690915090633193
1,0.509275267651276,0.0452785644494024
2,0.0900848230973985,0.745315115018967
2,0.231015983009605,0.862587032039493
0,0.581245179797258,0.0852445101901922
1,0.384193687680728,0.0393940288140052
1,0.832868560359714,0.170304344110929
2,0.655958455127838,0.350507334400021
2,0.653273890588707,0.357299326723143
2,0.688125582378283,0.356268244609078
0,0.135458781936891,0.56388728184795
1,0.936170580735063,0.342281301212602
2,0.638651262241445,0.345092597870649
0,0.271423308840883,0.894173633062591
1,0.330544156025304,0.65756098803173
1,0.765577682270691,0.132997208374086
0,0.744329778237526,0.165169950799158
0,0.29866690929658,0.455146885963454
1,0.631241120139454,0.0948111253296501
2,0.0820339871558604,0.728087024115228
0,0.66558692776653,0.600670353732536
2,0.312756553019684,0.403113499415194
1,0.940973710613015,0.341228103102099
2,0.7576024870039,0.966091508322841
1,0.93839600268463,0.283678083147821
1,0.394884905374158,0.644858341936573
0,0.203802109057072,0.432280987806544
2,0.0878724817512731,0.688064172099936
2,0.21475555656744,0.456648477164646
2,0.56226481444498,0.357081360262242
0,0.861959942666126,0.408899720244682
2,0.248355279781645,0.458229273215608
2,0.113029718009179,0.738334377338326
2,0.0619507802539025,0.67580600182116
2,0.0560800057684079,0.681676008922408
2,0.643062112166068,0.346978244311368
2,0.298243878688654,0.897127790656384
1,0.937269100658325,0.245696575356563
2,0.068941115039625,0.639257526719802
2,0.546743930494393,0.360036682058939
0,0.824447074404348,0.458969958782714
2,0.749426576757672,0.33524438150205
1,0.930888077384925,0.356356965708201
2,0.531097592820471,0.379738553687857
1,0.609378513920505,0.0943833108090809
2,0.564885847982381,0.949713597278132
1,0.309364749096832,0.640032537994627
1,0.932153533567046,0.349306732542552
2,0.268453878762688,0.444130582481352
1,0.926433200107631,0.325621066419004
1,0.892220472822512,0.334552009148118
2,0.376933270421107,0.911218307863739
2,0.1359987462545,0.53526243508403
0,0.125857569600506,0.579642629184215
1,0.233025897293293,0.0252654067785797
1,0.492983883907434,0.636169825929918
2,0.314893837602915,0.905122224741256
2,0.556324475836859,0.944730233936076
2,0.282835347121694,0.863822218331762
0,0.785025247016806,0.513168787761895
0,0.97278329414165,0.396655057904372
2,0.136271766673706,0.78626966874574
1,0.6943224265906,0.111891229012576
2,0.425918500119032,0.921984407701915
1,0.71803691625084,0.133720923358019
0,0.626776366195184,0.360408837933281
2,0.132019970044585,0.793086743285508
0,0.832782673052548,0.157117562656773
1,0.822107629580976,0.491673829122259
0,0.63691133503289,0.591378262790753
2,0.120028517984868,0.529848318053841
1,0.75276375406067,0.559836577278491
0,0.612183055949042,0.0789891105773295
2,0.195233327821219,0.494658614552725
2,0.0918396179284931,0.687361886247069
1,0.393005207997669,0.642295550833555
2,0.359928304199564,0.410049561387114
2,0.3976878334416,0.374684614354378
1,0.739325242685356,0.536796546745447
1,0.673491561675026,0.109587331473728
2,0.363228193543472,0.918754592031277
1,0.45693092994003,0.630227105592427
1,0.871658664754058,0.230271278777411
0,0.438840003644267,0.918263520723592
0,0.336423763434621,0.39069874921358
1,0.676420414628,0.597977130226265
0,0.97418425016,0.318461971862831
2,0.290862317422541,0.870184853093223
1,0.873275822328782,0.196672324017881
2,0.294317677246908,0.877285445875653
1,0.921564707654904,0.244594628395602
1,0.90225397790465,0.468269991805785
2,0.537594119613987,0.377574092027952
0,0.317391099910753,0.63830186247397
2,0.61846735787145,0.353032919544413
1,0.568886701885183,0.62192441903078
2,0.216423835843551,0.864459118203048
0,0.344546617748589,0.0400912538235828
2,0.109588237649491,0.791447467997274
2,0.427561165947413,0.931826067633875
1,0.834427729965001,0.524275111681558
1,0.494561540791731,0.0428104224986703
2,0.10412448719508,0.751751045650314
2,0.0877151935718239,0.55755888100665
2,0.0694287527607784,0.659972846158315
1,0.915671662243582,0.379756911001092
2,0.224029085313855,0.479101422103103
1,0.795040415887831,0.152947857321381
2,0.222859828830209,0.845466404976639
0,0.400593350835252,0.0323132786484771
2,0.478247053030964,0.380665820414481
2,0.217498862578651,0.468114956042398
0,0.335026012134925,0.0457468969999472
0,0.757733325674754,0.959257705068177
2,0.440898968912687,0.924206400775983
2,0.297126567825848,0.422520626963003
2,0.0600028765935943,0.670144674875218
2,0.325867741612247,0.90176005788884
2,0.28596475671271,0.877453132624453
0,0.124411426432187,0.735914555105482
0,0.234586653083013,0.430004306147695
2,0.0767990160275646,0.694453266143978
1,0.75237656714641,0.553684707537445
0,0.58379263440497,0.587814851720286
1,0.92827518111024,0.346934515583816
1,0.362445597270757,0.0469717411819422
1,0.713950249308772,0.117797730777074
1,0.334813120039118,0.653885545569744
2,0.739343449315562,0.352157270312804
2,0.239345472971436,0.441628051047751
1,0.916853828170639,0.36231952620319
2,0.471435419155145,0.364079831878195
2,0.0554974398569217,0.620247463854065
2,0.080444333840278,0.678277991687936
2,0.693177645918803,0.353462944440008
1,0.678313264566662,0.589617677969003
2,0.0646337943582623,0.702953588326211
1,0.412377915915243,0.671085687079932
2,0.720770346700072,0.332037423895436
2,0.161761274767119,0.511160290284416
0,0.403100233315871,0.908338782326903
0,0.390752495970186,0.638132239645429
0,0.430175649461263,0.402132892197958
2,0.393618174829908,0.917060967286329
2,0.693962034464431,0.972509578173275
2,0.381076388534921,0.385557531451063
2,0.37464928127872,0.907705267466743
2,0.0738850325105042,0.639184660534114
1,0.339030264582335,0.665304224333651
2,0.229919714475589,0.818516486324261
0,0.191351663803293,0.780139088213637
1,0.389794347703292,0.641326258605708
2,0.191200991895152,0.811593492374643
1,0.734019074456133,0.585589547683262
1,0.608399671715629,0.621348811137004
1,0.815913117138911,0.518340817221438
1,0.700549301468623,0.109402362989505
1,0.518372663203295,0.637951536933731
1,0.509739151761888,0.630576871362852
2,0.758460746464899,0.330684213453742
1,0.951628192194417,0.288901953747755
2,0.73910765155794,0.333331262135126
2,0.240771389033025,0.444925778808614
1,0.344738509377627,0.647218683500194
1,0.891105650081799,0.325268011240706
2,0.195206018185899,0.807837338453413
0,0.126207605374133,0.720876078471155
1,0.54232977039987,0.0595743733759479
1,0.916576503936681,0.403740637740917
1,0.623003599804871,0.0891259056572368
0,0.563719413351463,0.374447044517357
1,0.280750003175669,0.674339844736789
1,0.29955839098566,0.662059600358294
2,0.409092723868974,0.387530358342746
1,0.479246837978495,0.0604124619542825
1,0.498308976702856,0.629496550776362
0,0.385691292522666,0.927400719364918
2,0.064955508823814,0.584264689355464
1,0.872867813428166,0.451714726731469
1,0.875856247138618,0.229764541838846
2,0.176028678857424,0.827258092890376
1,0.930195945809995,0.280808012061187
0,0.386414116673488,0.639322299311857
2,0.392805703221388,0.378524323225727
1,0.364585041474423,0.658764590651205
1,0.576507044607969,0.05473071149981
2,0.192438767912726,0.813693096234317
2,0.0841476106389397,0.701946365408443
1,0.411667096172938,0.0547944653111473
1,0.530753548648349,0.616332977897646
2,0.181925725718987,0.800078228637566
2,0.0963445854111969,0.589534749138297
0,0.848712355124001,0.15467191356896
0,0.449932460009045,0.918288878344479
1,0.610154768430911,0.614455149471627
1,0.66808992064447,0.581819366615233
2,0.366987523605585,0.910367520513236
1,0.914979250275419,0.248729259957386
2,0.329934237593186,0.420445692060681
2,0.0888651404115315,0.624747543183953
1,0.43967779894422,0.658589358802175
2,0.0715418865360708,0.660796087218855
2,0.709979171414582,0.983257648793409
0,0.837342616074052,0.477964214051157
1,0.495807326781837,0.0738545063474842
2,0.354154809177621,0.914990741934033
1,0.859156529829355,0.489425415669235
2,0.065704694643512,0.574930187642309
1,0.422707594786398,0.655146959396955
2,0.173256438123359,0.481462105734658
0,0.753953826777925,0.116575283040192
0,0.313465884252395,0.0479920023605352
1,0.389073752844061,0.0411068794909755
1,0.554977502541819,0.602479175642307
2,0.197176786227846,0.496651780803772
2,0.486897632130591,0.948630205754243
0,0.340008794935217,0.39348198357242
1,0.650870095503802,0.582781055842053
2,0.483564102103807,0.360325761224494
2,0.227267735275289,0.820218863133259
2,0.0589216836590069,0.698944797432378
2,0.605643951494211,0.955711163842046
2,0.0952631332295591,0.566234695689538
2,0.660119021640217,0.345768944337686
2,0.53234391387472,0.374100826132627
1,0.931655004895752,0.363496132367951
1,0.576083403304138,0.612508047869885
2,0.796622919546095,0.350434179321571
0,0.27805598972595,0.429737825444633
2,0.0894139666344468,0.73773228955422
2,0.228774415853794,0.850145948048842
2,0.19147019001162,0.812649678335452
0,0.128426081610285,0.750149319767579
2,0.176606782201564,0.478390075132435
0,0.622848868708042,0.58099354361371
1,0.9476577237636,0.302287694737768
2,0.310149690519589,0.421294073958281
2,0.0651588467512237,0.644788268590553
2,0.420944016290487,0.923693744510657
1,0.681038075738979,0.103412902933497
1,0.867826124842942,0.218272816290891
1,0.890188071148661,0.46613321501508
1,0.660989200279653,0.59163734623728
0,0.619047922773084,0.375733703947793
2,0.586614342279917,0.952209042294622
2,0.187164080813284,0.491487735464507
0,0.529024579013517,0.355107824306697
2,0.135871003473581,0.80037860749914
1,0.947387434007203,0.430098733570067
0,0.765980707333686,0.162277765061183
1,0.506735896165876,0.629720824354419
2,0.159883631763224,0.504013906865178
0,0.617066080098225,0.962240122283632
1,0.874233774349144,0.229257266480773
1,0.842621800551542,0.477389483574586
2,0.457254388055711,0.381566498357126
2,0.450465161223424,0.930841860588575
1,0.376748869872635,0.650243235905607
2,0.431543787089949,0.928734228348232
1,0.836630585219285,0.499269975084057
1,0.933162511491658,0.427724247860267
1,0.696251735195862,0.126158515368222
1,0.905903272616479,0.438530304875471
2,0.110429293385712,0.577299554691422
1,0.239722555468837,0.037244389721937
0,0.606154781339523,0.0745333921272561
1,0.329340681702599,0.645939527558657
2,0.0727593326784158,0.614707324631448
2,0.31848875889875,0.433499373285333
1,0.492874098121752,0.0412859154955333
2,0.198444020961154,0.836436001048993
1,0.9025865925462,0.376148634840753
2,0.430241027282782,0.372199645219139
1,0.890033354769153,0.219529458052559
1,0.836766071523954,0.198926805313329
1,0.543906524262318,0.614361384393182
1,0.770673847495073,0.556567786500678
2,0.0952475206363586,0.74338803677604
1,0.578309908271914,0.63488792599369
1,0.392573348899929,0.039722362194508
1,0.571836809788182,0.619653528311888
2,0.147432273360206,0.508217003573859
2,0.207986439439313,0.837088856653849
1,0.207698926791196,0.021948541290156
2,0.172627809027041,0.80120283777253
2,0.530744259294841,0.364827650686577
2,0.411346415887548,0.925933946764491
2,0.241100697903711,0.451634136393984
1,0.593065414944509,0.609554924608417
0,0.875450832557466,0.289480797011454
2,0.796566805507299,0.981244616351411
0,0.53481033163371,0.598500381293087
1,0.838161593926608,0.185842389362009
2,0.224980657278918,0.84087937168345
2,0.0873776471385791,0.694644796614262
2,0.0790822606119557,0.718587335807351
1,0.558868886016925,0.603834751045339
0,0.313626067735959,0.0443776846934031
1,0.589594221421358,0.634409652543126
2,0.190931960849403,0.802779950741959
1,0.880226398647926,0.232997212406546
1,0.639411792310278,0.0886158980128213
2,0.206128505201575,0.450241970016501
2,0.359716542333002,0.902274815862926
0,0.277578902688718,0.835311653506249
2,0.751737215180063,0.967568490089191
1,0.395171635447855,0.0472022121097624
0,0.162148259085704,0.522566539813973
2,0.102583365960834,0.730103688883894
0,0.454302403469856,0.65419016087152
0,0.440418328474664,0.643969819981087
1,0.789818540032973,0.154449669195316
0,0.657602322440462,0.969237279880073
2,0.0886124902745515,0.521212322161857
1,0.916122629503559,0.233120779808938
2,0.418839597168471,0.389749386013056
2,0.563140404674438,0.339867957338251
2,0.765056246570179,0.331133220652295
1,0.397996457084695,0.649532794389164
1,0.742860077534076,0.145174476320883
2,0.184271402167632,0.805075130460419
1,0.824210848913528,0.495826681243288
1,0.916359387826038,0.249603257985267
2,0.102917029534363,0.626459064567276
1,0.802419715239563,0.190487387692998
0,0.563301608724497,0.0834729882602496
1,0.427822479933755,0.632849744718311
2,0.128915797197675,0.805120699390869
2,0.0869141944620026,0.704253079965808
1,0.882018631494989,0.479858404558974
2,0.146029324214614,0.495159483789602
2,0.771749069210113,0.33864442780178
0,0.638952231485563,0.0711032842958586
0,0.585054701384018,0.377962032042287
2,0.572639016654291,0.957425967321383
1,0.304043444009435,0.0253450217686218
2,0.0902422873371559,0.598821851855681
1,0.295485705744639,0.0239750521010607
0,0.123988940019472,0.740870648505084
1,0.594931448985635,0.0739755626732004
0,0.584844549940212,0.971941597760101
0,0.0732203224941645,0.759334598248177
2,0.256420754267613,0.455805716471648
1,0.643968840134421,0.0881716361959623
1,0.693940465103767,0.112674910814354
1,0.376138033344911,0.0481037453683777
0,0.260391633457194,0.43991948394269
1,0.495073114992274,0.0660077294330108
0,0.172227594231773,0.787257795072747
0,0.311270088291249,0.443674222848733
2,0.108100419498312,0.562109225212192
1,0.720990412012942,0.556463607865353
2,0.38403985617744,0.408444587856211
2,0.0922596047692432,0.579537194973742
0,0.878379174446514,0.251598209667076
2,0.0867196026185363,0.683675765587536
2,0.270642438979722,0.4698571554593
0,0.611034296758945,0.0643133468171675
2,0.339422247197725,0.90340464953225
0,0.44216028815425,0.648494985623733
1,0.77372270074823,0.52184011976295
2,0.180669875878053,0.832293330931648
2,0.0489723163896449,0.645326235890997
2,0.118386399603377,0.774240956123264
2,0.526201309312668,0.379325800688851
2,0.224425548640736,0.850609248775456
2,0.503750452819877,0.935414321117776
0,0.551035303456836,0.96018712985373
2,0.371914505870566,0.904777749277607
0,0.5620373780205,0.362290558640639
2,0.441527847519344,0.368890971367022
2,0.296962530819498,0.860454769005601
1,0.729460885807013,0.551372078687693
2,0.240387171050444,0.465832246138086
0,0.0339176943440765,0.708264036343394
1,0.823572945782976,0.199506124616759
1,0.950114293418313,0.32501630989089
2,0.108529701851443,0.690367920817357
1,0.365321139780408,0.0375733301263188
1,0.913927371686898,0.262234780274406
1,0.829054753660865,0.510157681453588
1,0.830417012299475,0.505936085907145
0,0.964740170377915,0.369628679766645
1,0.250195296265832,0.665543537813538
1,0.956764288365479,0.332695075496557
1,0.805975700919466,0.527458014877561
2,0.25782953015307,0.857194130942195
1,0.579550393604289,0.0622897088034168
2,0.705250292107471,0.358494503054735
1,0.863135867194422,0.213658346789134
2,0.105104754553353,0.734752263071497
2,0.10668369578927,0.548236829842057
1,0.36525999266227,0.0351804639474947
2,0.193245431368726,0.462955260484795
0,0.686938506225652,0.361801248590779
2,0.50927253718776,0.38642189614749
2,0.0834581740994185,0.652591350046943
2,0.0651173628581964,0.608187090891127
0,0.575019239337382,0.363900628750788
1,0.749295265329648,0.560426240444097
1,0.842684587910952,0.162809328009935
1,0.921470734486665,0.284109227188731
0,0.975173906809135,0.368838922387537
2,0.337730832006107,0.402589153830239
1,0.281473193768377,0.649075024307369
2,0.618913404360693,0.354748660382378
1,0.396985492922905,0.64698331689648
2,0.0834397370274444,0.728948998598127
2,0.193163105435939,0.489829414548121
2,0.188875738771333,0.826738536899628
1,0.94665361225507,0.289136561963163
1,0.768900905772181,0.151328474022225
0,0.359373208338692,0.920488915869264
0,0.83094621907656,0.208021387629989
2,0.0919596025963101,0.76513154187149
2,0.360063294253905,0.39832199714444
2,0.320200240980454,0.415073630319006
1,0.590096197797691,0.0770341847802
1,0.641117503374839,0.597142409416974
1,0.579398156577489,0.615699449373963
0,0.64025928433647,0.950728966412174
1,0.233568755379947,0.645623988513527
1,0.265531507088285,0.0319967409829333
2,0.540804559600055,0.360007363754719
1,0.768705256429355,0.130182303532966
1,0.550084269854543,0.065760410799332
2,0.113669562230041,0.560999123562096
1,0.361459934433078,0.662120778893522
2,0.118533035542475,0.758942487839491
0,0.569209214984833,0.367944670850706
0,0.133836665079405,0.561805427480878
2,0.275315839525958,0.440031497399433
1,0.421426447604053,0.634274353317068
2,0.656213164548164,0.344538454495526
2,0.69442077265893,0.354014742949134
1,0.345453040504863,0.0312267478526975
2,0.402674222152376,0.394761749441847
2,0.731593664917274,0.965121602514366
1,0.551904235851476,0.608749310572546
0,0.716934631318971,0.544145627967347
1,0.675823571848717,0.588348564108545
0,0.802960771225672,0.35554773099023
2,0.0919816334903851,0.658649922088754
1,0.638100176318799,0.0906869770101436
2,0.282248623302671,0.415831669993722
2,0.0566692562411786,0.646798023478119
2,0.394692028321952,0.912891016226214
1,0.898787127258905,0.412912097210805
1,0.766857886730632,0.148728950503453
0,0.729472167620817,0.116378553957231
1,0.674453418575131,0.568624184403907
2,0.460421923128531,0.923604298140452
1,0.891389556221904,0.269350473060031
2,0.169536232314031,0.476547559006284
0,0.567606748426924,0.0990432302177376
1,0.918912946667383,0.247330529237794
2,0.726358878845586,0.357485794243533
1,0.649064763419198,0.0852630592720661
0,0.120926836418458,0.574768594047749
1,0.777944249361349,0.524403550593534
1,0.23580859371338,0.0365648101667817
1,0.824999940819231,0.191283272692061
2,0.057282031769553,0.665406233920942
0,0.538308270027441,0.349407638968756
1,0.656924749924128,0.10772151361159
1,0.495530370468705,0.634672578984484
2,0.243742418612953,0.452832131763899
1,0.712870199518031,0.110337212495651
2,0.0542501517338548,0.68559121088022
2,0.412293807386892,0.389375198910318
1,0.333605996846372,0.0178976105306459
1,0.230257806179049,0.0356791486077062
0,0.610270554070656,0.370048340059534
2,0.479082870929919,0.924455277884616
2,0.0720658807786799,0.621333341140037
2,0.194359834709271,0.82790810910017
2,0.323778862025574,0.905837529392025
0,0.814573828777581,0.157868668836244
2,0.59989167157889,0.335495336691232
1,0.610834311964359,0.616721006436917
1,0.435964982967695,0.642320422215233
1,0.487395118358852,0.625655198617103
2,0.0930837266883574,0.723233021601479
2,0.737140606112625,0.965304299780714
1,0.401678138024649,0.0461718932686861
1,0.640527052097981,0.104474180239738
0,0.845229130898188,0.266921849381025
0,0.134124690429063,0.753848817059932
1,0.372861095143226,0.0246916036361241
2,0.558004423348487,0.955997080652348
1,0.927213288496121,0.342229980739119
2,0.4804821484926,0.951249593108615
1,0.297260895345655,0.0341140104304958
1,0.893055627725451,0.267351836594851
2,0.495047534721854,0.953830037669847
2,0.40358518627265,0.38927846371988
2,0.0703958848783714,0.640370230668901
2,0.20801952448069,0.461563218685298
2,0.379424645070609,0.403855210063119
2,0.350399083969793,0.915847433374943
2,0.457434972100048,0.381904927758762
1,0.919787179417767,0.347431772702272
2,0.155471589364368,0.513045744570139
1,0.433680291799668,0.05440262495964
2,0.305285361572217,0.417435094859764
1,0.5247778289592,0.0503557340847186
2,0.479118993195641,0.38354055454462
1,0.316046688860029,0.657397086722502
2,0.427535536040633,0.397157939605553
1,0.221634858835567,0.0279877097783258
1,0.523937314857371,0.0569148846927704
2,0.0664723638302941,0.641532431622813
2,0.536959298588666,0.36871748658311
2,0.0896712483317764,0.592026896654981
1,0.439356626659969,0.0442575060700057
1,0.922818104989272,0.254516067707641
2,0.258854226996641,0.842782825468919
1,0.876638460746926,0.482768544101
1,0.426425510528729,0.633107237468985
2,0.689512994657555,0.351979070290129
1,0.269352938906532,0.648368428228279
2,0.170571877494022,0.511615067549603
1,0.436116812004161,0.0503273822824275
2,0.239253388008102,0.857002372716517
0,0.678172967762638,0.602429356771992
0,0.413657143264658,0.403933508824251
2,0.213810620771635,0.831454507670748
1,0.87469437593784,0.226478258346508
1,0.272339180556194,0.656398276230396
1,0.414161882560086,0.634412051712664
2,0.172802788499982,0.810672172574367
1,0.490258923505902,0.0400844132231671
1,0.431810958224871,0.629238037962992
1,0.462756566861467,0.0553404179760168
0,0.285171532627968,0.0454856589520301
2,0.126611572225801,0.558782907589576
0,0.714410789502428,0.557642461285996
2,0.477009988004346,0.936893594077214
0,0.40406303694143,0.91075442979874
2,0.38224739125893,0.89490619594382
2,0.567793230986102,0.935694558399896
1,0.824814843158274,0.503296869446393
1,0.927418467433642,0.416526731462721
0,0.180690002621388,0.79307013930213
1,0.892174198421191,0.432791617567279
2,0.502656059437686,0.936921774384066
2,0.0929331591674908,0.76031691969143
1,0.364563963219098,0.0538840543406622
1,0.317660132176451,0.0351734464539685
2,0.30239811407971,0.880176506159615
0,0.733240293834704,0.360194283690301
1,0.796421029820991,0.143282233810364
2,0.0742646120373119,0.636950988968832
1,0.713281196420385,0.134409269080598
1,0.925936819130836,0.337053414801376
1,0.728403379572644,0.549860185194635
2,0.237992112113289,0.459281568015892
2,0.437384501656942,0.938875408602861
1,0.592723117157231,0.0737035893629587
2,0.314523776189729,0.882087349586186
1,0.874165848522398,0.201249344294678
1,0.929919190579288,0.364183112933025
1,0.941329835339349,0.300112330135824
1,0.862520588029785,0.484437990546277
1,0.482608405751606,0.637214663002879
0,0.621076752275765,0.0785278468056044
1,0.857677092570415,0.492215142704111
1,0.623490701692413,0.0888805352072713
2,0.0713459420699173,0.709858048838191
0,0.641097813513671,0.966029665062734
2,0.294662239187945,0.903564775166428
2,0.208427865043544,0.824645064457218
0,0.402232046280432,0.90999415855711
1,0.888616081928489,0.229722560705948
0,0.555761485323373,0.352765832051603
1,0.412626488414995,0.645282671269743
1,0.898135023829483,0.428922159890288
0,0.781394457671407,0.164242792031422
2,0.509844850916905,0.363176110242566
2,0.748776053891394,0.963804777260054
1,0.883246243423941,0.458636314773243
2,0.132856872412185,0.79572842317026
1,0.441638784395669,0.0504816328278311
1,0.598143309785488,0.0676680477879278
2,0.183454772054359,0.514913766613006
2,0.119893818010295,0.561506614162961
2,0.0558331055977227,0.68088400030101
1,0.4109484504382,0.637233568894201
0,0.645189047639131,0.603638166882905
1,0.410659512201603,0.642131434726681
1,0.714638364733763,0.562133815864334
1,0.701903657706346,0.571776228269352
0,0.933110019536399,0.441531524587355
1,0.618563692079707,0.601590350632142
1,0.809966396291234,0.514635974540419
0,0.331163672250933,0.858552578930004
1,0.567505993991416,0.613920973187567
1,0.856817218311813,0.498831945783905
1,0.70543936626562,0.142187625379691
1,0.399088656129239,0.0281956411392489
2,0.0894553408598915,0.745179278716639
1,0.796113752672561,0.130920262268409
1,0.33916801074646,0.64804677756534
1,0.880784552073053,0.432888251635686
2,0.104554028537976,0.690368526304995
2,0.0732255840124653,0.671898153550261
1,0.822458015482001,0.486071264688765
1,0.272417196053391,0.0365576735318815
2,0.057448728120291,0.638180546655718
1,0.515031578736261,0.0757923016224368
1,0.799459908385206,0.540732567186507
2,0.303934117875357,0.430784713508389
1,0.916177316316132,0.3937328927312
0,0.781168707739817,0.171673785872697
2,0.0905001531916267,0.684710985096963
0,0.136450740231028,0.571100607650753
1,0.271462835284972,0.661463752756193
2,0.519778478477654,0.374280768087458
2,0.258464702468524,0.857094796896178
2,0.6630094983986,0.343563340947068
2,0.292202833572216,0.882558274546014
1,0.575514853863984,0.608779140428695
1,0.866061041619753,0.230813249999339
1,0.200631592845391,0.648526261035781
2,0.153641809828764,0.800172516053948
0,0.0513681508249986,0.732851801936225
2,0.104829667667136,0.692394600168386
1,0.413340379211036,0.646379758950075
2,0.246436169509724,0.459452183145218
2,0.338629434797309,0.410236413705348
0,0.689979489047827,0.551019601524852
2,0.141368853313169,0.53181636576638
1,0.228564039763784,0.653356204931295
1,0.949830757149409,0.278370296906832
2,0.111208316846089,0.751210210416137
2,0.387599542650515,0.403909173351445
2,0.229512620254945,0.452596300402638
1,0.518577901031646,0.621535816818621
2,0.201012748647871,0.824774041651042
2,0.379197183152576,0.421419626698882
0,0.664426529789452,0.96157198754134
2,0.15661863756102,0.827220326133636
2,0.307074973464181,0.885936870954905
2,0.105618750016834,0.789014584422047
2,0.0877394101663339,0.622492790563073
0,0.803671888165127,0.349255523100888
1,0.598306849433388,0.0649575717937318
1,0.518620219359951,0.0548918152838478
0,0.420088710561745,0.909990913113404
1,0.861040297070058,0.465879084495545
1,0.920640072052123,0.404708146036933
2,0.795263548669116,0.962004297134481
0,0.514554724128646,0.359268164680401
0,0.641251429397578,0.609514564830931
1,0.454286696349732,0.0413610931938768
1,0.918532988014628,0.276885650370019
2,0.153782029407238,0.49470802307591
2,0.235900724060008,0.855417963665899
1,0.552895134241567,0.614395349075137
1,0.664504660827916,0.0942506952074213
2,0.705109905029903,0.96410007848854
2,0.295036257958407,0.879920534260196
1,0.572775358999357,0.613794406387907
1,0.909677491836441,0.32461185061108
2,0.759783284403524,0.357255871087194
1,0.811520224611459,0.499619748261011
2,0.283946224539015,0.428496380926454
1,0.929428710332026,0.278246436761828
1,0.645727961274505,0.591673273704906
0,0.925278463724365,0.221921804742725
2,0.0954117819810906,0.765714471070498
0,0.499605716136553,0.641986271702531
1,0.509688841902195,0.0638903906370745
1,0.577483477751804,0.612703395166662
2,0.722434897925647,0.961875185197987
1,0.927788713576941,0.267090248780246
1,0.353242175660704,0.641368111079576
2,0.723226217865728,0.348979829011014
1,0.889298541744546,0.410641420477424
1,0.841745002778663,0.171194184430511
1,0.901362569874348,0.264308734339575
1,0.460943394021165,0.638754206425508
1,0.815502634525264,0.167070291358159
0,0.600075289654641,0.963197166299626
1,0.494741558027652,0.636565420036961
1,0.93921230975364,0.370549449923206
1,0.370334395008057,0.650189693070995
0,0.92580113896874,0.454911431501557
1,0.806971458240692,0.172213351458798
1,0.863506865618109,0.216707519171145
1,0.503443249368008,0.634287644579841
2,0.0565733484817497,0.669294115572421
1,0.872921261969616,0.214183054143524
2,0.411926348536642,0.925529174868388
2,0.167945830010214,0.809525929728698
1,0.928083911712189,0.337107337780759
0,0.240534298683404,0.82395658401215
2,0.50405376612923,0.957716882150585
2,0.376092473699573,0.401616421856878
2,0.080220651984811,0.669246028870982
2,0.762429935007747,0.97485809675783
1,0.511092922335332,0.0444798537726529
0,0.16252674165395,0.79675872710302
2,0.514977228201076,0.944145981304447
0,0.559337771359942,0.359292215140436
2,0.436266540910823,0.946728709745319
1,0.274294508844102,0.66539036197765
2,0.147760700248674,0.54626334372282
0,0.613182470112642,0.0781021835469408
2,0.318485278225903,0.884947596764079
2,0.0910645084423997,0.553819972666469
1,0.271992679833841,0.65180697399278
2,0.109778345119401,0.730837577407954
1,0.822406292808961,0.178141423889091
0,0.147398785298272,0.566078802309971
2,0.258488438481534,0.853941669270185
1,0.927908983759557,0.348699633768734
2,0.268288923462306,0.472116215082949
2,0.133622846517297,0.530421972356739
2,0.405363144338541,0.936960383309583
1,0.436804505782644,0.0667040625235715
1,0.914723521428382,0.412898320492416
1,0.921885333763494,0.432072804283651
2,0.297179658536151,0.436690914554912
1,0.748066920525678,0.563592171532254
2,0.199039762443179,0.810148907852733
1,0.940803825931182,0.4365819134124
1,0.861518300889374,0.208003298043458
0,0.588899132340637,0.960529332406051
1,0.586818606084148,0.616597527298793
1,0.363580391256579,0.0472527872256392
1,0.863394443488988,0.206885351753916
1,0.261562287260704,0.650792750606018
2,0.0810616384372008,0.61993051645858
1,0.391692378407032,0.652181913963756
2,0.263731906705538,0.848216197387003
0,0.355974060270103,0.0522767388324439
0,0.137572761539201,0.754761790529063
1,0.932627513103934,0.39291519657035
1,0.390763897888743,0.652968926513992
2,0.76600533326613,0.350645306971655
1,0.61668707217816,0.618869328884734
2,0.108148508786505,0.629128934277857
2,0.516954568591986,0.383614014774194
2,0.672637315079437,0.34846198948712
1,0.716730349971642,0.112737984741863
1,0.302999964841682,0.0221330180383088
2,0.194128451346088,0.508504621669414
1,0.762845025072018,0.159254710970944
0,0.824661911538531,0.205803917309445
1,0.713602691316984,0.128565927640252
1,0.896322541374528,0.270291665730383
2,0.0658025539408967,0.617642696740952
0,0.719640389646682,0.540595009719014
0,0.114093541509422,0.800774462505698
0,0.188977398395131,0.0412876331035144
0,0.672301537671211,0.979424671412892
0,0.0271322583338162,0.684477001513353
2,0.227753858805833,0.83069816754179
2,0.0919556639063833,0.633748922353931
0,0.505072141752907,0.0868077435563639
2,0.717075125421597,0.96131809012446
1,0.280245278944963,0.0233788698976748
2,0.379563764090808,0.395300423014262
1,0.741700351576208,0.1460639126722
1,0.935439474777022,0.39302660168339
2,0.0501882351765554,0.677847471153826
2,0.11244573190949,0.533693075323749
2,0.0913837193983098,0.701767033791293
2,0.30984542261176,0.887662552812878
1,0.915034297441644,0.426004018268567
2,0.533249530641693,0.364888856654401
1,0.912537646965999,0.452884209072343
1,0.893154378495769,0.420346701654562
2,0.541298588907456,0.391029719446905
0,0.414941875980826,0.402780901521221
1,0.428432093637283,0.624373338528164
1,0.270974495955489,0.0273048843668346
2,0.248435412101687,0.471228313678512
2,0.217656196190726,0.469322443373036
0,0.622868394034375,0.962484677833154
2,0.293068713396775,0.863703818572647
2,0.197619685259985,0.497562864795415
1,0.831417473920901,0.513590078144387
1,0.336127911549225,0.653857732575754
0,0.652129617316766,0.603444544246402
0,0.444033394629195,0.419777854362149
2,0.697445297863516,0.353969154855396
2,0.339390233705232,0.425921146039392
1,0.652057145786446,0.586057359341952
0,0.20106658503104,0.790342760105161
2,0.0529312555660932,0.660500445093409
1,0.434546804939627,0.0574722824315737
1,0.522732889472856,0.0486580711707673
1,0.668153296955162,0.0894941049774089
1,0.36639089847857,0.0546432603145303
2,0.616387693019568,0.952183093421936
1,0.72849926666963,0.121704457018671
2,0.0984107863740344,0.548004339705189
2,0.0749612557285268,0.69177859776362
0,0.124005753947855,0.603340236837858
0,0.975176967413968,0.339478830319798
1,0.926692085189252,0.344655356580446
1,0.900819933884047,0.219367026740495
2,0.0499599517472777,0.699581725855048
1,0.599498809750958,0.618981286120868
2,0.431563149680273,0.389154454413634
1,0.865771743513531,0.217719335187208
0,0.595417804907192,0.973501464420773
2,0.231689316528517,0.846067115718096
1,0.265105595268348,0.023846992347307
1,0.43157479958784,0.652431643253508
0,0.372382837882169,0.933162758344879
2,0.209965502748411,0.838229305144706
0,0.969236812766096,0.346860440392361
1,0.920225722317052,0.344180762866904
2,0.464338796186436,0.38657446735257
2,0.341971070129934,0.904718750572844
2,0.0928232531995234,0.743344310565494
0,0.448799090190279,0.90519521901442
1,0.324750794514258,0.65840454085316
1,0.889154733946833,0.461138391061792
1,0.449241285716578,0.0447143128836987
0,0.543747154548738,0.354409340549796
2,0.362178951720448,0.890859136405618
2,0.172759113712013,0.51608884867519
2,0.295097867461813,0.885200869211598
1,0.685466278643545,0.0974879224428624
2,0.0781325845909966,0.60184807243009
2,0.586004736249785,0.946058089005216
0,0.327716206883149,0.631230366256468
1,0.696681286396771,0.121387568602044
1,0.934488067606995,0.367086382083096
1,0.887057389248306,0.26253247136048
1,0.905201834888491,0.287684067053121
1,0.281546622349416,0.0361004193777912
0,0.755451841493912,0.957588999170913
2,0.480849561886189,0.367242712291544
2,0.174220568885628,0.823448780955595
1,0.449836351478274,0.624700025875336
1,0.373845303587173,0.0323109949629699
2,0.105928840655092,0.585339111102743
1,0.942422229027795,0.303205796776033
2,0.474845637237435,0.384843798182119
1,0.37041249759083,0.0444112051431546
1,0.922424408178673,0.388103396739762
2,0.0710713340418396,0.705668605375173
2,0.133917011038972,0.761524596696453
1,0.542979344072531,0.0588727752812956
0,0.521499217513825,0.358127565951552
1,0.803960448614106,0.530122085373712
2,0.424675423621752,0.39766986607294
0,0.424121690149141,0.0367407817349978
2,0.209178800202191,0.83165180603065
1,0.917151089331788,0.312947281996609
2,0.183327024117849,0.815942817896687
1,0.948063398852537,0.313023839542862
0,0.871217652345402,0.428979093963213
2,0.0621731413040828,0.688762803524711
1,0.921926828613163,0.405196556071591
1,0.783317486377665,0.141356493484668
0,0.175804977466829,0.846723832286886
1,0.775429107860662,0.542191348490243
1,0.797241249112079,0.151909589510836
1,0.485024553293085,0.627422721866811
2,0.244088019246277,0.86376916452333
0,0.704305119777904,0.944258416965976
2,0.394110790088304,0.423947611965954
2,0.327541200941886,0.894603146716288
1,0.937161139940772,0.344408952021223
2,0.129645575583456,0.50636540833586
2,0.100528629652559,0.59761810263579
1,0.544840266582201,0.0652322033518988
0,0.575106417105689,0.0893251760485775
1,0.562573643604201,0.0665806041483524
0,0.811499832672462,0.977587217204028
1,0.52042107403088,0.0467969326509284
1,0.69132207350378,0.578841137375611
2,0.187558412515228,0.824873546320115
0,0.0387692508824197,0.654233801551664
1,0.86738787375503,0.221349403887502
2,0.0608215663276064,0.664129442838798
2,0.435144167136151,0.376164546776053
0,0.386945124062467,0.922171044453468
1,0.940301697015301,0.439598130341491
0,0.163827214002635,0.754043767575054
0,0.685628443144863,0.312343489965298
1,0.950746756304425,0.38033924005992
1,0.947700480806688,0.300930277742242
2,0.596036255790767,0.355945210654618
1,0.944047713863096,0.27378518827717
2,0.227819217706991,0.83538918032415
2,0.260681402959262,0.849741099737324
2,0.531518472935208,0.942358459070672
2,0.310165242730689,0.418382977373778
2,0.114612585222338,0.725815979778809
2,0.619073273767777,0.351866441845057
1,0.384482764066777,0.0396444629006292
1,0.873256380052225,0.201882182105928
1,0.714551679030071,0.578737296155912
1,0.837120590738909,0.504354934292132
1,0.907213878182054,0.239037478818979
1,0.902737516808197,0.439650187285666
2,0.457088441841573,0.374558777471669
1,0.660962635377894,0.585006462855182
1,0.932292333669017,0.35682144721363
2,0.502705841705017,0.936145831915465
1,0.842170390697561,0.190766595127968
1,0.860520560291126,0.178084123386373
2,0.728076076020979,0.971726759958503
1,0.378415123603955,0.647360012748163
2,0.123797697093587,0.77505836499665
1,0.529636884572117,0.050849313491851
2,0.79269932476806,0.338904500105877
2,0.171910602389618,0.824478856058006
1,0.514599969871946,0.046646124482983
1,0.542154268399108,0.625970741661733
1,0.622955042958473,0.0876190470404026
1,0.224310355279614,0.0236797192126087
2,0.224980238103378,0.468615680862945
1,0.628344018311127,0.603204097180484
2,0.258552593770186,0.859527697852279
0,0.512098139389647,0.965793154124545
0,0.845944430275291,0.537334981193352
0,0.0377130411717884,0.669366810710189
1,0.482087836007459,0.0717296711930457
1,0.90472226575678,0.468960339265959
0,0.69299100819396,0.361607722622864
2,0.555886616339914,0.368995679575382
1,0.756276557608381,0.131155103880437
2,0.123037991517023,0.534747153681341
0,0.169890406947013,0.786338371049109
2,0.118391610827253,0.596305350471315
1,0.686171231295316,0.114918547921982
1,0.583651398188032,0.624501609946407
0,0.359434684235879,0.868213050442834
1,0.790255804061774,0.525911837394571
2,0.366728159780312,0.404762992606245
1,0.701999926516292,0.106326216800934
2,0.511561836514375,0.94144722461221
0,0.720963443662307,0.941350238872608
1,0.462656110556712,0.620757318689697
1,0.559437318434769,0.0695146874390242
1,0.862302754230534,0.47745504023784
0,0.0682181658876286,0.551494115239134
2,0.0756176981250787,0.659993673694048
2,0.294221783684961,0.885822124355326
1,0.921227195725427,0.418729285444204
1,0.618908740343369,0.0849875362158269
1,0.913785324042735,0.426611362329611
2,0.752739162873778,0.338940248482278
2,0.182686063069854,0.488192087012421
2,0.296436231761332,0.878282612641554
1,0.915581749778125,0.337676663068215
2,0.192722692422818,0.496238303415197
2,0.391908470408115,0.403291234763097
1,0.329233148549725,0.0333230940733275
1,0.439762649219907,0.0466976700386801
1,0.628460028474528,0.097325434501399
1,0.913639298436586,0.282310970420225
0,0.210964616194577,0.491012200148808
1,0.899117346490418,0.397273895053069
1,0.202159092661274,0.0282806933775533
0,0.207308411710297,0.481567650810924
2,0.259521445990512,0.862666047356559
1,0.316786890891275,0.665255374904583
2,0.456628363859961,0.382178345287403
2,0.632742073580582,0.330445432870922
2,0.60457688600455,0.942759332592306
2,0.308263240970882,0.876563839645482
1,0.866345783544619,0.454437059793755
2,0.14251493843913,0.527808525870204
0,0.967929933621988,0.39223954018182
1,0.615828693348687,0.0944928435261296
0,0.623725371029434,0.962763402819133
0,0.318067237514056,0.0444776042543475
2,0.699469882840938,0.338118166186005
2,0.407928736364174,0.389598860592304
0,0.603987652409043,0.36436127595783
1,0.929384840973705,0.391246766410862
2,0.0772385126747806,0.640867927990495
1,0.475745728919439,0.639419715980959
0,0.616829339137728,0.58537265916994
1,0.909120857600378,0.301117458957078
1,0.580421505705828,0.618161785078373
1,0.229974943588908,0.647436261812142
0,0.0396996478847558,0.659791440391278
1,0.908456408295134,0.263556466735336
1,0.899608042796956,0.238420530422591
1,0.899486599194428,0.448508656432967
0,0.279919544529743,0.633988109912044
2,0.0858070780866968,0.714840482491921
1,0.584761637346621,0.612552065262558
1,0.825595354762524,0.506427798908552
2,0.484900800092435,0.365195587082925
1,0.815375869653739,0.197636571230076
1,0.942418652111423,0.354330014698327
1,0.471531028099917,0.0542902892232132
2,0.0647641925176728,0.689165974369388
1,0.739941716515863,0.558673418493177
2,0.485592705724157,0.367008217227804
0,0.709104802509659,0.555417311355666
0,0.591102295597682,0.964087316538512
1,0.887620900172607,0.222789857439534
1,0.416391358369359,0.0551889038322232
1,0.403251165305586,0.0467023155142757
2,0.153587999682855,0.505864840335546
1,0.840233108994737,0.202861834142002
0,0.653444201350901,0.962067729897487
0,0.617773219754232,0.373772344632971
0,0.241019274404512,0.0456949480602379
0,0.973058581703295,0.24852400502059
0,0.408734828826118,0.026044300065938
2,0.4746302082967,0.375351850359599
2,0.0665260225242767,0.694217539423253
2,0.594537578951753,0.359254686603587
2,0.149866356875213,0.542606126178382
2,0.240337875302995,0.463169297290373
2,0.269067721234609,0.87206609722893
2,0.798725732310937,0.350071734781033
1,0.444797355626418,0.0504208246553088
0,0.932875322881891,0.203348950098889
1,0.416809461149688,0.640584827951221
2,0.116858065779858,0.563495463720619
2,0.115488799124636,0.558455422884632
2,0.307566501850643,0.892545432508808
2,0.653564257892003,0.355479233275788
2,0.340194989786677,0.422617786462258
2,0.782071495758594,0.968766289126519
1,0.566758407255266,0.613395374419497
0,0.389844821408395,0.926421718711385
2,0.333128920109014,0.892365385373134
2,0.181111314848986,0.463330395283759
2,0.18421271149838,0.802919608958566
1,0.509479349111326,0.0787236226678821
2,0.445304570979846,0.93223867416189
2,0.313673789933535,0.422952178779456
1,0.770636161606097,0.538124880941423
2,0.621066972516873,0.94978468472417
2,0.322619813717253,0.899689780380677
1,0.892208470577133,0.244552392592856
1,0.678550952188572,0.572945530149437
0,0.644264242752659,0.982160631556327
2,0.131212667719481,0.803408835292187
2,0.178523052749956,0.464488935606219
1,0.872530184074016,0.197713959440766
0,0.217102736286794,0.0423005644226713
0,0.886051686823719,0.482018642915507
2,0.0756236970260134,0.605089028978082
0,0.269310310981828,0.040685601790635
1,0.837541245549294,0.19567215624172
0,0.797187891135902,0.562007007178003
1,0.934494518770168,0.319082450447836
1,0.841810406920193,0.183098956190174
0,0.199211407411516,0.849675982648538
0,0.435091793395727,0.918031748104562
1,0.864193739512438,0.480583837206026
1,0.88852813482941,0.444284913438156
1,0.782226031356002,0.142146985020146
0,0.283951867655734,0.448192157726478
1,0.898068181548953,0.400848179073248
1,0.930382741275429,0.247206515205596
1,0.660391366339305,0.0864009128342126
1,0.935922544327557,0.312687986301232
2,0.659938455945331,0.358064993857669
1,0.938412816524888,0.32148992556764
1,0.212880567100612,0.0334319876883071
2,0.0825480111587488,0.567359179571187
0,0.869398987473927,0.432469160193354
2,0.273509318178151,0.865942648832944
2,0.676693925579428,0.342927221178547
2,0.101550605371413,0.729780969175098
0,0.961757326247083,0.404332580311444
2,0.540665585733838,0.363788030919728
1,0.796990216137325,0.524933147195205
0,0.445387822046079,0.0372401610438037
1,0.853753462336112,0.483291319331703
1,0.799688361450505,0.526647325042385
1,0.549193972111915,0.0650111841106089
2,0.298763750599334,0.899995826458436
0,0.641968806066646,0.614608273643325
1,0.93720730925666,0.296343437701962
2,0.157749164431234,0.53796962977649
2,0.188567563740664,0.837714719519706
0,0.127589579994541,0.457985423178709
2,0.0593276420674468,0.638025671239337
2,0.644973948751125,0.345620151396212
1,0.912224210374658,0.310768865327882
0,0.138092023124394,0.738979376531025
0,0.849317991615434,0.420267650687746
1,0.921963449811639,0.255793264646642
2,0.0914209941125257,0.708844558134345
1,0.81068662327186,0.520639898159629
1,0.551677387014631,0.0677811320000783
1,0.756984883570582,0.134131315944151
2,0.364717629324673,0.408909007175389
2,0.539481163067009,0.377323118785123
1,0.927433199018101,0.395852338647986
2,0.074375063413289,0.678483307700489
1,0.415316458012408,0.62983336411125
1,0.671512900309436,0.0897377935817125
2,0.601828600622454,0.34616398253484
2,0.480151066749752,0.936520901787627
1,0.666336101154461,0.599834682683309
2,0.30922317990709,0.421709223495013
2,0.637060430166465,0.348480296931051
2,0.400015300066003,0.370107372202473
0,0.124274512020934,0.686028083554083
2,0.406110245569036,0.388638901916425
1,0.951394486814149,0.344533706173826
0,0.789866354548381,0.173921562454397
0,0.537987261048838,0.359158063429349
2,0.0817477594544311,0.757207747214958
1,0.738310934722029,0.131637354996841
1,0.614885105616289,0.0863009848387906
1,0.245358267252624,0.0360983717320679
1,0.336947299471206,0.0164914319890399
2,0.0919314394752026,0.719868913780321
1,0.897186952121846,0.259502070714578
1,0.856712304734023,0.170634673182708
1,0.212998775058673,0.0271675308382114
1,0.648103831268395,0.104365886945144
2,0.481519146191769,0.934154727629955
2,0.574802897173912,0.947549784973782
2,0.265392183398486,0.863307525557583
2,0.267256416375262,0.866437102534778
1,0.908592433008261,0.259588396955081
1,0.637821891868071,0.600458420075237
0,0.784804670535868,0.513882402115623
0,0.700522360813172,0.60856486996894
0,0.379374893512359,0.622255812293571
2,0.236315418498917,0.442606468320418
1,0.772667660752329,0.142419684604277
0,0.870038101224455,0.259089578386222
2,0.102303701148473,0.549004334040675
1,0.687165656450062,0.104365091570821
2,0.174539830886551,0.827196069480904
0,0.317645027953186,0.456250749050118
2,0.759565049439469,0.343107904733443
2,0.261965897495515,0.876164765868154
2,0.20182977465412,0.452695573832633
2,0.0413353802107044,0.607209278725525
2,0.0708631514700843,0.693799989988057
2,0.400434170984139,0.387336398359098
1,0.254754554035064,0.021809492660498
1,0.823356555560616,0.489195671142683
2,0.104367339180144,0.541557059137788
1,0.539660699471496,0.0606979661245429
1,0.563297948783862,0.0757359762280563
2,0.253536437332413,0.863616209491748
1,0.512478580613283,0.632699058301648
0,0.314165603009955,0.44075598694517
2,0.139460349276374,0.764739926046701
0,0.252151568200478,0.827476836768276
1,0.953788698160507,0.406918390145964
2,0.434625669927774,0.387202886567184
1,0.824653739218735,0.188799085895431
2,0.51642587747066,0.95679711863953
1,0.612837188498237,0.0830803803169138
1,0.803785251487301,0.540415872901351
2,0.328921975883802,0.414006187169623
1,0.912400447677374,0.26259101099349
1,0.67507849390818,0.0804130261657121
2,0.109323766880778,0.603269177504121
1,0.793516514067903,0.128999222925142
1,0.86056898408701,0.440478322155142
1,0.434479090203605,0.0672545073202268
2,0.522807252911229,0.925961455012418
1,0.836246436495094,0.189508255714
1,0.876306594295339,0.461629873443632
1,0.939739484922533,0.268689854591389
2,0.0846939590475157,0.587818964448341
1,0.772084869850909,0.154593136856743
2,0.254762026620384,0.866952183073727
1,0.202758645138799,0.664266907087234
2,0.214603103655007,0.445661685415695
2,0.158597356427482,0.79227157977102
0,0.11207516281104,0.511886916143349
0,0.599111226846462,0.588263990846394
1,0.673591535208832,0.108363342534175
2,0.138621401785344,0.830069920938441
2,0.106033227263252,0.666781837143346
2,0.753884701012976,0.963092649527198
2,0.104180474876576,0.752480130959055
2,0.146720739904468,0.499467966909557
1,0.864581718559903,0.212806520540255
2,0.0756540749192942,0.619744204013774
1,0.85081818220657,0.191671003863568
2,0.237976440259893,0.850222315498285
1,0.542831157582798,0.631171333833079
1,0.917982099060517,0.302601285232108
2,0.705805954469919,0.338326110186449
2,0.0673888973640291,0.695889847943242
0,0.532371598103531,0.351137091238554
0,0.647935019514954,0.364528480994127
0,0.187801865436494,0.649260332360476
1,0.850470704820665,0.500148576679821
0,0.681403065231408,0.365666271238184
2,0.470387471153504,0.944000263813474
2,0.166844701405183,0.831686751342934
2,0.117184973945946,0.780736787294374
0,0.627949050039868,0.574398214571638
2,0.0615957396701417,0.596248422646242
1,0.325455970797642,0.665182204899098
2,0.23487271650173,0.824247878090731
1,0.672126278064936,0.0985339998790625
2,0.442684185642187,0.364618957494424
2,0.506846994368922,0.373829000688743
2,0.0973750694137948,0.61826468964866
2,0.0506333508106262,0.573133042186289
2,0.389558182337956,0.904566000886571
1,0.803553397451584,0.160963330576872
1,0.715982710067238,0.112030335628165
2,0.161185674008695,0.490317894322065
2,0.600948538433771,0.343212854132228
1,0.79068539487176,0.147521137652826
1,0.828894950702874,0.542197243436308
1,0.863103123896108,0.458935348947352
2,0.0920263592740146,0.559642704022606
1,0.400966157186741,0.637598151420913
1,0.944584560809535,0.330985858373862
0,0.846488247412298,0.524772589433816
0,0.466716001784673,0.0340876853385883
1,0.780389114991447,0.528869262146724
0,0.455153404247358,0.0356052230022924
2,0.401463428316944,0.3946268546088
2,0.366398402485973,0.423107629444979
2,0.106034101779302,0.565585708997968
2,0.375013353959519,0.409698073178175
2,0.407020201050525,0.378432087433184
1,0.541552990940369,0.614325950409269
2,0.357088043257323,0.406295619817671
0,0.735147856822366,0.959243556617833
2,0.531091902174888,0.93550809414702
1,0.479637179927573,0.0533930641082457
2,0.0937475466230427,0.745404607918862
2,0.750973448396159,0.34256107082614
1,0.804600227260891,0.161185581333188
1,0.787149088639878,0.524797008416492
2,0.394305898774951,0.906270557714966
1,0.814244301497655,0.490625639497193
1,0.686333695025773,0.117957013682951
1,0.83194065213229,0.166844125941024
1,0.650652283521615,0.103804426444379
2,0.377596150862876,0.393255898160855
1,0.302590021230436,0.647511164529819
1,0.847163489637667,0.230384008633421
2,0.0891649784672031,0.683046153156242
1,0.921711459036901,0.346125545291027
2,0.223673155100107,0.469127016407
0,0.415965179091668,0.913273533190964
2,0.230461690151991,0.457900952544026
1,0.463977013222568,0.629151334589992
1,0.929313652200201,0.350493811789706
2,0.477169711293683,0.946500312884827
1,0.284214739693373,0.0245527524368701
0,0.773876960277256,0.561838227004348
2,0.140167718551685,0.533245299073184
1,0.420913837792035,0.047870166487839
1,0.479140485718958,0.0624373418924165
2,0.133413562376619,0.786759065042088
2,0.0887728489328873,0.6268408047882
2,0.162651443204318,0.497156891417443
0,0.788671990767459,0.161920796804685
2,0.197004938867871,0.488484758013667
1,0.427467788458461,0.642002233889495
1,0.828630277995632,0.170167652406471
1,0.930951833783776,0.358780324539082
2,0.516541743946123,0.942557280484901
2,0.0592776344178121,0.715872328531998
1,0.45415222140943,0.630203920044353
0,0.208009883867754,0.0401092424090156
1,0.26305905715354,0.0168770654731763
1,0.747824015935368,0.529446412462396
1,0.824023603190804,0.501407730380305
2,0.285334804459567,0.430136787229071
0,0.827647353102299,0.125661119435781
1,0.63896398446996,0.60851160395811
0,0.371312702097483,0.63817088921398
2,0.630774974997021,0.347569549605842
2,0.526116241382538,0.941878929847887
2,0.0931914455007017,0.645773556219613
1,0.552836682732865,0.05258851876861
2,0.09082192230084,0.607348306490453
0,0.800347430841814,0.149689862221963
0,0.286483593407275,0.460440871946902
1,0.909593107097167,0.338436646324091
0,0.783078662665127,0.201398118869902
0,0.749641791300961,0.117727227664238
0,0.198711003974468,0.840665878188023
1,0.718361343721012,0.125108723882034
1,0.833142792777194,0.5031336217481
0,0.660251247316803,0.362458365125499
1,0.771798167162857,0.523020273996309
1,0.895760716718528,0.398359905669217
1,0.498966190463727,0.0422002379675262
2,0.710520681642139,0.966453494153593
0,0.99086575754689,0.278208741442654
0,0.407772850464918,0.0399776270540282
2,0.0553200352018501,0.650583015790733
2,0.393059283763978,0.918565873574676
1,0.270458087707847,0.668644507338011
1,0.273472478114229,0.661555850508556
1,0.890579034275716,0.417687653906357
2,0.320842301143947,0.417588401847233
1,0.923644721946351,0.285731888977261
2,0.0741009157021224,0.690528864607955
2,0.631543916910505,0.338744225208927
0,0.835969584267517,0.474647505038397
2,0.480339896546841,0.372730813220573
1,0.624641599878697,0.0802483970769345
2,0.241724073887815,0.471423380279496
1,0.83894652023808,0.172244235483458
2,0.0920134391304953,0.579549410008463
2,0.496920808273884,0.922957328044021
1,0.923698783292618,0.415186422411595
2,0.0748904816842785,0.572498363784679
0,0.132787927604637,0.610292261031562
2,0.165596702700476,0.805601286686022
1,0.490568397514632,0.636975379228565
0,0.612701219191168,0.0760083449584116
0,0.532975665795388,0.0850376376048221
0,0.883993055816383,0.188555058040585
2,0.132332442611135,0.534688383644463
0,0.130223464264365,0.732066853462975
2,0.0482674002557432,0.637228013446323
1,0.661608573421692,0.591871521579509
2,0.638842416322588,0.946777849949301
2,0.147375763837931,0.508331207238526
1,0.882389065359984,0.421948877336784
2,0.122165229742693,0.541966837419435
1,0.933896910709254,0.393265701730201
1,0.878150406513257,0.218446084818139
1,0.426789092806923,0.0402791801584673
0,0.63565342463616,0.964370262135785
0,0.459344587980183,0.64074766580286
1,0.805220805356431,0.49889896119529
1,0.923254519765818,0.388143454273815
2,0.429958394959902,0.926541837309376
2,0.17941755926686,0.479258800214784
1,0.247867343846197,0.0283765171726402
1,0.890534548539895,0.407240009828308
1,0.935859366581638,0.289351067879372
1,0.934771334810037,0.311455987293091
1,0.382460846691683,0.0368143579272325
2,0.100501131317662,0.75857506270321
1,0.949303726921911,0.375853788287754
2,0.70657058726674,0.972055470492062
1,0.557846768110806,0.617168839058026
0,0.716153898820365,0.557066399026597
0,0.868184508635814,0.389106232145308
1,0.94069952087648,0.401272993413592
2,0.105352739646539,0.600275573248352
2,0.444553875899053,0.938617131178871
2,0.203492465634451,0.8166180322441
2,0.174142329645904,0.472314443892622
1,0.684877841043762,0.562876587093749
1,0.780442923443257,0.558319857803152
2,0.161670123524893,0.514548876540216
2,0.515888515984164,0.958131842095538
2,0.342052599682872,0.904648307075463
1,0.84915646602896,0.496432807166867
2,0.574448502756185,0.958548352221368
2,0.282439115140761,0.881559307264424
1,0.294205734978987,0.0375865840504225
2,0.0657771336939853,0.710456699891388
0,0.821854348947495,0.478038698434883
2,0.299843343688739,0.880564110776882
0,0.246389954298451,0.0407178980652134
2,0.434994471517438,0.374562716022352
2,0.493646826147001,0.957483348189903
1,0.363290758716799,0.0130298817127355
0,0.663200978363564,0.0751140563083928
1,0.670812601832161,0.119203930697137
2,0.442747147557012,0.378320796516534
1,0.76949862632606,0.138343623877917
1,0.918231428273186,0.436694439261713
1,0.92866637016928,0.397891799807203
2,0.255292438065083,0.847657726892955
0,0.500585026172615,0.644433427450395
1,0.905201420172081,0.404846223217755
2,0.149752036450929,0.787807226269616
2,0.143467597175008,0.769805309271883
1,0.680585627161353,0.107671826265914
2,0.138445821104685,0.514160893625158
2,0.338193906570377,0.891906694426484
1,0.515865320575718,0.0679409795735812
2,0.728756214477843,0.345476194933834
1,0.772605209146459,0.141579927248057
1,0.955538181158211,0.414363155715379
1,0.916025325819686,0.396045755984191
2,0.0807764981901501,0.599366344657637
1,0.651922791398989,0.597227224201047
0,0.631219317802275,0.967860834703009
2,0.512115130018704,0.36202009429383
2,0.343882314084333,0.426627489133476
2,0.520756790315084,0.957306431917431
0,0.421653264120863,0.0305325007664285
2,0.741954058642126,0.960349021800788
1,0.759392504188113,0.552105685602168
2,0.26637715929986,0.840698202155458
1,0.382829143673365,0.657812176644799
1,0.466223477187953,0.0538775758824161
2,0.23379810687782,0.85761896323902
0,0.669383727373492,0.967516939412837
1,0.760125028161992,0.550940781978467
1,0.77516070396923,0.152011234234962
0,0.614579769825359,0.0797769072004153
2,0.0607225147159831,0.683266359311632
1,0.913410838917171,0.249749653759914
1,0.930053449177524,0.369582473153414
1,0.789308138637915,0.140571406451025
1,0.53775617318516,0.052103265614167
1,0.883750311342068,0.259172191572195
2,0.286657836231013,0.871393137848985
0,0.633591593666238,0.590537605589907
2,0.155995554532338,0.802339834395377
0,0.353593723620246,0.634214885783759
2,0.60212004008484,0.95511231017951
2,0.786688157354441,0.350374524388088
1,0.840050587664604,0.161586916942151
2,0.63738710830905,0.956791482875733
1,0.924958324238669,0.417962107379614
1,0.924835003123464,0.436834614330344
0,0.795970370663876,0.175720542652207
1,0.452480632306167,0.0568636777978631
1,0.334042842163242,0.658032209921992
2,0.13738719558433,0.764799737530453
2,0.564954521729855,0.938597677884096
2,0.287820463720219,0.852818737895903
0,0.269692282162293,0.438048417020419
2,0.35316558032975,0.422861469767697
2,0.449123545649778,0.938429470150407
1,0.686217071175007,0.573062565070108
2,0.126668277443456,0.545600484157913
1,0.662203696185166,0.102346599171415
0,0.648543270256163,0.982937750321591
1,0.270127698913225,0.653527674241545
2,0.297099021519171,0.908508893846267
2,0.214991146549468,0.825523418089194
1,0.902107453924185,0.250234975145654
1,0.21412897925126,0.0364297099967205
0,0.365615672677274,0.924874065920735
2,0.11438193972427,0.749165179229501
0,0.741109798250656,0.11244130336329
2,0.186547352995943,0.504085666708012
1,0.335317155891516,0.648406298516818
2,0.0911676562663651,0.683961836121484
1,0.920773009211796,0.304637858023873
2,0.308439655670094,0.872980936586588
2,0.0870125680707259,0.670850646394663
2,0.727762279297387,0.344566547993568
1,0.235030001527515,0.65147339340421
2,0.727204370147873,0.968109956129347
1,0.804218728250681,0.160917777365576
1,0.256727032080031,0.643909473511974
1,0.697806883717361,0.119067376511471
1,0.548599352369537,0.614840031121301
1,0.657296671858236,0.0800830402575929
1,0.40694205149943,0.0489023507181147
0,0.0533213494811117,0.76010139367939
1,0.745574512770903,0.537397424932447
1,0.949751664457551,0.287134006815481
0,0.650102222507976,0.939454849412243
2,0.532748003523487,0.947206734231807
2,0.37250464905162,0.406076934298134
0,0.40008239329528,0.908038374511477
1,0.309778745694896,0.664193987738399
0,0.237162359181846,0.0477283462255826
1,0.288642828427404,0.641423805630872
2,0.370673069399051,0.425092260029466
0,0.824704903507698,0.464086133158401
2,0.167969137705507,0.808481053409177
1,0.92073087418335,0.350716956670496
1,0.589649085771671,0.622438599673924
2,0.257792641074459,0.871108949161287
1,0.93209818648111,0.331040966125284
0,0.198077533530398,0.861516522782589
1,0.356802178556403,0.656892540531031
1,0.736509412863476,0.555844296623271
1,0.684748266195564,0.586940013089804
2,0.739944533818351,0.346594812955597
0,0.612643556610299,0.0713481289460933
0,0.461723269389167,0.653088460311898
2,0.445445714707215,0.373027451503451
2,0.218143694644841,0.84659598537787
1,0.711751114442801,0.581495429295391
0,0.838629576535447,0.157994923107085
1,0.446502289490943,0.0564178877948202
1,0.669481167778101,0.107130127757301
2,0.227496163369143,0.87415322240056
1,0.915735206089628,0.42582657115575
2,0.366134212696407,0.898312385309356
1,0.772581763346383,0.533331602399351
2,0.327726172064719,0.881043941982796
1,0.391373661690721,0.0346641111695758
0,0.829328412926102,0.205477822994369
1,0.771824997811703,0.528173606074767
2,0.290378855456814,0.87497894486838
1,0.903956578898138,0.279791813969464
1,0.766583163821342,0.130187276921891
0,0.801535575729213,0.144370045640068
0,0.400160921241797,0.404291864974464
1,0.84740662391161,0.195380558408529
2,0.42667043493129,0.387920948244287
2,0.107833707665981,0.778188152889967
1,0.569352723307412,0.617302092658992
1,0.639491328090867,0.603735217914836
1,0.55570090740481,0.0563630343900571
2,0.60223784586866,0.357895334822793
1,0.692128968531257,0.131108939287297
1,0.947155512308851,0.329291774018824
0,0.362618850744403,0.636679762995568
2,0.151638435736001,0.502655235932092
1,0.821818284953682,0.503461502572871
2,0.201502700085387,0.474651816129221
2,0.427870455260878,0.372728994008447
1,0.834919045072617,0.494756725412758
1,0.905641530797384,0.273948100141772
2,0.39216107505642,0.897198771719312
1,0.58229426651373,0.629928868690786
1,0.226890099048576,0.653398910943485
1,0.34147157330804,0.0391295225523315
0,0.631899607075392,0.598072286792219
2,0.109287263605706,0.603386774434337
2,0.128939974082743,0.541605268103957
1,0.657545024624881,0.101418756472683
0,0.126414015214258,0.74307100113893
1,0.692423590754125,0.590149313530567
2,0.102062082084147,0.593642750831274
2,0.130192208968543,0.552217726065334
2,0.623465426861858,0.348547307397048
2,0.199556259616767,0.515986235456568
2,0.243214768372338,0.860880105944857
2,0.152960894801879,0.838008819054268
1,0.317738610680391,0.641070193496156
2,0.685351390573001,0.330833957277199
1,0.863652864054539,0.184051707204487
1,0.763565119956815,0.549715892236684
2,0.593447537805013,0.349991107163195
2,0.25426323319154,0.850153875601227
2,0.495666972841005,0.954839325198168
1,0.596947598069496,0.618997630763236
2,0.218426522829583,0.460777307717339
1,0.851144702130899,0.48411428499392
1,0.930159183974504,0.380609157566746
1,0.755309365312093,0.550770562528968
2,0.0852366787091982,0.665512976533187
2,0.290715919567814,0.410865847782462
1,0.54278227162386,0.627602900159079
2,0.0538114914271247,0.708887202713151
1,0.451508663259987,0.0456185188097068
0,0.670633039759148,0.968369960567704
1,0.918769420852671,0.44431685131526
0,0.544261162454375,0.357634366385874
2,0.131603145554123,0.549350379246674
2,0.0861405486016892,0.714818375159548
2,0.270749204139806,0.859598494521808
2,0.463235788950673,0.371183418560306
2,0.11687981576306,0.797061223532944
0,0.58547589461609,0.374101109175688
1,0.783767653425248,0.521827304076368
1,0.806066893704744,0.171205124215644
2,0.544695875927041,0.36789881647842
1,0.618948050493494,0.100793196262904
2,0.240753113526286,0.854736125659185
1,0.925263629434918,0.296786022598994
2,0.108659286475574,0.722925962374017
1,0.559563248241082,0.0534230027569247
2,0.117758850480091,0.768852406497408
1,0.356668642589922,0.652631686555687
2,0.28217108920263,0.888016647615097
1,0.884333986117736,0.467888249609299
1,0.603507026190572,0.0876606048906672
2,0.0666326849585161,0.706483252321503
1,0.900527004734403,0.256342496011283
1,0.896812975851983,0.413465640258413
2,0.0681899438484751,0.599375713503936
2,0.194703826989327,0.484800164194288
2,0.271391007193187,0.473344049455988
2,0.0925808440232707,0.58112532925214
0,0.271364729566431,0.426077287987193
1,0.685080696320843,0.570726355182139
2,0.212791162207397,0.835028258665082
0,0.609260517208395,0.0787433934369409
2,0.453308372469654,0.934104925161891
0,0.031488480450941,0.652962924128244
0,0.581765512069424,0.0858754316759399
2,0.270577080528943,0.867042797477914
2,0.302304825941452,0.427444399157687
0,0.653261087953756,0.603602829850425
1,0.534341983426267,0.0475999385270116
1,0.312843769712746,0.648248575789746
2,0.738261814964736,0.964853988764765
2,0.437243578208991,0.930948683191182
1,0.249376329939148,0.668955521705026
2,0.470441842440116,0.941840906706674
2,0.225712403031486,0.842729224640809
0,0.0348450254790732,0.627147368778123
0,0.466313626025406,0.64670998150935
2,0.680256016437921,0.353259565775388
2,0.124112259742607,0.763446007110305
1,0.358500607781977,0.643172567401266
0,0.38811595650083,0.947888048261843
1,0.752098564250134,0.133650093441194
0,0.660184039171248,0.957347474181124
0,0.195687338520925,0.651391911331279
0,0.795645347112642,0.164269231649216
0,0.607933253730555,0.078563740701156
1,0.908209789211641,0.2349400161366
0,0.165086530463915,0.7919153509542
2,0.710052354377468,0.331798852878116
2,0.103970221496145,0.627216652670728
2,0.679298159762802,0.340914840031399
0,0.447476350179867,0.650001126059171
1,0.298445598819906,0.0330477102836392
2,0.70474314544895,0.343381593107496
1,0.84656128353085,0.489467636010818
0,0.393681100377015,0.929635152640993
1,0.680394621662748,0.586942331661235
1,0.854606904812658,0.470231986347117
2,0.52591363689872,0.957397099828733
1,0.362217178244479,0.0392332534461262
0,0.563937128488519,0.598238493813272
2,0.734244180910898,0.980442467626432
2,0.763548942669126,0.973692952872597
0,0.873203906227087,0.320528926596513
2,0.213332047656341,0.848369781631081
0,0.248749199808603,0.890862285076255
1,0.583427521492825,0.0758323140094707
2,0.391017135539561,0.395115729141082
1,0.86354620299581,0.460310820535908
0,0.405625477128799,0.402947551623076
2,0.078506259451379,0.588014902377405
2,0.330012851810235,0.893718289257991
1,0.900552600271211,0.35789819531622
2,0.0550730074104445,0.677157571823591
2,0.233966806249615,0.869730019060634
1,0.392581123122168,0.0527065368367267
1,0.569849878812242,0.629269867631506
2,0.495401785455453,0.929683801898393
1,0.821164068803035,0.51093710264646
1,0.931232221490188,0.312084360183876
1,0.507577715792459,0.628308036665603
2,0.0950673023502575,0.742770335107905
1,0.814705965041609,0.163381319476188
0,0.875432754681323,0.246105770200893
1,0.870916977065025,0.479902906691622
1,0.556514895394805,0.626259633430993
1,0.853011021071355,0.499531360830382
1,0.299991461301706,0.0292108926848719
2,0.526657594732699,0.945870180567111
2,0.737684146455738,0.326946134429256
2,0.615459868216313,0.334614141933382
2,0.449235821543251,0.360713994888055
1,0.546602285046282,0.604768296744737
0,0.590314658191356,0.367112801925471
2,0.360031621738995,0.913620401367815
2,0.114274325246543,0.74981580616742
0,0.53308664897823,0.963255070923974
0,0.164004325519093,0.537811800724374
1,0.878543125466821,0.4709134048794
0,0.829185821200485,0.223976615148176
0,0.441389320171475,0.91957757324793
1,0.402876837181979,0.632809167578249
2,0.128213753999281,0.761713046092412
1,0.659341574367822,0.596787871052144
1,0.759506658582631,0.147354348943511
2,0.600960652840965,0.944615894244222
1,0.540948101822758,0.609905528863372
1,0.393575210205198,0.648506963418716
1,0.854603444548063,0.196918750975672
1,0.944735933056374,0.286648332528154
0,0.829218171286682,0.202879956331975
0,0.424414918505131,0.0356477176584746
2,0.115304221660685,0.691195301342973
1,0.918742473759162,0.363681863770968
1,0.895897744104291,0.441971265647292
1,0.642762406412285,0.595774856511359
2,0.0975068189173061,0.579547749109277
1,0.714497256663101,0.11891646159488
1,0.425051537848129,0.64880276825076
2,0.403460713443897,0.38201661815151
1,0.924146422490742,0.394107906911508
0,0.499734775269819,0.357546333803991
2,0.413469079699974,0.381001272471836
0,0.121604776445717,0.565122831478219
0,0.292871741558055,0.446043267770887
1,0.393438866588693,0.652750755750559
0,0.612570001635044,0.583135339400811
2,0.151731300998583,0.768550644301044
0,0.476136193659201,0.083658309384513
2,0.37526395794262,0.899197478701021
2,0.396487080589574,0.916303913984162
2,0.361378918991526,0.380124112943551
2,0.146014730012151,0.515364483670309
1,0.536146005789638,0.0505746547452757
0,0.122867142030582,0.607400889316652
1,0.284697393624461,0.654257233507005
1,0.87761363434664,0.232554586628119
2,0.763680267279691,0.977108230883678
1,0.426131380778726,0.634631010616883
2,0.243374447485742,0.477935881045512
1,0.839153752250349,0.186468499351986
2,0.458838421742252,0.376323232340851
1,0.325585413140421,0.0374842715436426
1,0.654311696818453,0.112001248645712
0,0.631963304950968,0.0763404655322241
1,0.87833933879119,0.453648401384375
1,0.934305686248328,0.41277173798687
1,0.558772985825222,0.0778865809039674
1,0.722216673464202,0.147556753006032
2,0.0773649063143608,0.664384867367431
2,0.22744731036357,0.45573466650621
2,0.763535288275455,0.97375283682928
1,0.799337609908488,0.158261026164996
0,0.762411681627189,0.176010700384669
1,0.816072386226397,0.514537350120173
2,0.113406406119734,0.550283831947891
2,0.743048264078314,0.33654397494848
2,0.0766778932333646,0.593006178022281
2,0.703467115120024,0.344846365870273
2,0.0863895175517409,0.729999997869364
2,0.0510069041097194,0.569523370381134
2,0.263234118869014,0.86585483718588
2,0.122893205257202,0.516624827690467
2,0.766471111164328,0.348946012281325
2,0.495528125534508,0.928114774863688
2,0.105912433850111,0.760682671492218
1,0.933215756650407,0.387604911283678
2,0.320128774976061,0.43272891641082
2,0.683303582902886,0.325493880985171
1,0.702067754926333,0.573509163047439
0,0.882938639648937,0.507487970541188
1,0.627903917804801,0.0862742776091573
1,0.809403780060853,0.506284021903909
0,0.260077138360761,0.396100805871407
0,0.398323531792996,0.920137189779072
1,0.951002100860997,0.409329456175302
2,0.215100653985708,0.463765663858655
2,0.718848313274346,0.325480495396191
1,0.899601292908348,0.471684066268077
2,0.0594545081063557,0.656656026477459
2,0.0811087656029927,0.689516906032898
1,0.273649501341824,0.0269599377090098
1,0.720267592942509,0.13402958886638
1,0.924630939782801,0.375529452687126
1,0.774445523519646,0.54127179185591
0,0.449245524134869,0.647944630303936
2,0.538878267040359,0.368938219601581
2,0.157186183158745,0.507214508135047
1,0.559331919485108,0.603032900825819
1,0.464643763808087,0.0508484685470032
2,0.513750052334828,0.937669246587627
2,0.0684634957760106,0.621075651183585
2,0.104260883794099,0.555514962445876
1,0.754952817324032,0.147769018172608
1,0.263220749702848,0.0263567491789364
2,0.589683461489714,0.354891639155679
2,0.335220981987316,0.908475562447416
2,0.379691278803872,0.377954615990363
2,0.0753414524533421,0.710777720641744
1,0.574763654384936,0.607628812322955
1,0.88820794826076,0.422855343631093
2,0.0873032514941165,0.683913622721529
1,0.744872386194534,0.562525911893448
2,0.0740507828141917,0.581002343558214
1,0.74195662923355,0.138479047207181
2,0.726673860934185,0.965979941776705
1,0.909446025196332,0.276935498047649
2,0.0924230126861283,0.632464075872789
1,0.546458391527424,0.627031161395414
1,0.281654428765933,0.673060620828038
1,0.342331411868543,0.0374571521823365
0,0.1516581761794,0.726277563666298
1,0.891658276976387,0.276448233995321
1,0.945222634245046,0.305523574262801
0,0.166939073631059,0.795925222147094
2,0.225920112891003,0.456662702987846
2,0.398530294225545,0.393022580257166
1,0.911590090503173,0.250162095551267
2,0.142852714565833,0.520393058532357
2,0.147730821525744,0.787132418248257
2,0.251679751673943,0.86852877622521
1,0.931477228311505,0.362879116830526
1,0.851999489281191,0.460073403300668
1,0.638624519030782,0.623055732805794
2,0.631355358255879,0.95709458443478
1,0.901369204564851,0.295993795553614
2,0.75066365987782,0.348555674654489
1,0.668330240239162,0.589238357634028
1,0.924996912816541,0.292377313074996
2,0.310272229080708,0.868614226092114
2,0.106031660406377,0.566419144586645
1,0.914588438703365,0.37678014052884
1,0.749816007542389,0.570794087219168
2,0.229257860145167,0.473960217580507
0,0.290795651718101,0.44129228670854
2,0.183029668549521,0.807184986338319
1,0.678636709057969,0.597925455825189
1,0.927035105261663,0.260520296396699
1,0.784085049030762,0.147652223086125
2,0.0878479730064417,0.662313824234491
1,0.443730767404029,0.621914206684147
1,0.592827745341294,0.0594409192910535
1,0.926671966426425,0.305135277287605
2,0.0744255622241584,0.612401414522746
1,0.700200240636883,0.107931094721823
1,0.883690824705235,0.219571774116305
1,0.736134547421416,0.131619334345244
2,0.486818263596196,0.367149537763954
1,0.895587883024549,0.424290513849576
1,0.760319293711719,0.157152087660813
2,0.38964795890914,0.911917685169476
1,0.844611935118639,0.179450274696115
2,0.588505095610482,0.354378405587442
0,0.750734623093586,0.959179801126854
0,0.0233554934775337,0.603378878163718
1,0.467893096231569,0.628068858586851
2,0.334296261708967,0.400144350759008
1,0.786020746324736,0.546853714807865
0,0.403206601371148,0.407163298727179
2,0.5018723917214,0.940473288210719
2,0.280458893871598,0.844289529860725
0,0.123734388197773,0.565482720490817
2,0.174748388115562,0.824115747038682
1,0.429551600874398,0.649040831528706
0,0.37385363113889,0.923202818175467
1,0.301749173581945,0.661282560543246
2,0.262399998617234,0.45770434481918
1,0.847635814123645,0.197949825145727
1,0.209652524143222,0.0280562013044112
1,0.789985795370853,0.150132126711911
2,0.277116589519649,0.448815143434374
1,0.921594055893561,0.290678718093794
2,0.0486953420609668,0.663133685765473
2,0.14329954445137,0.783194967015451
1,0.535631127371052,0.631914728415809
1,0.942966858587733,0.293700126131857
1,0.924994554858979,0.294535624110952
2,0.183002579020761,0.819603146251135
1,0.768688983283526,0.551282027049348
2,0.0965488668136522,0.532389974561552
2,0.316953980922981,0.90499617676043
2,0.403510461368409,0.387154035495766
1,0.577397868924621,0.621257591539928
2,0.106322117586171,0.587614362537033
1,0.324864785271918,0.641523084881305
2,0.449164486378395,0.393770007181071
1,0.778814089907543,0.548450789541018
1,0.565260467238744,0.0702893180658755
1,0.597448823461639,0.0592741435226626
1,0.554926838528737,0.0618690513162251
2,0.242168103197359,0.465811372324446
2,0.533379211102724,0.953061408737397
2,0.794489213612701,0.966073890122288
1,0.873486380351669,0.22527014749927
2,0.0868523149444387,0.717762185601928
1,0.556152548026045,0.604328869220046
1,0.771951310918555,0.532074540713033
1,0.565073676937179,0.602641665171713
1,0.664590305607412,0.100569750955514
1,0.622075486324932,0.0977851565380959
2,0.633166888021429,0.335736475011068
2,0.617559763312485,0.947981874836594
1,0.91398880570411,0.396517787396904
1,0.364603445631224,0.0368158831310411
2,0.404342996699675,0.922315055327845
1,0.305518427229778,0.66026962300903
1,0.285815092338748,0.0389587899591716
1,0.807420240341012,0.186665044794785
2,0.710772360129785,0.348677468180277
2,0.270386510531669,0.849987516881884
1,0.835675237134016,0.527774019868459
0,0.120644122528748,0.589611555368726
2,0.571236967581099,0.946498655532922
2,0.19119148156089,0.826980044203136
1,0.415107501820975,0.635873661204369
1,0.798860913387305,0.529835976537973
2,0.146490474491438,0.797805159255672
0,0.03479866561378,0.657903373116912
0,0.355737946045829,0.0462982067435823
0,0.0259764051743654,0.651527978864073
1,0.716443299059073,0.126699193812046
2,0.490729833246895,0.94995260581109
1,0.662414977000302,0.575340295466066
2,0.359528697778213,0.891886771618457
0,0.789042076484645,0.167325305164201
0,0.725374814863075,0.116197392793487
2,0.385590319525539,0.410096191579527
1,0.655896315538156,0.574559584542843
1,0.798455277529468,0.146060801209997
0,0.322718055654251,0.920704856480372
2,0.185131487459947,0.496228849553478
0,0.16253253348817,0.521043530577526
0,0.484013802551369,0.646248236857088
0,0.734309164158946,0.958628016312628
2,0.444010252179843,0.373775665517135
2,0.486613976079404,0.376069751730063
1,0.743362398833558,0.570336327932433
1,0.886765462462125,0.404255035842719
2,0.646946205368935,0.351257402722828
0,0.879475946382895,0.306998344793066
0,0.961631294894984,0.343226867596663
0,0.0583700601017364,0.728154576072167
1,0.890312132147663,0.417717284410834
1,0.218543859015175,0.0272609262658158
2,0.106184769115226,0.663058292549772
1,0.810162102319684,0.538368320626724
1,0.914140277880649,0.368824737195193
0,0.581115976032372,0.370571692585826
1,0.840280899644243,0.164613360952198
1,0.506255723956629,0.0721024931263449
2,0.124873773741685,0.514888731353286
0,0.275548007737423,0.889566793031746
2,0.0963483019748985,0.648781940044732
1,0.495776012988303,0.629796856890714
1,0.352304843035475,0.649877828725668
0,0.123869553401741,0.749878764164243
0,0.676074863571178,0.95274070626992
2,0.737419211331652,0.973568750046599
1,0.930059757328152,0.399248977647287
1,0.55373882881814,0.0662482170960999
0,0.170080688294262,0.774059799489765
0,0.560291383122464,0.365306570799437
1,0.914236269957672,0.330888367459018
0,0.305285186677726,0.638608026687986
1,0.92973003293739,0.310829080749446
0,0.846859450406603,0.53841346920658
1,0.840097230367877,0.164057722893656
2,0.0921711869857916,0.768540800110998
1,0.738741544098633,0.136776457225214
2,0.681689360945928,0.348599719236714
2,0.0864584260960928,0.634270696169795
2,0.0994306081408422,0.521240056968843
0,0.597461495458114,0.369722428988745
2,0.421405741692728,0.375693745664369
1,0.832157565367056,0.19079696595083
2,0.75411387879775,0.353489555105402
2,0.362377184070336,0.909167137396418
2,0.626732883884092,0.344055546506689
2,0.746747513740825,0.970487101160418
2,0.158429117654383,0.540631337949213
2,0.658602106979658,0.347653162510287
1,0.872758325693622,0.217390462715285
1,0.529999358441019,0.0544871291085923
1,0.412831037098357,0.0504982084203456
2,0.61268123916436,0.357972307331073
2,0.795265172419645,0.337198021930834
0,0.552649892403597,0.336125016009718
1,0.926429555015557,0.412335732481604
1,0.931132565565283,0.326021628241014
1,0.896005192632632,0.443612119561599
2,0.370472721742158,0.403925551954204
1,0.423455902876416,0.63913798604487
2,0.404278496887936,0.379189529998738
1,0.584892524939667,0.0781132135565341
1,0.694259652387909,0.560721901808034
1,0.937046486673936,0.337067972038509
2,0.408499796470913,0.923431371332825
1,0.843446088382556,0.231693425476821
2,0.296013858088037,0.878687270993872
1,0.901163789493945,0.437325750486515
1,0.659102050524117,0.0963064200375189
2,0.212628893082328,0.47790917294007
0,0.664444418525626,0.948812251404762
0,0.721598929157435,0.102647621871598
2,0.629375860005313,0.343241786614172
0,0.184053338209093,0.65663653020194
1,0.823164273299538,0.516913042391199
0,0.339460939131188,0.0508168230215523
1,0.534135139319274,0.623431975023879
1,0.84709966766394,0.204010051878702
1,0.914093217588376,0.275818033450135
2,0.0943555588694251,0.689997931949173
1,0.929753332957134,0.323425010593853
1,0.789117514500334,0.143618211718241
1,0.568278764864671,0.0703642266452844
2,0.396197541158573,0.915194075120193
0,0.814695343907483,0.202113708939682
1,0.526525105928453,0.0591938941296274
2,0.461764391945877,0.941322771292595
1,0.596295173062714,0.0794334296836823
1,0.643879609159651,0.591368964432879
1,0.808857917414134,0.522659625626902
2,0.131188202177124,0.78070462746573
1,0.435194884716218,0.665041654500904
2,0.267405549771918,0.458251821777918
1,0.436333292941979,0.62635866034301
1,0.547971709347058,0.634117855836422
2,0.367970082622173,0.41116405454922
1,0.433671294038892,0.633034791746184
2,0.720449394285004,0.335312738094242
1,0.780035193286493,0.152112071256819
1,0.277520188700073,0.648582541571444
2,0.248299342981239,0.444420627624153
1,0.900088376120891,0.23855645897785
0,0.78758125129844,0.161922071802099
2,0.257254132698689,0.440688003720463
2,0.236061253973117,0.857499640987595
1,0.605707650066893,0.609936962009212
1,0.720609598874805,0.534005068837179
1,0.878901580304569,0.443829574637004
0,0.200112204483408,0.485160177364246
2,0.0708982403529499,0.609715974079298
1,0.413071225784498,0.653586195086283
1,0.833880698914901,0.508955617226432
2,0.0938636163001753,0.582002564977442
2,0.102900740019585,0.547507082263699
2,0.112695152344667,0.685765422644917
2,0.156837534169714,0.816400380525697
1,0.651714415655859,0.595443676800301
1,0.928925266838948,0.355727315534172
1,0.834530773663503,0.168227860666281
1,0.500901780884257,0.614977383955255
2,0.364529123195624,0.903537443536988
1,0.913258517621406,0.284228335824706
0,0.622437195919131,0.96977202959172
0,0.230416038823318,0.437902455423768
2,0.100739682625862,0.781502717030077
0,0.736761873177951,0.959959974419669
0,0.772007514263365,0.363070303426593
1,0.909280351069293,0.404313414506958
2,0.433542839102663,0.377569763072338
1,0.935546966762575,0.370248026376291
1,0.878453961723928,0.466430833321352
2,0.0869215093414278,0.627585614135896
1,0.683393099022761,0.121196580054522
2,0.42070847511327,0.933701475664684
1,0.337089785410825,0.0289654053559042
1,0.906514237438072,0.446388399462938
0,0.160383451249291,0.773704749395688
2,0.596657505221958,0.351756930169957
2,0.0602538965157744,0.712292962806258
1,0.382699391500257,0.0412667967081051
1,0.587862169209647,0.625150145597099
0,0.482944872487599,0.643706962746089
1,0.754465603921468,0.551417111478712
0,0.505128581130271,0.34019787180718
2,0.0887980335733951,0.596926018667471
2,0.294268886562482,0.886545558860123
0,0.464172078875291,0.357360738926594
1,0.845913471174476,0.47311977817083
1,0.8534028836914,0.161532176864678
1,0.907930272956733,0.458744997301264
2,0.436620122815308,0.936570605052735
2,0.342060281243212,0.401340502258701
0,0.962008894209248,0.314155117916757
2,0.381318861914729,0.373027311887905
2,0.738186251081993,0.338327524188985
2,0.09581173976608,0.69812778106671
1,0.88693760462351,0.23586854970469
2,0.606799806719042,0.343686264821784
1,0.952734170330448,0.364875919700732
0,0.443088568454307,0.0361921529846606
2,0.505918250869951,0.947691589185358
1,0.54402121264773,0.635277907258073
2,0.495087077733937,0.944946240194196
0,0.812634949813824,0.148433279658289
0,0.252563526926808,0.432406302206502
1,0.509311626131801,0.0704713789205788
1,0.332886120008833,0.665666331432188
2,0.0893630091089221,0.612354323105287
1,0.652770003314539,0.106433146513789
2,0.592678737811407,0.958337779618393
1,0.893194905773312,0.453046302440281
1,0.78458780234982,0.14896170983351
2,0.391027314455023,0.414636730373818
1,0.521372067157971,0.627849858769117
2,0.552291110670115,0.371635584678252
1,0.823500945380479,0.163651250964651
2,0.238987342685821,0.861569554395136
1,0.934903443288837,0.28415633583234
0,0.976184696276075,0.31920266784194
0,0.617629107226605,0.0617240281127481
2,0.603397929183096,0.353555811556647
1,0.51994668370213,0.0655060745902812
2,0.591510885134217,0.955382446636348
0,0.300601063990116,0.0433511026716005
0,0.292810127895901,0.0521799093654015
1,0.659647409755239,0.106688441751633
2,0.254955466991949,0.867968854666309
0,0.702068344122595,0.955048779577848
1,0.7951851034023,0.53895426236462
2,0.11034601473944,0.614727411681492
2,0.621396298279376,0.349570848317556
1,0.654035920666605,0.582815900350005
0,0.885378988254396,0.484927281702109
2,0.343353100363095,0.890295164697132
1,0.289673938453503,0.646394228306159
0,0.452173634476643,0.0365969468668323
1,0.954712347650686,0.38765107079341
2,0.144638609283693,0.49884121102855
1,0.806793701495508,0.170883481260623
1,0.868946710271086,0.229901109882648
2,0.720027568232897,0.345766975284049
1,0.796317284583727,0.141046610866115
0,0.0756194840985044,0.73337197966251
1,0.918424900921067,0.420658731590471
0,0.650612478516072,0.600513945889749
0,0.300355550666865,0.454166853043223
2,0.107915049663256,0.757994953279845
2,0.778975850705358,0.982541903277096
2,0.23843306216374,0.473546951997684
2,0.173038526065066,0.493149080555516
1,0.330118923244236,0.0385354808920487
1,0.924414090615041,0.402408854852796
2,0.296742850885873,0.88139478469313
2,0.678667555864297,0.345124313610541
1,0.709482723330401,0.1216731095349
1,0.30749200637223,0.0286845229683191
1,0.876645223090178,0.218467207085131
1,0.834912360307482,0.176295643886126
0,0.387164636124759,0.93038447049492
1,0.93667072657653,0.366611183287922
1,0.73640921981579,0.124614599725984
2,0.799941123240042,0.967069153281061
0,0.160369382325148,0.783210111145862
1,0.375810884686347,0.648315407989618
2,0.6210504955234,0.951510850014496
1,0.899527506225762,0.257998833661386
2,0.655069630291547,0.326519366156915
1,0.541297988351854,0.0610389786479523
2,0.533442632067993,0.947927432414576
1,0.929510742410781,0.411101522510824
2,0.0632641462828638,0.643445456210971
2,0.0433841329984466,0.620771206723953
2,0.131458201277915,0.502030464429278
2,0.313824841265743,0.413028304894702
0,0.744217906552812,0.944225115102292
1,0.809422181533002,0.162498201810529
2,0.602282223673443,0.354601199430516
1,0.86445749415082,0.217415838869774
1,0.908807295469368,0.252164110333225
2,0.304538249295874,0.435991025627482
0,0.581058232704657,0.376213047363686
2,0.13605839832803,0.804491497942971
1,0.20782054859058,0.668915566185894
0,0.542600255795798,0.089810107795258
1,0.549608310308953,0.62043245670722
2,0.321777068022364,0.415407250321199
2,0.756106501620929,0.340809498717584
2,0.629373598393362,0.951597450451027
2,0.636665242081737,0.951365612813205
2,0.443031921123385,0.93047796432506
2,0.157768076843924,0.513008176038428
2,0.638386212600355,0.357516387541467
2,0.188335181442348,0.458849937955436
2,0.28777745839968,0.4359693841593
2,0.199149176247329,0.817266241964562
0,0.363977976707832,0.872617582698397
2,0.13770209439076,0.480915715016281
1,0.843602699569679,0.21164717305595
2,0.696956299163894,0.340755927684554
1,0.681005451960595,0.575283085455078
1,0.245986267773599,0.0369437141342456
2,0.234898345797734,0.847064552276757
1,0.528296379639841,0.0711339873376807
2,0.2702699920828,0.87673055370224
2,0.544767102802285,0.380751729160798
2,0.514537032200938,0.366250174580637
2,0.13291294500364,0.529700227993504
1,0.634487538788596,0.603085175642044
2,0.0854221389600685,0.736011689614826
1,0.381396103085092,0.662481620462625
2,0.377607245361626,0.911099104630499
2,0.153646028020277,0.808702492259413
1,0.919678655840751,0.386805585092351
2,0.483271487984319,0.379333872558915
2,0.571445842042432,0.953143996604909
2,0.401124366291885,0.927797442966608
1,0.890963204822891,0.224731388853051
2,0.440866477385509,0.386293150912504
2,0.654953967518978,0.358484726350443
0,0.13411660388761,0.75076317008278
0,0.277542143263959,0.0457842947402876
0,0.328538873405252,0.879520488798449
1,0.938577175464738,0.367992284585074
2,0.231547187719129,0.475230804915139
1,0.44516257130867,0.0464909295288375
1,0.684082228536403,0.584032231377887
1,0.747598877929534,0.53816102879218
1,0.842854402818261,0.18274811226042
2,0.485288753120365,0.942884415674398
1,0.898977362068995,0.271647227171738
0,0.306480873167221,0.440342672066785
2,0.132282975690134,0.813055655968225
1,0.614669503523993,0.605019619504742
1,0.940961737635206,0.370719148863432
0,0.414105593089656,0.902972579301256
1,0.715168243379651,0.128431927324885
0,0.316992456927577,0.0453718119390357
2,0.755342695580994,0.968013891984598
2,0.111391981640165,0.54396180527401
1,0.895687842272601,0.401306274110908
1,0.859687338299765,0.481947713157109
0,0.722348934423781,0.113567455993725
1,0.899353532572949,0.432929897133485
1,0.266809023328467,0.0353475824008476
2,0.493499897410125,0.954472534722043
2,0.0603711519137778,0.691072635733355
1,0.26397484236195,0.654200964377593
2,0.15601749174894,0.526816516884372
1,0.395680894177096,0.0418988855706297
2,0.717294353199141,0.962275675903404
1,0.916310699531675,0.229616143191942
2,0.607870690124945,0.94176056666617
1,0.766493599993645,0.152994874809787
1,0.927856625775492,0.383338135446597
1,0.39251512199425,0.0368321563163041
1,0.868325941593546,0.184464530296294
1,0.891813075973919,0.238342951354247
1,0.685957075989218,0.584037439857671
0,0.857615132897168,0.530380809447739
0,0.242692639517669,0.836614204179545
1,0.914693391259237,0.320727357241674
1,0.254406896676577,0.0343969226177386
0,0.397132588106664,0.922948813789661
0,0.824808174914993,0.204176489035011
1,0.704107799347705,0.136677197251426
0,0.67775960235809,0.961126105455678
1,0.934147024556089,0.259844510202678
2,0.337315560667473,0.880870576943288
2,0.138680520176278,0.531867836020869
1,0.650151327922569,0.0915563751920087
1,0.803115365865697,0.525679869419723
2,0.709584733981366,0.358476730328443
0,0.123010510342025,0.709154664254224
1,0.833438321398647,0.177152542971083
2,0.207391999282982,0.452499573830397
0,0.0782470519328651,0.761020210160167
2,0.651904889408221,0.344090265591449
2,0.245413347613963,0.464642589545804
1,0.286762494931008,0.0207160369901039
1,0.563750058219106,0.0744470002301091
0,0.421234113980626,0.907011292145594
2,0.543238471012031,0.945042135609157
1,0.420222706258337,0.0462200046285453
1,0.729439448960551,0.143494775509991
1,0.912031208289728,0.267693678361683
0,0.447183912176018,0.641724417736226
2,0.583838807600265,0.955178390826614
2,0.091933975522427,0.649337935911364
0,0.356522518159284,0.398766851287748
2,0.0482149487920341,0.668718383606058
2,0.170318358852394,0.815996518113442
2,0.75049520641648,0.336262541870594
0,0.263241920565902,0.439217321579715
2,0.165015480085542,0.494712813830613
1,0.522447379475759,0.629051305258146
1,0.757517972450667,0.565178662632194
1,0.926631480058631,0.326889403433631
1,0.697195908069054,0.1393963526643
2,0.464875654920298,0.922099083067142
2,0.0438690976182377,0.588482637398413
1,0.76412733491777,0.142768062361996
1,0.264944165464849,0.649043930830383
1,0.942888357490004,0.309697331265597
2,0.0994291275870613,0.529009188107314
0,0.52024308679517,0.356624494156558
2,0.701704489286595,0.977756978511939
1,0.91410188500748,0.315769173416173
2,0.4330690138522,0.932934178980407
2,0.494960623865993,0.383868296267162
1,0.361132543923939,0.0543229677804454
2,0.257987900318674,0.856896025136208
1,0.895439046820883,0.30094121600914
2,0.124103664430064,0.539268520695811
2,0.267720467262101,0.441021020348351
1,0.889525815184426,0.420925646164798
2,0.546017792473693,0.370382978816959
2,0.588499010820316,0.359676800505611
2,0.105397728893308,0.742163001772079
2,0.189031117956221,0.815544515625663
2,0.108783448319973,0.538644837052473
1,0.355050041160694,0.0243535915327603
1,0.939098017812619,0.382702717403122
2,0.741925231624763,0.337500506064233
2,0.498797428330475,0.371215970543077
1,0.542861964106964,0.0630982261549445
1,0.902543670393046,0.35376970757459
1,0.772253758377101,0.143622707547848
2,0.337960578989311,0.905837552369152
1,0.472602739811246,0.0756244542224202
0,0.355923585468181,0.629188416874745
1,0.369095406232244,0.0262379682930104
1,0.91322483823133,0.31922717639663
0,0.458051637750633,0.0372998330960944
2,0.496255368178232,0.377264885025853
2,0.163320449184834,0.806507143570195
2,0.659685115472009,0.351027684276924
0,0.320988727112599,0.0497833751904288
2,0.143456508911384,0.544878489050685
1,0.934615129668223,0.409949828006202
1,0.371523778282887,0.041951801582082
1,0.305829000946343,0.663007118392356
2,0.0587170553224784,0.613865552563671
0,0.78060513525438,0.938027335565426
2,0.412585779232479,0.384046486103865
2,0.468227102746789,0.363569517120099
1,0.701457145316991,0.592836025239955
2,0.639092491217656,0.353906770386233
2,0.245125344145298,0.447472996253714
2,0.220655644902564,0.817498908634453
1,0.92406808658629,0.253577490019742
2,0.689257622338972,0.97847399848981
2,0.091991743034125,0.58666193314767
1,0.918018211252065,0.358675402205297
1,0.89753785452148,0.230998981836951
2,0.0948607686150848,0.641669216904122
2,0.230198902049153,0.845489884172867
2,0.732948185503825,0.351517778697047
1,0.66622234628692,0.58094789944642
1,0.362966867541275,0.0274864958782654
2,0.759377710709334,0.34093810522625
2,0.0508370922391125,0.689351675996354
1,0.369454079700712,0.0373740349327979
2,0.427944234163876,0.395883663937414
1,0.934887385287169,0.402783786108308
1,0.884769492154248,0.301991914699474
1,0.341866681676247,0.037179922625105
2,0.0589910282535606,0.597981952322034
2,0.590815827305221,0.952566045250295
0,0.671977993658028,0.363071703067278
2,0.568101141132339,0.35191560016724
0,0.792559342254571,0.185600402593193
1,0.764426735329604,0.555011009620316
1,0.952813454952365,0.373100740148659
0,0.345996166470809,0.0521706123335136
2,0.299400670916621,0.881677612785222
1,0.958958570566374,0.360861596724884
2,0.188689682780013,0.493471391578042
1,0.892382906322621,0.315603392791649
1,0.702581117864051,0.561925445155785
1,0.926256723970735,0.292398830150451
1,0.301415148706331,0.0335894432426687
2,0.283337549818964,0.866181631654604
2,0.715339057555279,0.336141749075384
0,0.801314080570383,0.478337719590348
1,0.240912583149494,0.649672433901111
2,0.187560641330492,0.837123532420006
2,0.10707944402235,0.555118636010267
2,0.472027646539202,0.921746011608852
2,0.366857498249098,0.908496259805
1,0.492520406004339,0.0478421772795643
2,0.105334337571013,0.686571301956302
1,0.907015637387551,0.285447930427346
1,0.752319846563489,0.136657135244612
1,0.730717946000701,0.56590185341451
1,0.213134129395821,0.0255111229298614
1,0.446898396284082,0.635582649758564
1,0.543791650205624,0.0663214526282203
1,0.867308232643405,0.183004992464458
1,0.593255988033862,0.623342835325623
2,0.280584863110897,0.405477684296868
0,0.352399424457287,0.388068321451261
2,0.699670687725935,0.346442370202221
0,0.520314568232934,0.0397064712462861
1,0.914877624877724,0.289942958119372
0,0.505878544478286,0.642178854642711
2,0.0949061951961887,0.763761150764589
2,0.0927969098177919,0.693391378185829
2,0.14619561801439,0.524049448486486
1,0.833611635167361,0.181643402233448
2,0.303306360764779,0.890728627189361
2,0.482192943612619,0.921594019005536
2,0.377280601705341,0.898010172153291
1,0.624861362810391,0.0858134121648544
2,0.304522099600252,0.412243926438519
0,0.297320049410962,0.633115098770025
0,0.982692573373452,0.361543794442728
1,0.526936648824498,0.0623157004041783
1,0.9249139866699,0.288538670080028
0,0.34548910269251,0.634377030199896
2,0.107208410894908,0.599448686447124
2,0.147311338578694,0.515824626586671
0,0.751627938917432,0.959331592889933
2,0.345343967856832,0.401008224983215
1,0.756702316176326,0.142642032201858
1,0.329125748214639,0.0314594569785791
1,0.944770147617702,0.424821110633025
0,0.275778096786189,0.428277490882808
2,0.0724365726946546,0.657244343747431
0,0.787362749713323,0.171701873606805
2,0.568473750094663,0.955751384691502
2,0.58273031024671,0.957312492839346
1,0.888400083815573,0.441468051133682
2,0.364793588533799,0.897237230643723
1,0.474302442628058,0.630863909937691
1,0.901933017853011,0.26566651633553
1,0.957554496902896,0.363240926557592
1,0.325456430476903,0.0371063947013707
2,0.704486893656333,0.346934999025493
1,0.745999957930493,0.129900355050956
0,0.454412911624085,0.640526289250196
1,0.468192946092264,0.0401633009135374
2,0.0900958291953711,0.565334233279082
2,0.0958098055287915,0.615670999987883
1,0.948931933999398,0.299122780783231
2,0.197267925914799,0.480769200741852
1,0.519993313196603,0.0573237960427347
2,0.146531638471654,0.50668038829609
2,0.102195653017702,0.715645053858585
2,0.087186086941237,0.612753186390294
2,0.278586511159241,0.872438276461338
1,0.227945712736377,0.0313058279382432
1,0.959276873886687,0.315250489514489
2,0.252917231616662,0.877940585561676
2,0.368593207583168,0.902005731562965
2,0.225771030561996,0.838050709664948
1,0.443343393640196,0.0686390594407752
0,0.2879990263671,0.639070255598137
2,0.129733513594957,0.762248588190862
1,0.929375449231559,0.264879147393125
2,0.178469161605088,0.81576805864672
1,0.832439610400968,0.167135444073379
0,0.557654452014077,0.358468220884299
2,0.485048698001121,0.938098667451193
1,0.491028535828076,0.0422304632159614
2,0.498972247119854,0.944962339071063
2,0.560613865289796,0.940709305072619
0,0.113776423175658,0.516264896937558
0,0.744888807381554,0.952797073808904
1,0.671863731558077,0.593043617682988
2,0.106743360315035,0.776759331964406
1,0.907343063758181,0.425320790288943
2,0.250271602174186,0.462981370666251
2,0.315637023858345,0.902959553633443
2,0.040245720979092,0.673920915457081
1,0.934278743231646,0.372631293206682
2,0.23390488584356,0.854775147458863
0,0.70062268934803,0.600952562215124
2,0.611624695873728,0.351219005478082
1,0.517576490218385,0.0727922464838903
2,0.491333756097855,0.380654625542576
0,0.876154025875671,0.25290481758362
1,0.837521880245408,0.497351790017814
2,0.184430023356907,0.463724773786325
1,0.665567284305636,0.0879821438354756
1,0.548688704994309,0.615865109622299
2,0.127345126457646,0.770583022322833
1,0.905285307760344,0.372220973377567
2,0.736504754151963,0.340694517299029
2,0.460801227996758,0.360497750513153
2,0.286741609265329,0.884099255870375
1,0.924746769531013,0.328640867642333
1,0.66885513124385,0.560388254612907
2,0.156286277188662,0.791690141356662
2,0.442211041429621,0.397182665702664
2,0.432664395051668,0.389999853475662
2,0.745620755747614,0.336839257543706
0,0.603247828245304,0.0788644164374016
1,0.899433102191171,0.434273500101896
1,0.657448057633959,0.574223465884658
2,0.112042842639776,0.532508936873986
1,0.84667379640194,0.199951059285871
2,0.0664113459627942,0.624908640562045
0,0.596987048374786,0.371146603236033
1,0.455165547921936,0.0486523005606236
1,0.383530321914367,0.0407391839060812
2,0.0948949045863314,0.682242128859416
1,0.782289551349317,0.542857689978929
0,0.0572194032958142,0.732017989987457
1,0.525702358898834,0.0571745649861172
0,0.442655215196937,0.402394018877386
1,0.464106033139745,0.0500434201260151
1,0.686623586594408,0.587072552378908
1,0.921548696102323,0.409331970838506
2,0.0716431891293651,0.591922688483454
0,0.136306623360047,0.757691905330047
1,0.954272785638384,0.347564300664368
1,0.462854861663177,0.633173963510663
2,0.733066839213607,0.355958871323854
1,0.280938587130415,0.0371358377783843
1,0.494184508273838,0.616976277192256
1,0.616565304555652,0.611407552231651
0,0.541688371697766,0.0809271933170426
1,0.644348180721102,0.591871404992913
0,0.123683875637703,0.744422178522321
2,0.0417196367441445,0.627345433263125
2,0.115607413330286,0.615620221084226
1,0.258994407657267,0.640558711280019
2,0.167969451249344,0.82198819525697
2,0.54376309688587,0.384189347486913
1,0.949325609242738,0.377603416118978
2,0.202927893075275,0.861159122855391
1,0.836487973761465,0.166691198463254
0,0.542817963480091,0.0833489549878283
1,0.918350047184864,0.267387922474714
0,0.399849547740776,0.933291032232518
1,0.819904680851091,0.488441182524312
0,0.548395653030351,0.353862063348498
2,0.0664448383993785,0.632177620859989
2,0.367228825249493,0.392036970151019
1,0.850259773488247,0.229509682419384
1,0.924910542774153,0.299255352036553
2,0.254733291846817,0.459229671128343
1,0.904869409346482,0.42632445950687
1,0.937079677910577,0.295580065175903
2,0.505399630791337,0.936539120197847
1,0.276111540622071,0.0387015832375229
0,0.650083918111953,0.953432082520723
1,0.681008912216021,0.115935321970584
1,0.22283023518853,0.656012761547146
2,0.592346226931888,0.351948608813424
1,0.913604378722879,0.465268887854067
1,0.798714828392872,0.129061721081153
0,0.247510566685966,0.838153127990456
0,0.238246160283806,0.436722759280124
0,0.534455212050851,0.0351809457016824
2,0.128845904905001,0.768111534412915
1,0.740470810490601,0.54146937355563
0,0.435159834560868,0.0391158807897047
2,0.414258367027105,0.934019026114121
2,0.0643867480442875,0.627536290679518
1,0.954415828214255,0.347523217745915
1,0.908011036484415,0.261636396582055
1,0.595873496036174,0.610700220853544
2,0.393273840527663,0.919704205054957
2,0.0639641450135582,0.680734442390232
1,0.685482193196609,0.136413458789625
0,0.329566807637489,0.0447329687346215
2,0.429745280193666,0.920146302359796
0,0.596556769159398,0.598522470998757
2,0.110536520296922,0.615213101267599
1,0.698822627266031,0.121729261060181
2,0.0830210853209151,0.763052458797988
1,0.89490108513406,0.237867345096591
0,0.618520471993065,0.0583764615437217
2,0.066711113973286,0.667790919032061
0,0.579851448088345,0.0948129818446643
0,0.702774322453541,0.949899542121342
1,0.623675993335324,0.0875563102902742
1,0.84175959990573,0.514867106914394
0,0.183101124510698,0.78299941310772
2,0.631149326415923,0.339355552732308
2,0.357266362000174,0.903021931791361
1,0.935984802961104,0.286937761749994
0,0.788400168448218,0.182965734077656
1,0.823921138228652,0.192353601915756
1,0.427152391129265,0.0498206026885413
2,0.552163075727251,0.942874974197358
0,0.246343410138116,0.880757222019094
2,0.414469858274268,0.920080419010204
1,0.925003484161579,0.378142616193894
0,0.599066365259392,0.583677234126993
1,0.289491958025976,0.651558873558501
0,0.356711789907372,0.0459273673790406
2,0.621052297697946,0.944085169132106
1,0.751571743023096,0.569360398512787
0,0.38262364510781,0.637897409375174
2,0.50837454260461,0.388127434857163
2,0.589847456975316,0.948272081566911
1,0.886548089731141,0.277367890415919
2,0.111824024325914,0.56159924203416
1,0.905273118765934,0.423977723879152
1,0.60146251698463,0.625344911808503
2,0.371114057610344,0.401959120170622
2,0.33522082377954,0.894840346048022
2,0.628110340348605,0.352776853239087
2,0.333124547063671,0.405570157620855
1,0.924455010542617,0.420260585432091
0,0.567956211315752,0.964696520615019
1,0.929797952167603,0.414006371389035
2,0.329038012275317,0.91246000399009
1,0.893359103185536,0.353991300722573
2,0.266152307153944,0.84119596164371
1,0.9354002530546,0.254574651381937
2,0.181088632359876,0.507475066666578
2,0.548960958867346,0.959364518526859
0,0.0326220655676598,0.613680771180718
2,0.463252976214109,0.926960877937213
1,0.870992160198435,0.224227772592506
1,0.762601123491574,0.135515092281124
1,0.882066542447081,0.257219616726337
2,0.147487872983933,0.772592652441936
2,0.682693464139595,0.339705840113452
1,0.696679576411539,0.114352415971861
2,0.332163691065581,0.412078555678057
1,0.517647022926334,0.0518310315978059
1,0.276492843478548,0.0121916872257891
2,0.170228503946978,0.80987147067804
1,0.859572441581535,0.484062400185911
1,0.943132667578278,0.405011863615207
2,0.186757337330749,0.486266661046128
0,0.0789213831721891,0.762061346046364
1,0.856856736270055,0.443579991960585
2,0.0687827009464728,0.643825756959638
1,0.611785775749801,0.0831369010288275
2,0.0609825922539391,0.631311019751265
2,0.777858871879105,0.329738204500207
2,0.512177863270341,0.946573441122177
1,0.77957498078873,0.127681736534819
1,0.778286267716939,0.152321050872052
1,0.825284695471505,0.510168649333034
0,0.0637195407494202,0.729065262466272
1,0.549927772423522,0.0696179287004951
1,0.951919264756023,0.254029474469175
2,0.354998846700721,0.418852775150574
2,0.488883565746454,0.942222379153943
0,0.612521105068206,0.071462265629441
1,0.512899782939939,0.63370955411069
1,0.925564752242281,0.280527669260217
0,0.564977350331272,0.364611956777359
2,0.108731507993321,0.531507959928516
2,0.111012148870114,0.688793717433666
1,0.221071720848509,0.0286030914885129
0,0.235652636501026,0.439334301282188
1,0.352661105556797,0.039541889765702
1,0.860773904250376,0.457973502450019
0,0.589657474583969,0.593378548464221
0,0.76203968148572,0.958722794405218
1,0.663499292555877,0.0941855219005849
2,0.0963964295366979,0.545909317386478
0,0.235263825695013,0.484667286188018
0,0.646642923867155,0.367806999475219
2,0.200853081435684,0.85117362883252
2,0.382818963679047,0.909852048896972
1,0.226774374435137,0.654271355971752
0,0.55902115171082,0.359093352980119
1,0.949455445727622,0.39662642750596
0,0.660480582794783,0.606752280616924
1,0.85383569196841,0.485690432449025
1,0.870306245944628,0.197837966474073
2,0.403959478931461,0.383239867564396
2,0.513912778335529,0.368656885953876
0,0.804517511236916,0.153285639999639
2,0.130585797445331,0.493126454477511
1,0.381799997760425,0.643441506642121
1,0.855810174898643,0.197726628102323
2,0.0986627641002763,0.558835299353043
2,0.104183860896693,0.555573980281811
1,0.735585763974715,0.550766624267906
0,0.40503775130639,0.0355001980188593
1,0.919611541171933,0.465083687627379
0,0.29732877174062,0.449707611835797
0,0.965136958529834,0.423986123041916
2,0.359901139579695,0.91725525299332
0,0.50816752632864,0.345162236770107
1,0.843334130039048,0.165198563909033
1,0.742882013490808,0.571801969082181
2,0.0695924330331815,0.613507982762641
2,0.287890480268756,0.435423347269708
1,0.643247565711058,0.0988059477157665
2,0.190427186746177,0.826331284162284
0,0.53261850576898,0.352335832029068
2,0.728878120481663,0.351571922970227
2,0.286707295857152,0.434940803792326
2,0.101360875144848,0.55653267612737
2,0.529975001549773,0.940324885571363
1,0.89005285965361,0.46690382201761
0,0.924680004846237,0.221128828561249
2,0.0557588123021657,0.645357284992741
1,0.527008172494209,0.620669703341583
0,0.315893312743457,0.0414147844585213
2,0.0449688368628257,0.615666932142131
0,0.0316527849885268,0.663154701693282
1,0.262933604622585,0.0183602838223993
2,0.148447004772206,0.527603744901566
0,0.456319434591623,0.642599339445378
0,0.19974624926142,0.865726402138596
0,0.650486465717523,0.971715238056338
1,0.603046831099845,0.108892065861374
1,0.498191406214382,0.0539381810304582
0,0.126766258662877,0.758699195669094
0,0.29816782691681,0.443997656853719
1,0.895559982142885,0.46313034178129
1,0.951526425214799,0.342139129877497
1,0.821053876585547,0.187578650995312
1,0.875095862012281,0.450044175230537
0,0.680173774952459,0.551038697069486
2,0.688843130042104,0.977286363459254
1,0.500065493611727,0.629979421611491
1,0.375274770217998,0.0428827109304071
2,0.161110919503273,0.807000137567416
1,0.381448164854294,0.640942758363108
1,0.899250795905281,0.284619061331242
1,0.51509482339521,0.627384677012604
1,0.645682796129424,0.591817112962141
2,0.0699538675003711,0.657105487055308
2,0.147754068253177,0.832646296735644
2,0.0749453751623532,0.660737681095063
1,0.931120859723434,0.357451660789532
2,0.102143936436499,0.707297769110279
2,0.772911980940259,0.356036725539456
2,0.276003241111587,0.449914447120169
2,0.133060974783399,0.522374582087154
1,0.561112019099566,0.078188253008644
2,0.299035094846311,0.437810068261587
1,0.677904951601759,0.567677827635702
0,0.819280369343556,0.146338234982355
1,0.635585974337834,0.0819248905408286
1,0.418418011733168,0.637747974973669
1,0.883690912555697,0.229612943785905
0,0.028074549132945,0.679400994220295
1,0.853320884442892,0.458197419085214
1,0.629500360411693,0.0865723492294175
0,0.539792749402422,0.357995391058122
1,0.471003517542185,0.636309892950943
1,0.418439155673447,0.655207621436694
1,0.931307241943296,0.370063370872464
1,0.786392122092969,0.157648420218541
1,0.258441066755902,0.641115911788292
2,0.154731277714329,0.769093907621519
2,0.459788438234069,0.939838642072435
2,0.0471497820452553,0.697973689242189
2,0.531039799095002,0.923743388730997
2,0.276982315381726,0.455753011941743
0,0.794837782648779,0.519504078857762
2,0.436972842228183,0.39419201500911
1,0.801654926387663,0.184017135883776
2,0.114395622660822,0.584251061028593
2,0.315514085648296,0.882339753559608
0,0.072897977049025,0.556979590478142
2,0.162811552838302,0.518735391446946
1,0.896771409046822,0.386463304687048
2,0.0533362817882283,0.694174215116394
1,0.383388679557787,0.651200492633172
1,0.666513078508494,0.0935537010794975
2,0.233346731248974,0.457616088677901
1,0.426785706649556,0.0408374885799338
2,0.699990211039499,0.35223590958723
1,0.897549411885545,0.286434765983489
2,0.236594021241161,0.825893538315967
0,0.184044475796861,0.852428489380963
2,0.0663675345181834,0.582081160941759
2,0.0886595001963272,0.770504887620564
1,0.576708526712584,0.601059296322598
1,0.938168105594461,0.43048954583297
1,0.807854956947229,0.531725239927162
2,0.147871050917372,0.512220783492336
1,0.912323098835769,0.228399279509929
2,0.0964171574444032,0.753438046108175
1,0.476801150431581,0.636898420138455
1,0.923327017179487,0.365972810341308
1,0.922462583555056,0.344748158211198
1,0.544181336703226,0.614410966887883
1,0.840366929283548,0.515977450661718
2,0.506438118396089,0.363752129103135
0,0.850944203038321,0.248926333210718
1,0.791170278749957,0.531486773874079
2,0.404419147643871,0.377344256414043
1,0.698800998638326,0.127470844702488
1,0.561890031649828,0.0706908016917984
2,0.462663686809647,0.389863737338628
1,0.445016540571846,0.0424616531905344
2,0.099702022473826,0.571214804613778
1,0.809670324989711,0.1804701165517
1,0.899891943306604,0.439127264132683
2,0.0731456081070718,0.649135740729684
0,0.626523196553838,0.361837931326185
1,0.263857283251664,0.0329341896304286
1,0.738677612286693,0.154037075123107
0,0.0357707629228688,0.683310237211738
2,0.176781176003574,0.828154789280097
0,0.234856922770807,0.0418985553636225
0,0.436427062505525,0.91432251168013
2,0.182128932039718,0.476184571584877
1,0.857767926571326,0.18478168219499
2,0.707962121354175,0.962001988181906
1,0.27559908890349,0.655245471204201
0,0.671403294918629,0.0793205996320701
2,0.360101258731485,0.91048251376894
0,0.707176882438276,0.952241298026257
1,0.942299419526757,0.280546046179982
1,0.408479091310151,0.648052809329893
1,0.935212689706878,0.339854110045127
1,0.817308074311722,0.167691018305446
2,0.425871415208765,0.399305332084348
2,0.337551627607637,0.889073265236564
2,0.337822197903613,0.401309043241339
0,0.446311964694764,0.647783027734388
2,0.239063788404241,0.446398983377744
1,0.538740506048814,0.070062870190762
2,0.329935109660093,0.904864202112374
1,0.906391964504998,0.276160939997656
2,0.749412383593393,0.964142145485653
2,0.112232043135207,0.562053786827372
1,0.855213834359784,0.470209791241861
1,0.922902663164605,0.255983752747449
2,0.230650945067745,0.457150186771492
1,0.899860865605651,0.449201233131309
0,0.801225478307555,0.128850709252777
2,0.411189823867541,0.941557120077459
1,0.559462159566505,0.602415899249416
2,0.286890842799687,0.869551007862193
1,0.593776635481846,0.606430619188033
1,0.733234381543007,0.555891974773108
1,0.513176458043791,0.620165283194061
0,0.284634585701075,0.639229398487123
0,0.895909884248075,0.520373892243116
2,0.0714701344655363,0.707458475194678
1,0.303848914909976,0.647859297712269
2,0.561073275901923,0.343171685295584
1,0.379203005319602,0.654088505220946
2,0.102835083639516,0.743118277146515
2,0.466045092613917,0.937867651868866
1,0.402659165730628,0.647604544115597
1,0.57101804387463,0.616977326824093
2,0.12503490750076,0.504484829524656
2,0.102125632720115,0.5678092584926
1,0.904858754895025,0.378600669120155
1,0.909339784434357,0.287786555659407
2,0.150059489483672,0.542458350418017
0,0.876887653039802,0.259867496446781
2,0.489116238944759,0.360279167580883
1,0.496875574510732,0.637163067340874
2,0.128247542177797,0.525936898102463
1,0.868112848213587,0.456021964242044
1,0.730034232923596,0.526836719066652
2,0.158993900064664,0.518556826006462
1,0.810458696539791,0.175225105709495
1,0.567157509475135,0.0440553240742649
2,0.294374564546727,0.885097010870373
0,0.405503533185283,0.0270154044930789
1,0.890465590962176,0.445236476039309
1,0.222150333645874,0.0329664532073932
2,0.0845988147147687,0.586584424528164
1,0.510882067213014,0.0616212533815747
0,0.967844221155774,0.364234141863954
1,0.89465685020572,0.433782764627681
2,0.345718936365288,0.901369812034962
2,0.714548237402975,0.338369064118187
2,0.577057308805943,0.358745682959529
0,0.395507296150407,0.929614264340434
2,0.551418684036924,0.362501041695194
1,0.794860299117869,0.151016537604843
2,0.135158509419067,0.796983709973072
2,0.194369745287868,0.480406976420136
0,0.692283175323749,0.362374772715349
1,0.808843584673872,0.163475188080481
1,0.915036075608492,0.289980158166116
1,0.916486013255217,0.377729217191509
0,0.329443698783249,0.396455197782882
2,0.11178657214589,0.706459782311333
1,0.567659590754097,0.616676286542699
2,0.19660903416877,0.487717874854556
2,0.356460978822352,0.403302303340697
1,0.689351539766794,0.585394591146497
0,0.839029277603575,0.202657822679295
2,0.672588674694299,0.353346658317925
1,0.835361921741985,0.186742457150485
1,0.863221164254726,0.202238068578487
2,0.087876624309503,0.588797880121234
1,0.884318954823996,0.212280768945878
1,0.458235144232036,0.63398796855654
1,0.902757496550617,0.277668922610497
1,0.67145808415298,0.109659071711282
1,0.942968666114772,0.354693813124163
2,0.12808400993538,0.773417102276816
2,0.677697727093408,0.353993194430838
2,0.475643814841215,0.925767370821208
2,0.131481126988535,0.548983358773649
1,0.360092759473311,0.0174603779097979
1,0.757781891721921,0.55524771407578
2,0.253297016782552,0.45110122998771
0,0.775050255446301,0.518439687388829
1,0.872893650159044,0.207119152995417
2,0.538577440325441,0.958664991302828
2,0.311020229947966,0.40373682531937
1,0.429380174543815,0.0480675294955106
1,0.845296048373294,0.171935166459957
1,0.951766448413485,0.344392846493123
2,0.0895848877258674,0.584393537251409
1,0.854529582216264,0.481729915597501
1,0.358377398714591,0.0314546991223633
1,0.780829732240005,0.137399366727439
1,0.855926533215958,0.225146009511254
2,0.256971758290556,0.442435819905782
0,0.456192176552289,0.654750723029628
2,0.221552498262476,0.827625379599043
2,0.498216022114027,0.946341937414765
1,0.933911565447447,0.303747472597027
2,0.105701555379914,0.537625757764559
2,0.0545228093646949,0.689215032462737
2,0.199962634134372,0.458609543578977
2,0.0918907025521796,0.603477883395338
1,0.633603530126806,0.0999606939501741
1,0.858062128889878,0.201537824298797
1,0.285840559572595,0.0396717409842887
1,0.885941769925678,0.434183219499473
1,0.623208518467083,0.612270962833185
1,0.330092965312128,0.0149916441927479
0,0.0281661722946836,0.672280578432484
1,0.928186989031484,0.426373071849351
2,0.175328708465646,0.512829113162671
0,0.595271828505557,0.96783571439296
2,0.538695070872958,0.364844715868919
0,0.263837154776446,0.0525587154765495
1,0.661946567186494,0.593604423887058
0,0.937148125218427,0.452950550896208
2,0.175576411107491,0.827292169716635
1,0.656479445201344,0.0823910405077461
2,0.0988494564924656,0.744444961108023
1,0.906782636938466,0.3059227304962
1,0.448928189072825,0.624606002468027
0,0.518048787131735,0.359086264166045
0,0.12925190767071,0.842373517767536
0,0.429556591904441,0.404296015354022
2,0.183554914367727,0.814451062715173
1,0.8749822091523,0.451414590808824
2,0.495296352763241,0.947951566955937
2,0.26926787165527,0.452840115338343
1,0.25304324437505,0.648464303957258
1,0.46841292370377,0.0446168656260053
1,0.714721573608068,0.561050096225397
2,0.645922177207086,0.354954091724486
1,0.941212922809015,0.282352356259947
2,0.500873031082028,0.946185189337939
1,0.312221271146274,0.0258631439239148
1,0.901046220404295,0.208145939430742
0,0.818480989451862,0.964636108150131
1,0.595098447212412,0.601587773090769
2,0.201019723631788,0.838386427439601
1,0.841287726297437,0.504038358008604
2,0.121790091899271,0.503729071190348
0,0.635028458935816,0.588223585770223
1,0.525725423389699,0.0432065048475206
2,0.381761871628088,0.403180626396915
2,0.414483793621082,0.925965319379971
0,0.614387126086901,0.07984498814899
1,0.90241760729262,0.435658397530572
2,0.668175060244951,0.342387369260527
2,0.28217388390933,0.423923911165127
1,0.752549920160359,0.146564532394367
2,0.0616528898705486,0.7157985101414
1,0.896200582204098,0.217751131121054
1,0.935789003319335,0.389513489307456
2,0.152760838999416,0.512900351180314
1,0.805007632171097,0.530466015028668
0,0.66624863528886,0.0781371710444047
2,0.481966507142521,0.384997035597431
0,0.675522550732622,0.961053894259975
1,0.29624665396654,0.0256170166722662
2,0.775721699672985,0.343424917675231
1,0.70202432423533,0.570433940253763
1,0.775484876185657,0.533062087233917
2,0.531147912132544,0.938663831786741
2,0.117840557583883,0.685279909304884
1,0.747691192909209,0.155666324335158
2,0.72992956511357,0.989759884111162
1,0.567958576243259,0.61492947418101
2,0.0980319108615716,0.636751061448817
1,0.567752713755269,0.0755659960201636
1,0.333241011976055,0.647028045650291
2,0.0529973614494276,0.602210422209616
1,0.743674056306008,0.558561601446361
2,0.770889108549576,0.334350975585524
2,0.133659419715386,0.551596046436382
2,0.166986914302721,0.811072126884418
2,0.108950086995728,0.68381839998792
2,0.256750563366716,0.451399795084632
1,0.941207480355695,0.383195656592887
2,0.399222650183008,0.399795782718561
0,0.176743095225209,0.6568506026701
2,0.537481402768277,0.377523543637652
0,0.0647224012612301,0.546117829840918
1,0.511859057012908,0.0523362036412376
1,0.321289162545225,0.644504386754765
1,0.886429051987634,0.324203136090788
2,0.198230419046142,0.476603758530438
2,0.248631726900039,0.84638104253794
1,0.886161764687632,0.448604280151647
2,0.512809898762179,0.938506115847682
1,0.345813084833519,0.646317690817875
2,0.0759725938066081,0.697063299702883
2,0.755199571854083,0.972092335974711
2,0.54333101929689,0.366966980664486
2,0.232853319542315,0.841598806772009
0,0.760120911301179,0.362061201361297
1,0.925674793142175,0.272676475357435
1,0.441100099974369,0.0547844931387883
2,0.341863782380442,0.423274454344712
2,0.0531381927653736,0.655535653399392
1,0.897340653813162,0.401833869710103
1,0.848140245271312,0.466946655446653
0,0.380655885303495,0.637198222481089
1,0.408950471788422,0.635236429734276
1,0.708523042912835,0.569928914942735
2,0.228601527049714,0.47931545750811
2,0.0546608120317919,0.641679771063989
1,0.706664363336575,0.583447960110877
1,0.627355866847276,0.0814908971475542
1,0.831247815077671,0.19291590413219
0,0.857341629361583,0.149299317565507
2,0.744899134202478,0.338280124854123
1,0.597100505638181,0.0648461762360117
2,0.0925595149346647,0.588723365928326
0,0.59069963022468,0.361387389701706
2,0.332038595745367,0.412487611720952
1,0.908085555230988,0.24009173458346
2,0.393167819630628,0.381537264650705
2,0.11491433434442,0.765193907949663
1,0.944208703068468,0.318906824343987
2,0.0417193374519661,0.616553829294503
1,0.73097434205295,0.125650692328499
2,0.320265384070164,0.910068096539388
1,0.958725777699925,0.323494558608626
2,0.725213207031964,0.968843128450275
1,0.872453247062482,0.49376359208575
2,0.0986435482408425,0.675790288295098
2,0.40311562679391,0.931769880388021
2,0.0687395436364343,0.638158448223302
2,0.706840230578614,0.343488630435277
1,0.46808777547716,0.0552971420286789
2,0.0792725539947345,0.648220128275383
1,0.858619296400626,0.20730710191108
1,0.882484307924708,0.423377510961581
1,0.308463690310722,0.667517145840565
1,0.899868887904953,0.417942945068278
1,0.52087512597328,0.0645076263486982
2,0.690055289335627,0.964577806801131
2,0.397694320402854,0.902768580934657
1,0.944818056765375,0.302130639115849
1,0.401218972326805,0.0434247650806726
0,0.613274100340986,0.974930047784433
1,0.472900579348574,0.0556477367047245
1,0.488233258035995,0.619869257492057
1,0.896182123983218,0.212969509367146
2,0.272961112746777,0.853720190596366
2,0.430317992033212,0.376883350702928
1,0.898705871627212,0.228032077354112
2,0.185587861628053,0.466021582989175
1,0.900135220497127,0.263576599731017
0,0.726480609641195,0.957112429879013
2,0.594363256382771,0.346403439648413
1,0.508251856214764,0.0481720333742954
1,0.311124635044606,0.0244740180785338
1,0.882015464803801,0.437003574216862
1,0.906920050407209,0.275621804283935
2,0.581764931716888,0.93640404795942
1,0.34543416963816,0.647809114635806
1,0.351253351604891,0.0317966499337945
1,0.53303964746684,0.634038940920485
2,0.0614459868253815,0.655167691994229
2,0.434165013481442,0.385171245515953
0,0.652339689754583,0.953372956430852
1,0.904802411435779,0.450559476158759
1,0.547446975327766,0.606505304199872
1,0.583587948053262,0.0686466130575059
1,0.384695406888856,0.641418891699941
1,0.723316354266587,0.556812266723565
2,0.0582536211639919,0.649499972874193
1,0.904293826250229,0.457871671043705
0,0.811649705687025,0.34415483418666
1,0.717154838326646,0.115424393286941
1,0.399691912112033,0.0251790447678851
1,0.874311735605766,0.222174504144074
2,0.117213253446614,0.57681272297841
2,0.49124392286763,0.365573070377382
2,0.0428760743250961,0.664533918310526
2,0.0511091149848842,0.641581886376509
1,0.840484379762787,0.48551812165851
2,0.147531676531281,0.482214940581691
0,0.368278865415325,0.638756453168695
2,0.0737991930339357,0.56672115980619
2,0.0698395286072842,0.61648097350565
1,0.438586933833767,0.642323938167206
2,0.156933580298429,0.813486493581569
2,0.0718375434777793,0.599414198139914
1,0.615415152893577,0.100843459685311
1,0.927887550792414,0.395713619136386
0,0.643575419580693,0.953420145672166
1,0.484694358251388,0.0648481959749064
0,0.598130216694102,0.361318892569311
0,0.588513481755854,0.971739690147154
2,0.382143920167028,0.897911934269454
0,0.230790687075157,0.0457473791436288
0,0.596692593054855,0.598820939485898
2,0.688271362855591,0.988400977299788
0,0.275932637992288,0.0419142843604061
2,0.216866023618406,0.461367249553792
2,0.272691210639841,0.866095832453299
1,0.519092453758705,0.0731678608203903
1,0.406681909196478,0.0685239913866684
2,0.517455442700361,0.369688820855886
2,0.168330545173258,0.813999320097599
2,0.377799373330133,0.917581901055521
0,0.798992253156669,0.955423429097568
2,0.0599424894438162,0.64079738840966
0,0.342250637128268,0.635695735497977
0,0.580368171790747,0.0843362381271662
1,0.798582359956917,0.130119450646494
1,0.892266728384743,0.390129483024317
2,0.0879431484397599,0.632663146075
1,0.713923121786056,0.122099354286674
1,0.616099337034427,0.624100025199993
1,0.901585229410522,0.474551365443906
2,0.228619437736584,0.457952635423513
1,0.232553424353753,0.028857465958885
0,0.664787727945714,0.612294597857897
1,0.562823342636428,0.0582959101794701
1,0.456924168952441,0.637255779640329
1,0.570723789596341,0.622985025197489
1,0.482677362480119,0.0404709214580087
0,0.422633244005701,0.905607626070535
1,0.222225976552167,0.0318312239116125
2,0.372943596580417,0.906835711170374
1,0.825785099000729,0.177539597148398
0,0.0373646797655377,0.656937243870225
0,0.210232950476285,0.793688528646073
2,0.191899420924649,0.494762366163424
1,0.909758332343297,0.445430011600366
2,0.643003995360172,0.339478667100159
2,0.697402675048335,0.352269555565854
2,0.243740391858363,0.86365595825183
1,0.823229927377276,0.528979280095988
2,0.0683356080672771,0.657464408210025
0,0.447723892961963,0.908527424889561
1,0.739230624584605,0.148411259726631
1,0.454967042344418,0.61548913451036
1,0.711523466224589,0.110408539439369
2,0.149964532135603,0.514980239318152
2,0.105608489239549,0.59054419603848
1,0.36068387547151,0.645556356876718
2,0.085551260394706,0.557383154348608
1,0.817083340292211,0.493254025498425
1,0.943193521871436,0.323122754189432
1,0.593784412203984,0.0703575023252273
2,0.787461613578917,0.349172882609437
1,0.74050478122533,0.137086011998137
2,0.27788380383417,0.859682561123964
1,0.883365884484401,0.408665350055539
1,0.857948612814895,0.451691449442192
1,0.383907117541072,0.660235601538578
1,0.825443723938815,0.497631252227192
1,0.694359536575635,0.0988588501186941
1,0.882643924717207,0.423081121205861
1,0.41474230191694,0.044878997497466
2,0.132762536646032,0.770038210427736
1,0.872451736033097,0.470257222850898
1,0.328867094203048,0.0317249546394482
2,0.502987570479496,0.374786818706923
2,0.087962852272155,0.660880259811834
1,0.212229505495641,0.0221362774235009
1,0.407634883973966,0.648455335702152
2,0.0992670155008194,0.761588814584269
2,0.532133663664605,0.946427376121829
2,0.161433384226726,0.805908415281216
2,0.0654699982253699,0.617577305457243
2,0.389549301978101,0.911910014042125
1,0.920772257644206,0.266478804771724
1,0.703616176388363,0.567234299673028
1,0.225690577822865,0.0357420093839041
1,0.88767773745606,0.252774971961889
2,0.11105282708225,0.568237254859002
1,0.923394925194371,0.354856364670035
1,0.921973906424881,0.392887944005319
0,0.829113370978553,0.473087979380961
2,0.080438346569919,0.594396618622119
2,0.201278246964441,0.476110589406491
0,0.654719714608274,0.96354541536024
1,0.930291913626167,0.362963373058817
0,0.42607763843794,0.400002444911924
1,0.3480611494062,0.652569342663088
2,0.311505053786029,0.894147333535327
1,0.847484462060672,0.174313536976316
1,0.890963999537108,0.346240127790986
2,0.547751878235355,0.931494378712015
1,0.700413456361922,0.0977632039483842
1,0.810556363397554,0.166981567782552
0,0.655249385049011,0.972538274655053
2,0.307124261656468,0.885950558403806
1,0.864285460240972,0.204026775671636
2,0.310915864561393,0.887840363142472
2,0.36789784205537,0.393779931369706
1,0.884476076146486,0.471353055791058
2,0.24330801241018,0.862293033450942
1,0.923851014890397,0.251411050209832
1,0.358008206595528,0.642141642655502
2,0.0972541927727013,0.569862629731079
1,0.806110391488241,0.196571353824116
1,0.911579892571183,0.416841854218207
1,0.597529070656508,0.620561322611524
1,0.27585331262136,0.657041547874557
2,0.0768299646942409,0.606851329288849
2,0.125710385825214,0.784333756660633
2,0.214237996400394,0.441937715349198
2,0.444763756631178,0.384674142098482
1,0.648503299429642,0.0815186897893102
1,0.83276244667439,0.161990265482404
2,0.199135681309723,0.463571954894112
1,0.888682293802199,0.422511325697768
2,0.117053945603347,0.789668025196504
0,0.414828899564506,0.035335535157676
2,0.0849887211150357,0.603848841049419
1,0.913632940810326,0.297964197175702
1,0.437107904704895,0.640048826483342
2,0.109992927657746,0.594094880963517
2,0.0570073315369752,0.626285506406037
2,0.245801314768743,0.87402648856172
0,0.440771880717499,0.645505595826959
1,0.839651421222228,0.18457227245602
1,0.538424111328876,0.0770889944363755
2,0.382323927918249,0.408114660995021
2,0.469232947275786,0.935849414197112
1,0.874952863267099,0.192534802532583
2,0.455292387655514,0.367088988650828
1,0.843258508420007,0.51256702819856
2,0.222214819807794,0.472041877381216
0,0.570955135568553,0.964434423923751
1,0.902394337532024,0.297484689599411
1,0.885667760456161,0.233036070583236
2,0.787996562153414,0.973328654091958
2,0.118907533038709,0.710063831903896
1,0.660570721481364,0.578697157465659
1,0.868250813974362,0.184468522403523
0,0.929851498607755,0.448962240164497
1,0.270595806149206,0.0267591544298187
2,0.29386078927092,0.878545514830819
2,0.490815117613686,0.390932925391041
1,0.807171356044481,0.527205305744572
1,0.919710944407844,0.311229646764585
2,0.146286868558395,0.821927465912971
0,0.628348185391039,0.588947494243959
2,0.761336265118023,0.331325474272859
2,0.305737232758777,0.881925656596261
2,0.706542387001467,0.963758345867554
1,0.66795036512476,0.104777734043555
2,0.744365610562477,0.348643124942562
2,0.468646708937007,0.37021729061568
1,0.887463886006306,0.423211400465424
2,0.094769088215173,0.592227511637223
2,0.0870662983075815,0.693763837336685
2,0.305281384078285,0.896459256335489
2,0.430179600339666,0.385814752740038
0,0.222893384153523,0.49014243640413
1,0.249829508124139,0.668493589872884
1,0.628504836275952,0.0972677282043688
2,0.425293594146669,0.93151577899067
2,0.409640441012493,0.389829207582442
2,0.26802419361676,0.458094514537106
2,0.341491981115551,0.891238973299604
2,0.545373524439277,0.941498643673935
1,0.833146450777617,0.512083324249573
1,0.938892220162316,0.402964831329964
2,0.076758268152418,0.617030108594696
1,0.885945358257747,0.448131387960868
1,0.641550805551313,0.59173664585643
1,0.876357442355327,0.477451487722893
2,0.714487575353611,0.977212025917156
1,0.857898443136892,0.459126860370578
1,0.405118958484636,0.659399307457471
1,0.324537097184299,0.647904431352691
1,0.804882016058785,0.55808374186562
2,0.463014773042457,0.952019055093626
1,0.671926278173905,0.102375713597304
0,0.926947981618797,0.22349042829943
0,0.262075326157944,0.0490008490731081
0,0.798179415170941,0.514166811162208
1,0.882833880890751,0.416563964956483
2,0.51019973721865,0.952406337784683
1,0.918314412726624,0.356462794384254
1,0.946391366620688,0.342638842352825
1,0.335912877380431,0.663873283698649
1,0.611572572000924,0.627009872029925
0,0.648978505475506,0.957706135051715
1,0.512652819219698,0.632042507067553
1,0.797603434498038,0.159049910586001
1,0.580369748237052,0.0787471185760127
1,0.274972152159977,0.655374549799875
0,0.130925852514749,0.73081281429714
2,0.106691991942223,0.586883331733208
1,0.936881275911039,0.3215850998933
1,0.922488146557611,0.322014863665471
1,0.550222293811103,0.61157542092753
1,0.297542003246421,0.0346200068097189
1,0.953627321082886,0.32290264807649
0,0.64546291113603,0.0773843327520144
1,0.659856704851589,0.599503271089509
2,0.190786731140492,0.809340542524539
0,0.481796540382004,0.0334380941939834
2,0.0735172797062034,0.713407956027472
0,0.119291871466703,0.507157973174451
2,0.371277372824927,0.905702089167216
1,0.415872502956149,0.635720587665822
2,0.295637583673113,0.863061560048148
1,0.959287316279655,0.358732352954105
2,0.242388650755635,0.456171496934809
1,0.369002878027493,0.0396946748320147
0,0.514808306848766,0.344517002614475
1,0.471539471357795,0.615128668215016
1,0.798524768303004,0.533721621694623
0,0.295895163459658,0.0464147970732172
1,0.454592064410241,0.637981533789763
2,0.628292409756623,0.942785384636421
0,0.731968087280046,0.954139181174335
2,0.0918876160504936,0.552874196538678
2,0.253245789293555,0.863337969094414
0,0.329095822115877,0.0500498986672899
1,0.715806945082807,0.117845949944652
1,0.764498127527511,0.133308609877686
2,0.0940267310023856,0.702477605266657
2,0.215301031675052,0.827173381656009
1,0.374631352405826,0.0532183679862735
0,0.673038929098976,0.079091161884086
1,0.826382847258187,0.185000777211477
1,0.36860361778999,0.0327380436705266
2,0.254741461191912,0.851564011004315
1,0.755539424413288,0.552638774586052
1,0.86284823827546,0.19635257692512
1,0.791436696535343,0.532135212264021
1,0.93033193523306,0.39582498113839
0,0.613762265425225,0.965356504301638
1,0.572318122761513,0.624625869005368
2,0.535822666907723,0.941679439183539
2,0.185854242208388,0.830110683944427
0,0.813495023726237,0.145718504521352
1,0.900938078480706,0.466494191746874
2,0.744787166640968,0.343843444219663
1,0.511913377915178,0.0609775113993403
1,0.857387686304024,0.488202892735149
2,0.392169067947869,0.914046551131962
2,0.0830154480977247,0.587083075753716
2,0.365676045140204,0.889433671727682
2,0.118749376888882,0.555395633458407
2,0.200521312922544,0.474756372742522
2,0.195307946313818,0.83541431719586
1,0.475336984620829,0.04518299313267
1,0.848390434496715,0.486599426727546
1,0.815144374336734,0.485966440491952
2,0.238200261611737,0.846460442208893
1,0.762110028033674,0.151179922064289
1,0.210875915337558,0.656945901968552
1,0.847779477849464,0.175919854637974
2,0.227138230291399,0.448535813304504
1,0.884307422087238,0.439910151742476
2,0.764474155535938,0.331288399159462
2,0.0951078635387493,0.746669516089724
2,0.49889832545775,0.362284449771155
1,0.840930485391205,0.477629590400947
2,0.212810905162686,0.829131751100778
2,0.528175053147238,0.929901349661151
2,0.657539136898401,0.355336768979569
2,0.557371266149135,0.370411303699993
1,0.905425550306298,0.453488065990024
1,0.367058011201141,0.0278695934625491
2,0.528127108092606,0.371054069573525
1,0.730638623476799,0.555601836581543
2,0.0626525980518361,0.62065704522208
2,0.428531750391163,0.927550499810636
2,0.478456920585706,0.381155818059723
0,0.859792860230714,0.24436863107599
2,0.100277470954701,0.75658062983196
2,0.365020412886012,0.910181931108739
2,0.722341778058632,0.335392607593571
2,0.286674925068861,0.888219868442959
2,0.675368195577523,0.350455258491258
0,0.423523900701458,0.0364413277023159
0,0.582759202205739,0.363479308309206
1,0.682192706573035,0.12559296155682
1,0.860028481755739,0.21459471931668
0,0.403409020010572,0.402557516293573
1,0.848080780690237,0.178414724381772
1,0.896602311030854,0.288300438143874
2,0.4278724259361,0.945342452241899
2,0.660302210954257,0.334907785274967
1,0.941022245424424,0.373772832700991
1,0.802624369814653,0.167272443277914
1,0.403049029086248,0.0478270033932608
0,0.56421897805913,0.973876644119939
0,0.869206914884883,0.430680474971496
1,0.355833291045724,0.022476917501337
1,0.546670518794421,0.639328299507781
2,0.524275212108289,0.938957564774059
1,0.413296658070985,0.0548580716597539
2,0.0882359519684429,0.704612100485229
1,0.49096753791945,0.63215307113542
1,0.872134866623174,0.221063008542629
2,0.204142139187973,0.840385382141059
0,0.490401727681189,0.350194546621775
1,0.522911900045546,0.0616018867216021
2,0.626519795631068,0.92492862452878
1,0.601244873680242,0.622709747619408
0,0.381920263106893,0.638032854370715
0,0.636763388382705,0.596666252169827
1,0.925324647626393,0.347452951698843
0,0.792467052807081,0.174231024505622
1,0.604898967790939,0.0850769787260838
1,0.911806405724774,0.254801545771481
1,0.923583530176775,0.316016617721418
1,0.803357729218921,0.52056855714728
0,0.421560051570228,0.0386753692129214
1,0.581797500994678,0.619130292544063
2,0.132979872097676,0.782251437050523
2,0.0862710935930355,0.722415963735909
1,0.895145312751678,0.41170283505826
2,0.0796334424688791,0.629850237882826
1,0.906457026412232,0.388522505688241
2,0.74119770457606,0.339224059410653
2,0.0778801841802701,0.715732003958517
2,0.424955971577465,0.387873703136919
1,0.557224786081354,0.0622731079819708
1,0.880181623167991,0.403495058615626
0,0.436579501431438,0.910805612688967
2,0.351165951237408,0.908740357778345
2,0.346001821412649,0.41954043888182
1,0.278392125190744,0.643684516016017
1,0.864933184804732,0.19950630880252
2,0.628212818196685,0.345203678095123
2,0.689295399016858,0.33664017513408
0,0.820959499943858,0.200948300787609
2,0.182667442033109,0.508343665423702
1,0.898910817833725,0.21271472846504
2,0.273930402697723,0.868439786761889
0,0.39888169950683,0.935679107174549
1,0.795391832146931,0.522457851293741
2,0.356194527765679,0.416630012437164
2,0.266689498875154,0.870743347973515
0,0.79055253589149,0.183745186186552
2,0.0881981482554388,0.706072214609752
2,0.341622450901371,0.413832813877978
0,0.272504802196151,0.888401719815047
2,0.461743174527257,0.386177237573955
2,0.493089712370606,0.384546800662444
2,0.733510705399467,0.335300548638252
1,0.736670382716952,0.572173098806178
2,0.565763390805619,0.945417738062216
0,0.33737345740578,0.0462939524121626
1,0.870551336990038,0.494873763992409
1,0.458389411500368,0.628605366343465
2,0.128286352132053,0.771809258935998
2,0.234735682193162,0.846616658483705
2,0.584110844769532,0.945694958173597
0,0.39048918926542,0.942061870146705
2,0.15193933899328,0.784192103793613
1,0.473949103358229,0.638384277843506
1,0.895899613138061,0.260027886114267
1,0.857403599655908,0.498407637203413
2,0.775822289151781,0.962313741771689
0,0.432249798888943,0.0352859247469226
2,0.151721289823742,0.788164657855689
1,0.543037794514798,0.630651641647477
1,0.333468079803149,0.664570622837543
2,0.4522539089052,0.390376635247952
0,0.313193033796217,0.639874065380228
0,0.56290291012506,0.370960341660941
0,0.429481392199735,0.913632932567027
1,0.623452854278476,0.0823660111511442
2,0.130228691364374,0.809628632987323
1,0.805419138278764,0.164577424471142
0,0.861099632013187,0.29289285117178
0,0.121612315109005,0.746251738095784
2,0.591184253615485,0.955850535587167
1,0.9201815840473,0.271466088438658
0,0.608757755298642,0.962294519247029
1,0.93274064600818,0.340899654041681
0,0.129572115682902,0.689372262751218
1,0.521104302408937,0.0669458083915169
1,0.261305820674112,0.66600939151158
1,0.920234130866242,0.428688367018554
1,0.81045441806051,0.510528395725943
1,0.931313488150402,0.349647619558608
1,0.92208932153273,0.240025801960341
2,0.31498805678519,0.423264888139962
1,0.203624734867648,0.0271970831370658
1,0.760110562530189,0.542523629015445
1,0.87028445558394,0.472211513856009
1,0.400415361044967,0.656572556229318
0,0.65396845903682,0.969816736514314
0,0.0680324374857711,0.727364932092699
2,0.371381427750737,0.898791808090284
2,0.248763454193601,0.864156270184001
1,0.830271282656021,0.535826775188659
2,0.533613829634426,0.369211881906283
1,0.823768793076438,0.526341494969265
1,0.578951939839734,0.0650441330318907
2,0.374157308139322,0.391541964503086
0,0.128165652895357,0.737374341003463
1,0.862285734984699,0.197889512108786
0,0.438721982423175,0.0329592934712558
2,0.325281341888922,0.41306842613199
1,0.88743865381296,0.454392556527655
1,0.568387974855718,0.0654634284065867
0,0.0718258096290652,0.77836230193072
2,0.53395180539076,0.36935794316463
2,0.214525444908955,0.468577610940487
0,0.46011444492051,0.640857495579986
1,0.921164796913824,0.293486782779349
1,0.541565637814906,0.631936576902835
1,0.847492975821411,0.209834220948122
1,0.924306063987662,0.381473000382709
0,0.679135755185398,0.361389499460583
0,0.511780190226756,0.35668723668972
1,0.684639458388296,0.581763752447841
1,0.639103005166621,0.0968205139139308
1,0.50433205575582,0.614661797937534
2,0.271211454789917,0.877517995398829
1,0.599747740099772,0.0591304422985949
2,0.521300008518321,0.948121330756532
2,0.523596200729206,0.955893803988679
1,0.870713058541852,0.471145559053968
1,0.734554339414024,0.570263052249754
1,0.495275428564104,0.0504300673332345
2,0.0865483437311997,0.671426817100447
1,0.732028030145666,0.56193919485177
0,0.144249990513113,0.748717048799281
2,0.147823852461767,0.812707574981982
2,0.597510574647227,0.949714988658813
0,0.626779533449491,0.0669608974852121
0,0.732076827154314,0.947613966831996
0,0.147015940996391,0.596167797220715
1,0.648083954945494,0.59146449872493
1,0.400647252962865,0.65030612459523
0,0.57339954705964,0.59495518552488
1,0.48407400790797,0.0580716025509177
2,0.778026495181463,0.973108802145446
0,0.275904237366814,0.415213595605329
0,0.837512986492672,0.219323287984617
1,0.814701212644945,0.515041179236861
2,0.161963916398958,0.501553937756687
0,0.388346845579509,0.921635575758427
0,0.498973128939631,0.647144763922602
2,0.0936330640291025,0.774964909895932
0,0.171598624766523,0.789504911332725
2,0.331472072320053,0.42168704701242
2,0.471558020970548,0.381086643274742
2,0.248016035663928,0.846627701753763
2,0.155759547904586,0.785304013458775
0,0.803069388671194,0.145282811698458
1,0.42305446850136,0.643304453877343
1,0.352957641882471,0.646960015071588
2,0.220326550764541,0.84215201698356
1,0.907793060828393,0.432501512601864
2,0.766038442482458,0.986979049995788
1,0.486676898009661,0.634939352222914
2,0.776652570754999,0.355754659748959
1,0.257734850207676,0.651160127746322
0,0.835156611604275,0.205108889472054
2,0.105010362214082,0.695123948383177
1,0.874200246368608,0.204361359411012
1,0.42377458584841,0.639141391262512
2,0.333913321505844,0.89376087010582
1,0.911487779015466,0.256493721925239
0,0.929096595513618,0.23569476764817
2,0.13729217111233,0.819361123216363
2,0.766151683292079,0.342769200221533
2,0.713020186916439,0.326046113911556
2,0.152617118837214,0.824973148633146
0,0.135233971580997,0.726843775811613
0,0.606184806401787,0.0797717293902358
2,0.0917018197036986,0.609633398731705
1,0.879757919223794,0.18510407894221
1,0.817470757577571,0.533569906126869
2,0.381065868147998,0.915299908153738
1,0.510105870064465,0.0422343942577964
2,0.11517257230391,0.742233700949249
1,0.935130014269949,0.378902215236653
1,0.584096235658698,0.611123401746506
2,0.382928499071443,0.403479873851372
1,0.398268761598308,0.66438463161331
2,0.108772363510105,0.542322244921697
1,0.662185388852209,0.102482254781598
1,0.263239346189505,0.651890774108451
2,0.208171425222386,0.808404802516254
2,0.628610203293022,0.957768970124938
2,0.376286721842086,0.395251276230408
2,0.378013959069026,0.903771112081422
1,0.707132752329244,0.12068389985018
2,0.0997056239120756,0.681176767344099
1,0.650885482133725,0.0820275987585156
2,0.689237099920784,0.350833151827232
2,0.124261435366537,0.550036007601061
1,0.892149791287233,0.41109319973592
2,0.0821710828985365,0.624270361780521
2,0.0776890580815164,0.670912932393334
1,0.900935744542106,0.443064808454705
1,0.929651272855255,0.302516031535926
0,0.221175047405993,0.480715806701502
0,0.0157049968766171,0.682134947082338
1,0.807389104698628,0.527365146670417
1,0.410044057108288,0.637960645878159
1,0.924592324451582,0.365952917834306
2,0.147222473239406,0.825175926462897
1,0.749462279316261,0.148994093026952
2,0.700489812302591,0.983875594369994
2,0.0920116107742672,0.646301501309879
1,0.775823514881693,0.133370566681076
1,0.790915075637224,0.136161054068568
2,0.445465934265265,0.946574035989711
2,0.0409172341646008,0.581947062922146
1,0.60538636115588,0.0911228936079545
2,0.150402451764602,0.815381015193547
1,0.908363380889227,0.257673209522748
2,0.185714324956982,0.512621763575235
1,0.412513706315063,0.636431558234606
2,0.353800801343629,0.408342498899639
2,0.501264376208786,0.378867882698451
2,0.248441493095728,0.842911924097958
0,0.603243178489419,0.963741872214405
2,0.758822787494747,0.342828927798192
2,0.689472420595018,0.33648289376289
2,0.529591934687363,0.368944018960593
0,0.720684699010771,0.113207977373876
1,0.864862741915572,0.211777579803099
2,0.477674205604472,0.3789265035091
1,0.464193720877362,0.619932579131568
1,0.368150889009914,0.661089075734549
1,0.421687301619324,0.0470145536033242
2,0.211268617462517,0.454143884077065
2,0.305370386535483,0.873624759370663
1,0.875115227395816,0.209074392987521
1,0.870237439590039,0.21744632623554
0,0.680653685607025,0.959328267019292
2,0.0776866972029794,0.58866788433086
1,0.931540963097396,0.429743991892771
0,0.741745062032381,0.113482589264214
1,0.941600850768215,0.360486517892105
1,0.897054398641666,0.206479239307875
2,0.730645603077233,0.346511105361089
2,0.385347239959708,0.377195361194131
1,0.833506795134181,0.195166317022103
2,0.133970580491978,0.515277369448021
0,0.502237556563337,0.358098001808987
2,0.0823726277764543,0.631404310198616
1,0.266983893525554,0.669816611304419
2,0.153434147941356,0.505125226485998
1,0.903786863447954,0.260739393767181
2,0.0424463691870497,0.647516502766234
1,0.71020946673379,0.119605869801243
2,0.251519437461593,0.861309344630605
1,0.908856081735271,0.34270966611675
2,0.165094095586521,0.498993405298708
1,0.430384021705726,0.636619983170713
2,0.150683973648215,0.793774717387646
1,0.669870381165192,0.577369326820387
1,0.358597545869519,0.656695416210031
0,0.779202560991138,0.160421661042962
1,0.905357458028142,0.396010002593749
2,0.0807779400302131,0.674469048538743
1,0.821612455253606,0.186713156127505
2,0.084971488151138,0.59670042722957
2,0.764023569019376,0.967761081420051
2,0.677059812350662,0.356490706356778
2,0.403595819287451,0.386718885617354
1,0.82384415272464,0.167780326211806
2,0.695027600546566,0.964436614577793
2,0.597523959696073,0.956748696315478
2,0.638217838778717,0.357653111337333
2,0.473258854670888,0.929696951730585
2,0.244891602600799,0.867092367236677
2,0.473264002620659,0.921183656635718
0,0.599090418649045,0.962250693234035
1,0.919576636478966,0.303405126802584
2,0.19020804292381,0.808160163369863
2,0.263324081835993,0.440512427921811
0,0.279021840892115,0.895643097231016
2,0.258082868259394,0.859554963681998
2,0.182415428313722,0.825073989241927
2,0.224005568761725,0.854299553305714
2,0.478595465461532,0.362204326139594
1,0.785937998729479,0.540706528304189
1,0.838916338309587,0.501834034223979
0,0.0154008899261583,0.605317563131833
1,0.360027876938877,0.0314451260936951
2,0.0999584578349014,0.579447886477571
0,0.52804883802863,0.359124798992363
2,0.789856528817559,0.352409486861649
0,0.0326126815960382,0.655190220145338
2,0.521819108555698,0.940557271888634
1,0.929543074854991,0.295305898001913
0,0.618722902654081,0.587126819943125
2,0.314786808771129,0.884190394350063
1,0.423522335784389,0.641348718530163
2,0.319506261338706,0.873135754206223
0,0.578806749005527,0.0850863449375635
0,0.278015485195578,0.0450802340110629
1,0.90215053232263,0.28634455512067
1,0.77329710050531,0.158146197447601
2,0.144040625287532,0.789359119343078
0,0.0723132150238035,0.764184133141227
1,0.483965536525224,0.0476265476536161
2,0.439308740808854,0.371028626716016
2,0.124688158622384,0.762658180653218
2,0.177367933907726,0.829914185548597
2,0.103070097793913,0.72832770871013
1,0.799361614411024,0.538875612929508
1,0.72394598537277,0.567710490805943
2,0.315283889407079,0.911403010875225
1,0.906210276086371,0.417252731608511
1,0.465798591163525,0.631107633147843
1,0.911141111464853,0.456079502419723
0,0.154321151276967,0.74623722213404
2,0.05691871810887,0.709597200864813
0,0.879239305211224,0.426568278236378
1,0.49277201990608,0.0599093923295898
1,0.655722662510322,0.0858534004120352
1,0.913445986075172,0.433952565827044
0,0.346223340987887,0.0489298573324045
0,0.77530730093061,0.160319578794614
2,0.236733009471327,0.856146085013341
1,0.92763872884175,0.263160012504026
1,0.344682539295645,0.0224074745535606
2,0.397013557647192,0.913544692424923
2,0.352770836955394,0.410584418123752
1,0.948834570349652,0.393772364244786
0,0.233430476055412,0.423188669633263
0,0.96887217711174,0.361745868297897
1,0.691930711197164,0.11143949141039
0,0.121646598601903,0.569439743776226
1,0.848032837901425,0.494019737360909
0,0.816205783162041,0.216615556522985
2,0.2583074147908,0.846957833981145
2,0.472078458660966,0.38296037101142
0,0.50356231304299,0.963625238101659
1,0.824519399472774,0.532466925761608
1,0.884399741265043,0.273619981073963
1,0.859762680355143,0.469725022530773
1,0.874250952490662,0.220776805328253
1,0.35797285752597,0.655087946065379
1,0.706445286259491,0.113777551314091
0,0.760871462213697,0.573444181417538
2,0.257887798443673,0.851226168922193
0,0.976928193327397,0.258583914918533
1,0.891142234716922,0.201732850475484
2,0.177852189199532,0.513063850469196
1,0.91297483851112,0.445216594707589
1,0.830190171731511,0.484702599064435
1,0.741998268842185,0.137777468830384
1,0.856473030928508,0.207501943000832
1,0.91548224824748,0.372305337197696
2,0.295594132392551,0.888937615549661
0,0.40782288444515,0.916347883623116
2,0.275555334254379,0.857863247782206
1,0.722462711663368,0.553295887588759
1,0.654952391284032,0.579315845140949
0,0.423242827085193,0.0369186849118763
1,0.885068161173306,0.449891377009268
1,0.411432297501341,0.0447397243311097
2,0.0903806114695942,0.759969690463875
2,0.0758156819893909,0.662601658801892
0,0.322002648862751,0.0512200552718352
2,0.0759632420194088,0.714683926685722
1,0.612853787108923,0.0841724273379142
0,0.45578028475476,0.644795884876959
1,0.896556933792101,0.409493872883689
2,0.16178410468638,0.812192995813077
2,0.0564091294069468,0.61066913305398
1,0.339799839919245,0.0337471456534045
1,0.908323011094389,0.459309897208527
0,0.409873059346382,0.915352390030131
0,0.776406899961148,0.519708528413499
1,0.49163383986809,0.0413700428908868
1,0.677681197485902,0.587217638762131
0,0.606134729825126,0.599330594844714
0,0.0609065516395955,0.720694199900889
2,0.104755635319937,0.582578659146345
2,0.0602874703108223,0.685322418005954
2,0.419770316809294,0.399329605133152
1,0.737987698333238,0.547333729589415
2,0.332606809075206,0.426466008986439
1,0.725390771005657,0.566433664526368
1,0.744133703803256,0.142708198508325
1,0.683548536247947,0.130749179016516
1,0.558034390619201,0.628146927593835
2,0.326590704234393,0.404484649686367
0,0.623353810193125,0.584592997420534
0,0.509586383265957,0.642558374320546
2,0.136453998968313,0.530674237595838
2,0.079505220939561,0.573782863124629
2,0.625627341461931,0.958796841510144
0,0.618241504509972,0.588336417517925
1,0.891515408643148,0.27937952144687
1,0.257592751043128,0.650404075099268
1,0.225600103025488,0.65046997971746
1,0.292579001775672,0.0245838675969762
2,0.475147259126249,0.957510925105285
2,0.0719342087869281,0.685304689957914
2,0.0919205944660054,0.702827824310185
2,0.250198385991229,0.462946080451965
1,0.952721623602407,0.400782503190814
1,0.930438582423308,0.377114065009138
0,0.629056804156302,0.973105367964674
2,0.296014471232081,0.866737997340083
2,0.297182313547274,0.435976509727004
0,0.600304592827208,0.0659425796764309
1,0.452890376788452,0.639394598587061
1,0.812159393624536,0.488127989988176
1,0.574770897983545,0.601230110248475
2,0.461056233814174,0.93225190085519
1,0.20521777608117,0.0316196526916826
2,0.570496573981985,0.359568489070042
0,0.740579395923812,0.119911174750808
1,0.468129921868135,0.0647220313273333
2,0.333115159644463,0.429999524313576
0,0.417457137503894,0.895744076367627
1,0.775699430471141,0.530094923562827
2,0.552937337592869,0.363084918677074
0,0.778865314267276,0.516973044928045
1,0.645545947513469,0.59705334942159
0,0.801600688349915,0.962579927254991
0,0.341546849212906,0.0415571878903194
2,0.134266170523118,0.536465910320017
1,0.740741978412129,0.540829502364625
2,0.138560135504032,0.499539907247692
1,0.617037092358367,0.0818607230951394
1,0.627767699087051,0.114878727253098
2,0.584342122075545,0.350385140611936
1,0.275433293932879,0.0263425626455607
1,0.814724478485837,0.536266613759839
1,0.647746665622539,0.590315635988131
2,0.242446744359631,0.87210374937069
0,0.32570281210957,0.86940025773123
0,0.558075360703349,0.969926507112932
0,0.453815622170405,0.652483629530111
0,0.0240261896971442,0.600112457970475
1,0.921778442531818,0.313439092611697
0,0.563115686032575,0.381027886152883
2,0.116110280309292,0.552445264778913
2,0.336055841763295,0.41094669263769
2,0.103805089262837,0.567442785072067
2,0.580673647807201,0.358378933485448
0,0.184869143443058,0.0229093979383384
1,0.504796591253334,0.0472709851806175
2,0.183767041578936,0.458559919491547
2,0.175817073932803,0.505161234806388
1,0.866501878553668,0.219833086138541
1,0.827707557769765,0.512949149924125
1,0.894348545032702,0.24504397348458
2,0.198290584196677,0.834312426627037
2,0.76047174832306,0.344983452485145
1,0.719115793707407,0.112322295578416
2,0.69511012137061,0.339525427600828
1,0.831197499242528,0.180018527085834
2,0.192508568203299,0.839636689951911
2,0.539865641052669,0.935572893166336
2,0.119940585114615,0.75827190947092
1,0.368982656023029,0.0323099049560596
2,0.669969681982051,0.347578319594398
2,0.0781788661385899,0.632159319327568
1,0.480807918065361,0.624702822804476
0,0.511822998657838,0.355077791554862
2,0.6818138235996,0.359462995000708
1,0.268812941205843,0.664228721792822
2,0.681758516523455,0.966500577161782
2,0.219644359342339,0.45920931602331
1,0.915601552151467,0.36023850376836
2,0.348378167683418,0.917935720951852
1,0.80068165044444,0.179467873510526
0,0.723339181863002,0.10890640169677
2,0.577838389660839,0.928006622828338
2,0.324413089260486,0.903974258990379
2,0.213617858080384,0.451913995199455
2,0.421068435703757,0.394838927599339
0,0.64171676135052,0.366376753520207
1,0.918175051713653,0.288547569284747
1,0.597932151816989,0.609660315871587
0,0.115838465261646,0.511277466392382
2,0.470679691330913,0.371615193009897
1,0.56244306719063,0.0503925842877999
0,0.26033987748215,0.43791419222544
2,0.108515242845542,0.577213511860051
2,0.355079612533103,0.889793206811366
2,0.651939354217674,0.350627847052953
1,0.344566431018411,0.649165799309744
2,0.528583153941308,0.386505564687029
2,0.458708307793349,0.378354280514288
2,0.139040110979286,0.553655221470573
1,0.585484595115886,0.074594576939571
0,0.624736711872473,0.577288362322966
1,0.952341432519731,0.279119055926938
2,0.457227962815815,0.942417627552373
2,0.15654051509276,0.519787825980975
1,0.300250240298164,0.0361549516654244
1,0.26197752501743,0.0253108108736039
1,0.580828669732012,0.0614332544458517
1,0.537866834773191,0.603928413214736
2,0.106155067679994,0.611751523592681
2,0.212939455182101,0.463881402243987
1,0.448198018751971,0.632402324249002
0,0.415410467944024,0.0372491157737452
1,0.600888617189508,0.0876618191021799
2,0.153495614829839,0.507758074482729
1,0.868420369858037,0.451435598904267
0,0.211677945026708,0.434322853163637
0,0.561234731836906,0.369924067081252
1,0.924149428622703,0.292600241154656
2,0.170065177280778,0.500748972150956
2,0.721539178544122,0.35106839709763
2,0.776992533090887,0.344679016207174
2,0.585579062484132,0.95944205461256
2,0.702702752313681,0.964202354659805
0,0.777275111647029,0.5194006153308
1,0.923739826396291,0.437078694851892
1,0.51270223639173,0.635338041040157
1,0.902111163860385,0.242453630127461
2,0.34234163053231,0.403968013719414
0,0.0298981448652683,0.763571018842473
2,0.135587502566422,0.779638066276567
2,0.109356877713941,0.576860235384927
2,0.690078290409098,0.321569823351663
0,0.981934967321779,0.30585711070299
1,0.493647878915344,0.0454514843925652
1,0.792467722357168,0.53485883744459
2,0.437514580275009,0.395972384748349
1,0.921625737839123,0.278181005103888
1,0.347635149404338,0.648147079106404
1,0.899331900967079,0.430393810501574
2,0.52157407585305,0.380411520564801
2,0.103259068418262,0.771778570130196
1,0.883941593240288,0.392965474728411
1,0.551786434820351,0.0698397215928879
2,0.167439604580536,0.516296309580856
2,0.535693976306497,0.959089644754122
2,0.387814759608582,0.915784482967001
1,0.601509024721412,0.0841941701940588
2,0.45468914495797,0.366609751476162
2,0.640858415063288,0.344881039274973
2,0.178993395774718,0.487202455759142
1,0.54412170875698,0.616676347126905
2,0.136912220317089,0.52400058749993
0,0.766831498927784,0.176682587036707
2,0.341732731305962,0.432633978861273
0,0.178945658947539,0.787159687167859
2,0.0773108604076906,0.60380382396402
2,0.438275343239586,0.393875528027373
1,0.905909886582097,0.336641355720906
0,0.0683338847649475,0.553303312658199
2,0.229199649193815,0.850962621062238
1,0.929791579879306,0.40318914961209
0,0.555443275474904,0.3595150076771
2,0.124070588741556,0.555575144987896
2,0.33473226929272,0.404027033932322
2,0.363235914518692,0.901606597626345
2,0.787155219906506,0.960970157505433
1,0.576395418245617,0.0691672700562867
0,0.422631396227598,0.0361263380493627
0,0.488433572128766,0.911782673473849
2,0.0939170461721951,0.66557752448997
0,0.348512629246084,0.389876671274236
2,0.244240673751696,0.449300275686018
2,0.370815368234605,0.403274900710716
0,0.726371219037393,0.109758643609163
2,0.632783110935426,0.34293197494733
2,0.336060498731282,0.912849884671977
1,0.885857396209053,0.249202290522968
0,0.124368415598878,0.561438267121527
2,0.0613266239904891,0.643356617386957
2,0.198598038299843,0.472939786248606
1,0.646824556153709,0.585170167087782
1,0.66412421298258,0.571206265970999
1,0.469675059953425,0.6310963310405
2,0.0928030106623002,0.755155397100233
2,0.0767062899065264,0.585171819398484
2,0.0913783955201198,0.622051020182762
0,0.376196092608837,0.638181058758837
1,0.365830840298649,0.0473630044449826
2,0.223052602377264,0.459259815810748
1,0.843510045115064,0.51928768602089
2,0.696755294985189,0.964563554430818
1,0.508803614401961,0.617879795462153
1,0.937382372912225,0.289980254211748
0,0.22056716184607,0.0488996778037565
1,0.65141494036603,0.0925495535567207
2,0.784271039729178,0.341983882176699
2,0.364412429865382,0.902120028586242
1,0.761412760489375,0.133725692799602
2,0.281292463749217,0.418480647014739
1,0.553590443896416,0.0715118188286084
1,0.728873599352444,0.130947129389457
2,0.537486003129144,0.361314301963643
1,0.345970518349001,0.64709815750553
2,0.0449811606832823,0.714801228741653
2,0.533842207772994,0.370714565782168
0,0.470920299498887,0.918628248206007
2,0.298703671969579,0.43225148455163
2,0.0912070823861686,0.723645089211465
2,0.0932333599867526,0.770794607643705
2,0.378051311356941,0.403693834989478
2,0.0898758848580727,0.688955125874061
1,0.400839078031446,0.0547811856661419
1,0.759733366261734,0.569100429499005
1,0.714084958403831,0.115550298155085
0,0.807240333255576,0.348345099232472
0,0.25613345910254,0.837266484671848
0,0.380055273954538,0.931022806197189
1,0.603915116317193,0.0837106397771004
0,0.0443135390088174,0.763854132873184
1,0.794397166678144,0.545327470161505
1,0.353938823890079,0.660196232682399
2,0.351761884644438,0.427102668543539
2,0.388222337453009,0.403712662075327
1,0.71094990479104,0.115159941100002
1,0.933784534092972,0.307406845885042
1,0.847956413318668,0.189113982461015
0,0.452610961085013,0.91897338890776
0,0.581996164521857,0.109514765925044
1,0.393076690296579,0.660023501958516
1,0.308629609044762,0.0315864085582986
0,0.37709900308057,0.639453224226761
1,0.735192506966665,0.120091753488482
1,0.467043875629868,0.0429395750552756
2,0.34002071773459,0.881959223501404
2,0.427249332352482,0.389112500281443
1,0.210588790312822,0.66067570854519
1,0.84268605860552,0.489029491847015
1,0.912943413816105,0.40963975357101
1,0.897301634011196,0.403848035424863
1,0.766451807283634,0.539804234611616
2,0.382691190333972,0.398144807495951
2,0.280205554284008,0.870976026012843
0,0.812060298778071,0.339849743429435
1,0.902427653430001,0.428987735414756
2,0.70697290643508,0.326431282076813
2,0.211080219127684,0.834673744838401
0,0.537127644705617,0.960532270187042
1,0.700247952859784,0.576744934403902
1,0.510705242107683,0.0672590384364594
2,0.0886766125085853,0.598460118434639
2,0.526484209973608,0.938553012644511
2,0.230666728639183,0.852741963053494
1,0.604039967607503,0.623718712171948
2,0.524896442503813,0.36429469203514
1,0.905095396823287,0.221148898717038
1,0.920215277456974,0.278353397147925
2,0.496824450782302,0.923002914849423
1,0.62620701724275,0.112627873095922
2,0.0644960016403864,0.644506990127906
0,0.325427903981706,0.443523422339641
1,0.433201737310454,0.0577947551086014
2,0.277258685341019,0.466307818684021
1,0.892075530160353,0.477009255429082
1,0.314272870290234,0.0325313791855286
1,0.432392692905249,0.0480951573566223
1,0.941390026721677,0.328672194973228
1,0.71887160398843,0.137290344756094
1,0.909746656437408,0.361357876018156
2,0.375204776827025,0.882633473873689
2,0.462652600944305,0.926737086723665
1,0.22012256499054,0.658667504956366
2,0.416664863027374,0.922793088303803
2,0.125964666803182,0.774910985083955
2,0.25060775026747,0.861409059916362
0,0.748213650564644,0.369154085572905
0,0.582003840314186,0.385750216489877
2,0.501996235220196,0.948294451668067
1,0.940512493305595,0.355687862545132
1,0.876135045802817,0.454497416593878
2,0.335747707375384,0.895943752234416
2,0.685473299739508,0.328292333387687
2,0.176831733816749,0.485612120161123
0,0.253271529873982,0.883322707876709
2,0.127457673508628,0.538748336483761
1,0.322033282704363,0.0266207286147101
1,0.751603264974367,0.550486178571553
2,0.639043196634944,0.355150132568141
2,0.367829958289831,0.90445294706077
1,0.288838446608756,0.034971368716403
2,0.392607908156902,0.90966487768486
2,0.527079352590818,0.36312591621812
2,0.63785824486397,0.94967270812343
0,0.607982413421472,0.0753308216830382
0,0.39235116201368,0.921110866441609
2,0.0711064686813311,0.717985897028746
2,0.0997074857378065,0.592777922138806
0,0.753363917994294,0.958098281869644
0,0.681745563305139,0.954943153725677
1,0.492618971414574,0.638081169425304
2,0.407158401229956,0.399661930319686
2,0.779145532378774,0.961638041493668
0,0.423838292468598,0.91370816235743
2,0.140904862663571,0.79099546675619
1,0.91277390115493,0.353814611305074
1,0.548205515384363,0.0601742862012229
2,0.36527123048316,0.910252866188973
2,0.469338747369716,0.946264908136543
1,0.683963717122231,0.560714612608267
2,0.243216830555482,0.445165694121667
1,0.818834404483713,0.173879046126987
0,0.973019985916083,0.43768962573293
1,0.526047599627634,0.626104604306709
2,0.05475578962711,0.703123402389562
1,0.738089224723641,0.521710398466935
1,0.852465303470525,0.165672170414319
2,0.707014188990202,0.332902343214942
0,0.422118146269772,0.0256717845217361
1,0.891701317997046,0.434975890298255
2,0.240650817053042,0.857210562137626
2,0.380755215152524,0.90607891918115
0,0.749177667062085,0.11844531002478
1,0.436179159627276,0.636934357835583
0,0.039439138531813,0.598441939428354
2,0.526919997346971,0.37388849165811
1,0.353303152918965,0.668151715187352
1,0.839348158276697,0.504473947155159
1,0.888721597417095,0.442243953319851
2,0.284078263625364,0.438081157485998
0,0.344529170061927,0.041807501567332
2,0.249749280130172,0.474558687067868
1,0.926671531257968,0.249853893639573
1,0.689640805913317,0.111140260214338
1,0.8232721753245,0.518681681451023
2,0.253361069368701,0.858032409512645
1,0.332599157032448,0.654261875912477
2,0.743547687250598,0.333936353456329
1,0.832584932848398,0.195257588119704
2,0.0894592401180632,0.647738844732563
2,0.141937681664318,0.819776842693881
2,0.18853658002641,0.805126139389966
2,0.0843451149244176,0.706770888918586
1,0.487018370772103,0.620209024010463
1,0.226224825556639,0.0343190153018852
1,0.919403241974054,0.309048629023251
1,0.875030469019107,0.481105649947247
2,0.292336798915398,0.891050968341357
0,0.644696867689317,0.36372628241407
0,0.763375036084001,0.951632307109348
2,0.403101488035291,0.375438197322263
1,0.274977124988048,0.645248156295609
1,0.699328689411796,0.0817193217561606
2,0.307350942253815,0.423774663976961
0,0.425651027160441,0.894699001601215
2,0.484222689687126,0.936428756509133
1,0.831702816080712,0.50712348048935
2,0.0943436413362455,0.633033462590547
1,0.447597518321336,0.0486327575587515
1,0.846745761133855,0.460178815101274
2,0.175254984218203,0.512006158783217
2,0.161980906545509,0.808781478052743
1,0.885680154446417,0.200877200827054
1,0.564273070944467,0.625905122224766
0,0.0348585445145323,0.681044210489645
2,0.709760859439519,0.972446358143614
0,0.16176511864634,0.56175387589922
1,0.257034002066366,0.648632221682496
0,0.677116161920424,0.967204050423694
1,0.846996474087284,0.450818208509822
2,0.0653770654416601,0.665091840157441
1,0.31780493224135,0.0135547330690768
1,0.921607891190052,0.363276227708875
2,0.403762079801575,0.380543807857563
2,0.496691672555151,0.9524962835773
1,0.303484964846909,0.651603461802099
2,0.438356190980875,0.384825958990596
0,0.246645304968649,0.428785453796929
1,0.909235397385626,0.389129624526545
2,0.49334937689636,0.378109638489221
1,0.93724865229248,0.343988093060545
2,0.185906555292261,0.836470722031664
0,0.856252402845757,0.412409873997784
2,0.754539504458017,0.969353254901508
2,0.785978190018912,0.355957657845309
1,0.436008905391119,0.0416994577852706
1,0.681608299187014,0.575618888518865
0,0.134362332037906,0.75125972809588
2,0.098476319031744,0.63867692874147
1,0.434349298934637,0.632077951550623
0,0.181307589343836,0.857934023873817
0,0.508089448535361,0.355668039250464
2,0.178362794797322,0.823651219847398
1,0.227310203852173,0.655631101819799
1,0.564073487508894,0.0736197545646473
2,0.481909098256765,0.933031871674129
1,0.580388563217879,0.0620646333365572
0,0.0721087125967139,0.534320410484783
2,0.736914037051532,0.335070359891776
1,0.493008596973405,0.0674563030618701
1,0.515856326795617,0.0595029819280873
1,0.837756788806876,0.500743962651083
2,0.601899035331699,0.347507981025346
1,0.915196905601707,0.408114041985044
2,0.630282653830466,0.345066506816862
1,0.912376126423407,0.242075916869211
2,0.146468461742562,0.543579991027381
2,0.423665603753374,0.925281485494943
2,0.146363791767461,0.541859282234756
2,0.353098445068114,0.89772894133561
2,0.42892129435387,0.385107619515125
1,0.278363292477226,0.640671447565634
1,0.822395122107263,0.519496824835919
0,0.661375326595275,0.0628425625329372
2,0.10848751896685,0.737177801566251
2,0.0777546771072358,0.636224012467688
1,0.686630170903738,0.114515475743833
1,0.906586227511823,0.227414447506483
1,0.585451561351607,0.606775671756427
2,0.234309357953402,0.842727225257715
2,0.197653753359177,0.484630085768259
1,0.50191594821314,0.056844727755688
0,0.160194168947046,0.799490506309351
0,0.772274839430797,0.512670742964031
2,0.147042526347453,0.790395619493749
2,0.517593352832655,0.927517279888615
2,0.0850638829134941,0.67500159285134
2,0.175217348471519,0.821349304034677
1,0.343129285344507,0.650275959451548
2,0.410986246180346,0.395107796413643
1,0.432662918087994,0.0576414188848988
1,0.902639890984426,0.255521333874069
2,0.0636500714044887,0.611638132463961
2,0.61632858514145,0.945490384914669
2,0.109316481386155,0.63125276687757
1,0.333742685165361,0.0352716371791828
2,0.233652649925826,0.861670282298309
2,0.107884549140373,0.588388905431313
1,0.57060155308622,0.0553547238157822
0,0.672078838191829,0.368400642591655
2,0.64040640191356,0.351229318753581
2,0.79004713559205,0.96443234347718
0,0.636021177152768,0.589655907276252
1,0.660322165257637,0.0993537147455586
2,0.0503288446058706,0.585736556914573
0,0.775745869923423,0.561120040304772
0,0.437193338486381,0.918409414250961
1,0.334897729497942,0.0351983663306089
2,0.322627704373061,0.885214406506857
2,0.594130220864776,0.949327667586294
0,0.658869453956374,0.954398588030411
1,0.808727456235215,0.18065288224131
2,0.0986070199248375,0.570297785338822
1,0.928890642320475,0.410310881731674
2,0.559578408007238,0.939883416572426
2,0.32811911798557,0.91493858480806
2,0.296399761044105,0.420417137422084
1,0.655841835896863,0.581652218455295
1,0.786705228683831,0.529151637849935
1,0.26291746379948,0.664680652580376
2,0.696076206458171,0.336602506521679
0,0.617116657547443,0.0745745528027295
1,0.757950489225178,0.543717495587108
2,0.213561124116125,0.814057871071944
0,0.841938295347892,0.24619010635587
2,0.280525117696195,0.881088370588248
1,0.932429598557917,0.370891633987933
2,0.186311621544632,0.810395246355834
2,0.404868595514651,0.391195078050377
0,0.801664962887745,0.356445133690179
2,0.245111209607674,0.447816321888862
1,0.59527971365351,0.610329638865152
2,0.247928480038553,0.471860294562416
2,0.603681042819925,0.359951431935251
1,0.747247801903019,0.536420958884875
0,0.0526567184017476,0.734815179606925
2,0.302425605974233,0.439032790838156
2,0.0961052217929281,0.672970839886824
1,0.85225120221818,0.216872244275593
2,0.417556432013441,0.922963838244227
1,0.253851961700212,0.642061084688155
0,0.736873049478769,0.950588363107992
2,0.114033971308744,0.625597866332141
2,0.455035757082168,0.369362266499992
1,0.603145383769531,0.0964085578750128
2,0.105876974782998,0.650438189983859
1,0.786368444540891,0.538904485613729
2,0.752051970073684,0.973561597772377
0,0.412280679619467,0.903643323593788
0,0.923214323863946,0.455115081012076
2,0.0876772170988475,0.711458620065234
0,0.961359851765118,0.355334443038854
2,0.0750070904435949,0.711303551982493
2,0.429003996213141,0.927848245252918
1,0.307025229748019,0.651931583715006
2,0.701363716512916,0.960330099286688
1,0.559159929365992,0.0659928087150762
2,0.350387537580374,0.902469920587783
2,0.115201210372899,0.62836714053361
2,0.342351076384393,0.426365664864686
0,0.643809293292175,0.364313972224426
2,0.209045230074162,0.475051629815673
2,0.217790750332212,0.841381374013599
2,0.532204261317597,0.362823558376483
0,0.328692927173447,0.922455944820389
0,0.793288593507704,0.514328759947243
1,0.948747029032384,0.406206242424534
1,0.440834989965811,0.629535847161853
2,0.384838763032909,0.909698440443633
1,0.917985647046564,0.359619493439563
2,0.315675270686926,0.419433625590388
1,0.522171276695162,0.622248903847517
2,0.0664860082255921,0.632221091772079
1,0.720307382136474,0.561766914443857
2,0.353639307059503,0.891474130860483
2,0.146999787520782,0.809983754638767
2,0.0794373450292814,0.68835629340764
1,0.592866580793435,0.603451043021341
0,0.866762082847914,0.265125514651145
2,0.186138777414625,0.498984901048987
2,0.172037027197823,0.816306196871196
0,0.656593870574425,0.365829645373061
2,0.551630036577628,0.360083732306505
1,0.321267749932894,0.648104147791062
1,0.939985167024597,0.433108850501644
2,0.121933197854742,0.781363880281269
2,0.0791807951557711,0.622671314968862
2,0.730408904985285,0.337276454123232
2,0.303119736820258,0.431614079451416
2,0.231111075513873,0.842663785114451
1,0.330931723087537,0.030384225291888
0,0.755804018982932,0.110441211444335
1,0.249922609807122,0.0326260132377803
0,0.879858233197752,0.258882270700251
2,0.142400976060109,0.786645412980851
1,0.272765803535195,0.0328072214947374
1,0.360404518480052,0.647495540107501
2,0.0767136472381994,0.644356134361626
0,0.788734438775122,0.183652914062916
1,0.933110218538868,0.305223554855667
1,0.542689313575882,0.620822296152665
0,0.55180329166765,0.35730377897586
1,0.638827146158119,0.0837657128338305
1,0.485103475940396,0.0603677344972003
1,0.860823748459892,0.503356837618534
1,0.435017965149481,0.648725018560492
0,0.276724906035635,0.88527571869023
1,0.89278534539448,0.432640544561272
2,0.483106213215666,0.941970278337229
1,0.94835566450303,0.280952613011727
2,0.113386162490301,0.745587106135041
1,0.455934328292963,0.638421325761307
2,0.2019774405248,0.816323643578091
1,0.237442570607254,0.027369182423854
1,0.956481210583124,0.351601109363121
2,0.654498936390396,0.346777139641287
1,0.831877293986141,0.486621957271882
2,0.775715539712718,0.980808453418268
1,0.948618345118194,0.41110737775743
0,0.484013290811485,0.916849163032693
0,0.654239845086083,0.951594685071467
2,0.659904941998817,0.356851826660305
0,0.0744555500331747,0.544836008458588
0,0.550438881462522,0.359735024631332
2,0.544310636326047,0.378316730847595
1,0.745861551394886,0.536471200449664
1,0.651723184505972,0.585389983729468
2,0.748824400612827,0.969634071925355
1,0.393826236486552,0.0327947406979082
2,0.202281937343341,0.836048045865972
0,0.536155622534974,0.349460867562956
2,0.22538073175116,0.848380498752683
1,0.255703793004088,0.0368542489980236
1,0.896631977015979,0.255520431022628
2,0.438369193633175,0.935711974115765
1,0.917631240107466,0.280125715667804
0,0.0214681937818835,0.635702282806671
1,0.413187095118097,0.049859050624406
2,0.0954562265801651,0.574101853074234
0,0.272140218386672,0.893451784687211
1,0.336700886794764,0.650195407863006
2,0.176881496768926,0.478172010558661
1,0.835086292232559,0.52450441590368
1,0.368967120548575,0.664288429090175
0,0.16806663240647,0.798496937009682
2,0.086027433436637,0.635236000214247
0,0.130562995719619,0.652792656897274
1,0.520506889257909,0.630716242551225
2,0.266259863592458,0.869384781353137
2,0.193601029890246,0.4769382287957
2,0.0910001093179025,0.73020660484896
0,0.66370038572721,0.603883100546154
0,0.795946187025853,0.19133967388734
2,0.376072072556347,0.396613925230219
2,0.533401155889753,0.943410497663616
0,0.185449996485663,0.65676664572233
1,0.860273252055601,0.493431946314361
2,0.222395418338849,0.86797383624559
2,0.377644302167696,0.892852905485661
1,0.526450413304092,0.634562322441465
1,0.844436761941549,0.208022263947595
0,0.495379978635505,0.34985918497891
2,0.265563069183384,0.441348310220298
2,0.724384892636651,0.339103254201513
2,0.153501071714643,0.503499398763052
2,0.155458301798557,0.775320538575843
2,0.54137450147268,0.938441762619375
2,0.788939831816257,0.331851555849939
2,0.0868209983855736,0.596867804432034
2,0.0837768050665567,0.703249713938902
2,0.0827637238075884,0.583988038617419
2,0.116693958810854,0.746313189577962
2,0.178556342391743,0.490800407131031
1,0.904710097841888,0.278086969689749
1,0.671754826156017,0.0897596494634922
0,0.977433069443592,0.365778969710958
1,0.902066627372518,0.275678572768248
1,0.2339935490407,0.024554935827082
0,0.867690379198912,0.439834155792128
1,0.842165226255215,0.22734333429382
1,0.766109623649469,0.537712922935881
1,0.398646189582968,0.665534849680005
0,0.366300895761094,0.639017684501667
2,0.0835229970640131,0.733117413949763
1,0.874657637639641,0.217964334089817
2,0.514720348911368,0.958379667774811
2,0.172835119845411,0.822718537937566
1,0.777670263861982,0.542518866342269
1,0.903128723257056,0.368153175659501
1,0.926436556738823,0.352292604671551
1,0.485142607138877,0.0716422729020572
2,0.281334393587142,0.879988515921209
1,0.947396789292046,0.349579659997766
1,0.84966834084971,0.518878331656159
2,0.158394309235685,0.767438546916627
2,0.552402651488994,0.940439217594163
0,0.871997469703145,0.431981477190444
0,0.857411675173382,0.247667037995173
1,0.814987301159815,0.537921408548324
1,0.612014270550173,0.607533579213993
2,0.492824338674582,0.953782923588541
2,0.072544116798985,0.625848271643975
1,0.667431460474201,0.591453348149847
0,0.704725314335306,0.555586658821658
2,0.514594909411509,0.933862904574454
1,0.54565910436836,0.629990829515383
1,0.410194408341834,0.648433588602491
2,0.0984322727702447,0.656787680479283
2,0.510927708974463,0.935376237328768
1,0.920974460972856,0.286334303281077
0,0.160061170526138,0.789080323916093
0,0.478171024026168,0.648695991509607
1,0.686686374970269,0.117428340394513
2,0.26561136444267,0.453246026810258
1,0.901316198135795,0.243244793394889
0,0.590018204298347,0.361480652289265
1,0.496475807975022,0.0535404442879963
1,0.725392753991817,0.581292838919812
1,0.856840392085989,0.209143182738481
0,0.591411195658347,0.588395236569593
1,0.47092293037505,0.0522654060529454
2,0.277476122158144,0.454794338101713
2,0.532637257712669,0.365377231289312
2,0.508255040098315,0.362054653907181
1,0.699982752912421,0.115008306294192
0,0.661864927430393,0.606603582450181
0,0.141113011413463,0.561077710651044
1,0.451021416002034,0.0474383702206422
0,0.868530800799767,0.245331131543633
0,0.196475678658564,0.889446094076192
1,0.911203029971282,0.262125039983468
1,0.932220133638348,0.373271187371383
1,0.912618426966402,0.374325370983836
2,0.745971623114941,0.969021181995679
2,0.725411277541149,1.0
2,0.133252266047231,0.772798725685449
1,0.818735286784849,0.181447316069369
0,0.122688226892879,0.739599222088149
2,0.0475307901048465,0.611683079258952
1,0.909054381937151,0.428855752611206
1,0.906280425381492,0.347827078094271
1,0.353194559774928,0.0356770744553446
2,0.219401720535071,0.869896627494662
2,0.107096616344206,0.576475594341315
0,0.566960229074015,0.360060880906618
2,0.0790410018706453,0.679147715474303
1,0.945994611751924,0.327969765129404
1,0.91697619720476,0.393970097043954
1,0.254674274861384,0.656178222546519
1,0.878655953957154,0.441721292017047
0,0.400173118074699,0.917434332251264
2,0.218248040470091,0.849270197337656
2,0.173067932874435,0.828757509735861
1,0.758448150154816,0.150190923192413
0,0.0672684644491836,0.727766896100357
1,0.459634448459608,0.044204950496993
0,0.772086847174965,0.116703708034805
2,0.400939528883087,0.370661830026115
2,0.231889708555281,0.472455864225877
2,0.265021525813824,0.860866714260289
2,0.151301945392589,0.784980250177622
1,0.913917798063027,0.384758024232443
1,0.824416793294405,0.170272150088579
2,0.165242913331379,0.493619662748845
1,0.870203458416829,0.459143367481639
1,0.515234632355056,0.0576134298187918
0,0.87910861428642,0.244338318222081
1,0.732674528793406,0.546597529424628
1,0.613066365810444,0.610849811391759
0,0.128627349528796,0.758602372959925
2,0.493930377290115,0.378603461577002
2,0.102501669243123,0.553988693013846
2,0.756137546694375,0.3459077198182
0,0.365632829639019,0.625095245190372
0,0.0771904718953386,0.784700976575196
1,0.436402031156151,0.0400442056541787
2,0.205988077524368,0.848855494591369
1,0.837907837178159,0.177672091731975
1,0.662934412399813,0.0900698969556195
2,0.362290385126388,0.900700455153469
2,0.0905513874827386,0.736331828364042
2,0.3390165468511,0.43486725876536
2,0.601047372189484,0.958412105812868
2,0.230479497067615,0.458908191287493
2,0.112207908836729,0.735172880209834
2,0.167064801247941,0.516971456653399
2,0.0551199799241215,0.60961762965434
2,0.15961892823756,0.8275608792233
2,0.73304027926087,0.349882647171859
1,0.36089919410099,0.645865727641608
1,0.708856475251971,0.560845949981539
2,0.0661449009116904,0.716728468268895
0,0.123349720966263,0.571226398727768
2,0.38244523553952,0.909006516023261
1,0.845243725852935,0.191529374269766
2,0.719257310427462,0.96875475086825
2,0.289788150836716,0.433617498931404
2,0.58491459631126,0.93889753574964
1,0.926254500484441,0.244085334133333
2,0.382026235760176,0.414875076486132
1,0.839140363839438,0.496110420327314
2,0.583534815102849,0.946601191002181
2,0.20627552293956,0.469096702205557
1,0.620506231826061,0.0946610312364977
1,0.842540293700378,0.493509332089097
1,0.90705733532836,0.35886872008338
1,0.672676149817152,0.0938714916732949
1,0.376893673306106,0.0428023727782151
2,0.354134156208361,0.412244296184381
1,0.847643380074207,0.470213665945268
1,0.796420711609338,0.545224338941138
2,0.305450654306815,0.90413943209017
0,0.701948966039077,0.952783370528086
1,0.414634920351841,0.076868958766237
1,0.642722104268928,0.592828260124168
1,0.669686835464251,0.577535813854991
2,0.520936469013979,0.95470819349136
1,0.899109109697408,0.397296971737267
1,0.429824930198817,0.642947233015618
1,0.858361755333375,0.480196903657922
1,0.277443104868203,0.659213178237246
0,0.543573395955995,0.35854202152632
2,0.149895827017457,0.524602765058297
1,0.75478777200499,0.158143644897467
0,0.454743005667558,0.3582610262232
2,0.21157599197378,0.876399182882366
1,0.925997930796672,0.348086963165003
0,0.316161251851006,0.627666508076089
2,0.435844558755479,0.371238214676344
2,0.739589026443224,0.986065507165354
2,0.742865725098118,0.339809294872815
1,0.757514972376256,0.143518490416672
2,0.0762340264024631,0.696834911951586
2,0.245583618795645,0.846004136088699
1,0.746260692054809,0.127022115053273
1,0.905335271555503,0.313822946386251
0,0.616998965574914,0.59444231249545
0,0.266571462606192,0.040563468034528
0,0.427747534943428,0.0295918603441192
0,0.0390049654720994,0.649942379728414
1,0.533468481433477,0.0651571125966344
2,0.192974061997189,0.505507573042435
2,0.314232048459702,0.890950814424213
1,0.676555848711012,0.583315284152044
0,0.581779322570482,0.972945848055367
0,0.722605182429485,0.104030586178523
2,0.145306299727398,0.558648781547602
1,0.761236219925287,0.140147112655659
0,0.926336286507435,0.239293697847762
2,0.297228074132356,0.879958694901552
0,0.12355367771712,0.634814218707559
1,0.621846493029909,0.0911848962456579
1,0.229605666809471,0.667831614937215
1,0.28284772982597,0.658018428080075
2,0.737526148112016,0.970459628895926
0,0.29690916453165,0.45250637084186
1,0.83626619226435,0.192706443947751
0,0.800143290119355,0.573019147359006
1,0.897801924700312,0.209950000414403
2,0.290963115770088,0.868439472147795
2,0.333216851732676,0.415632542680925
2,0.554025595763648,0.954265838855217
2,0.104947253689657,0.694340342312209
2,0.573117907153377,0.945934521283802
1,0.827595239317183,0.540842259906043
2,0.518267495862065,0.365314272348705
0,0.677247504405633,0.980010540321347
2,0.1755961249059,0.496476500687319
2,0.445786038641549,0.374606148957065
1,0.736549991838617,0.578401839992966
2,0.701868987261654,0.963687792086168
2,0.107640395737921,0.551768558382243
0,0.897674336314771,0.480955708829279
2,0.0581332527682206,0.674114704770032
2,0.515268769190263,0.373198730486992
1,0.846848505830522,0.449199658449855
1,0.864556653256373,0.192374570270889
1,0.853350366513261,0.5115318840618
2,0.111538917551953,0.595405500173779
2,0.156070706526247,0.800222164915229
1,0.751793983624132,0.531181195792452
1,0.81568095875828,0.197421944439644
2,0.308383413147839,0.88764669506761
0,0.519323685098666,0.35982267191845
0,0.53129334448886,0.352291750057593
2,0.0615626698631209,0.572382606043774
1,0.905625202787255,0.356501465009921
1,0.528282155012152,0.6178520553421
1,0.888922154241947,0.447185349093773
2,0.328756378473038,0.411232364518204
2,0.465408901993661,0.937798523619477
2,0.517436958334761,0.920395376642064
2,0.573541174907581,0.9475142274579
2,0.507964576394784,0.943008308308771
1,0.80836164768424,0.161773284173748
0,0.793498442966287,0.161168995785776
2,0.301018442306145,0.879561846942415
1,0.908368733755335,0.338294921827594
0,0.921088963368484,0.442859693161681
2,0.365553544709177,0.406151231981051
1,0.937510659272951,0.335368190451014
1,0.950788028575664,0.36481065474742
2,0.0979254551678258,0.581367422500296
2,0.0920786520406867,0.585971759733742
0,0.714954506701793,0.956721145228332
1,0.730742581863346,0.565392453288208
1,0.462083950731503,0.0475015185149399
2,0.254444169772397,0.461968706272352
2,0.436901755142017,0.376982179340948
2,0.719089958999709,0.979872577435236
1,0.375219796726335,0.0348101136083594
1,0.92343544420942,0.390962459165321
1,0.914444831100042,0.314143911110456
2,0.355244703173621,0.40841276849091
2,0.419752707370184,0.390322839476758
2,0.228634074008129,0.464523790869697
0,0.620557790562295,0.370355827463893
1,0.481212550165879,0.0468554975148558
1,0.548878483992608,0.617119638064148
1,0.764166091838439,0.523763620506297
2,0.34474893588435,0.430230026527
0,0.622310305844772,0.592361879584229
1,0.935789609096815,0.409954414787951
1,0.454914712995513,0.0433503675242715
1,0.941936513947662,0.398601885200201
1,0.448595379723614,0.0411106451627459
2,0.703454347608817,0.335650954737817
2,0.0687859841385052,0.595868677681613
2,0.397049845090087,0.897477464078334
2,0.564179342839983,0.957125058325706
2,0.118432475036481,0.523061999620381
2,0.672987833851166,0.331051966541506
0,0.646076733043222,0.953663115036098
2,0.0720281581703646,0.594348095922601
0,0.889979560453053,0.49150783579608
2,0.113129458152637,0.741102428930242
0,0.760678017365465,0.513429915414429
2,0.548952309568841,0.949042099241904
2,0.0440111592613683,0.634638686440041
0,0.590700992151292,0.591089931397084
1,0.869368217039674,0.215754328931248
2,0.112625941949679,0.546973501155887
2,0.082360726995624,0.610251417726888
2,0.719079376783212,0.337557335841898
1,0.552530311366457,0.0576957418623263
1,0.868704196595507,0.189220619233765
1,0.29137826799454,0.0394641609654397
0,0.834057139492279,0.212462959416234
2,0.146106791469691,0.799929584555136
2,0.163421460331999,0.811197139855586
1,0.909773185857239,0.24467545533461
2,0.409474002644452,0.923231092191455
1,0.928081370109818,0.360165427638086
1,0.428193408772895,0.0636878700060691
1,0.218243230458906,0.660987080212971
2,0.113042397419088,0.604048823219969
0,0.123556804940819,0.730855438178983
2,0.0479946277415069,0.621429000604468
0,0.626141024724921,0.0687156653108797
2,0.129008746580089,0.52881755199749
2,0.139765129532234,0.78312532796908
1,0.671769581365569,0.110108661960183
1,0.904563626059304,0.314910957439007
1,0.686993178547115,0.588114392717378
1,0.87691259071176,0.449258675791617
1,0.776104897807487,0.525729629207923
1,0.693321814004314,0.113294286594738
2,0.0809366651094808,0.635222866350293
0,0.607786221038967,0.078787715355127
2,0.776184262770397,0.973213214777316
2,0.217507944929999,0.852899319556093
2,0.249380313931427,0.842858764946352
0,0.160569393774953,0.769422322291392
2,0.368615956778831,0.422727030075312
2,0.352133769818538,0.916712797461365
2,0.485946776287743,0.939784821373924
1,0.653707536619365,0.58567875480569
2,0.22189891830772,0.458767981699729
1,0.503532199310565,0.611249267090008
1,0.664458590361357,0.576135686055441
0,0.0669601844372321,0.7351945685158
0,0.626222682705182,0.0767966330134286
2,0.368184773649937,0.915151375872173
0,0.966354196104775,0.307185663784332
2,0.780368201106091,0.332198025098696
2,0.55585632126817,0.364604902484583
1,0.394111821387399,0.0408588666976142
2,0.266025338491916,0.450598582648681
2,0.504289086356399,0.937639581280551
2,0.117763286929986,0.774785717309683
1,0.369961762590651,0.64682985818698
1,0.751433716581997,0.540727707072973
1,0.887837905119132,0.290372464754069
0,0.819766256170292,0.151822569131221
2,0.0776076149315466,0.583783866875353
0,0.130262936332389,0.74281008895265
2,0.41568222727058,0.391363300123544
1,0.909931814408157,0.445916147257284
0,0.600534610360416,0.967158944034088
1,0.796671066727273,0.155705733103976
2,0.0898040856945048,0.66928775621449
1,0.72775074942691,0.536144353967802
0,0.13090764164672,0.562920653885259
1,0.940880367279005,0.358559225562946
0,0.68069826633954,0.94471606269079
2,0.47365585587709,0.949865527410375
2,0.283815562616545,0.430449035712068
1,0.827805192606123,0.509052989290014
0,0.405993285002886,0.907359177948196
1,0.904545694190853,0.428977634161414
1,0.666253363232683,0.0965662681907244
1,0.913846738400127,0.32649767703447
2,0.27226846188196,0.865332242172961
0,0.868216181938867,0.38211923183493
0,0.300579282484865,0.0417837021679119
0,0.367159233573773,0.626557705920509
0,0.454412179025628,0.0335066133836548
0,0.487982478752662,0.960644887410366
0,0.683611883168928,0.0718312810534368
2,0.0843563518697091,0.615227527151844
2,0.701681475105575,0.339348005598769
1,0.307049053827803,0.656385755005716
2,0.704069820953021,0.344751438224715
1,0.910597234885573,0.459489026114817
1,0.914439710461194,0.232178684677331
2,0.468548488258599,0.933764981836746
1,0.94375903690477,0.380634343682331
2,0.426317928756291,0.930881480654445
2,0.422794966402816,0.933208891040072
0,0.456777646806498,0.643098958255957
2,0.206762748049197,0.835021745678116
2,0.53226082606807,0.951850971019645
1,0.747152428357379,0.534589615962741
2,0.533973216454475,0.951357502528635
1,0.581290188825778,0.0693737395384573
2,0.0719161438388769,0.685019149178117
2,0.201049367409763,0.828300939817642
0,0.267766179189507,0.439817042936054
2,0.722313760062075,0.961330367740395
2,0.115748472897456,0.757279581113748
2,0.146003001785262,0.801643708017469
0,0.238652657311414,0.482917656736704
2,0.199527034751789,0.46878276043184
2,0.680272967177227,0.357863530719754
1,0.847817512774104,0.230730275677823
1,0.778654881879753,0.143060264522768
1,0.903283091397564,0.232639329158615
1,0.916237136177446,0.241869553408049
1,0.721516065997129,0.548398296661743
2,0.0880261187284021,0.5856645156135
2,0.218928378024415,0.466356253829331
2,0.139776852484703,0.513452718940456
0,0.412124920428763,0.914469861031953
1,0.455046890189815,0.0482445355227093
1,0.387090356643873,0.648235626509325
1,0.890980487122261,0.246291281489933
0,0.575760456287562,0.360090431734996
1,0.82404884681126,0.509078730678775
0,0.366298773641342,0.633162225281814
1,0.735940473763846,0.539821800665986
2,0.729080194970358,0.342514201077509
2,0.561865383737927,0.354183209945292
2,0.187163215094658,0.468253687712125
0,0.461838532149756,0.917885280413376
1,0.920420048033365,0.331551025295724
1,0.296838255890436,0.669401359291543
0,0.694212594744826,0.947584624389024
2,0.0724044273900424,0.683424317615894
2,0.381098936865026,0.386146871365971
0,0.733613546918,0.371335121950901
2,0.117828332056168,0.784347764698195
2,0.658238803513629,0.358976502795558
1,0.807966707359759,0.537044053096115
2,0.393549195036805,0.424215716884993
1,0.886353789707285,0.23547589804895
2,0.314459462697057,0.868131750835429
0,0.769007402737756,0.561841550444809
0,0.484670064862951,0.038227353118816
1,0.880201944626409,0.462326458113309
1,0.490629157055125,0.0644385317706948
1,0.92019464341349,0.336522826816672
2,0.332882894558657,0.88184446891768
2,0.382332194210926,0.394925402460478
2,0.356645282380235,0.419222913712444
0,0.156790008106279,0.569949508303442
1,0.26957574195685,0.671246648627868
2,0.57547297035645,0.359156834539365
2,0.153395092050544,0.816735646687847
2,0.146794913950987,0.517020495451941
0,0.648836366412983,0.948097911473779
1,0.940580702375722,0.323835061377225
2,0.366213446500743,0.393972297740357
0,0.131994796521789,0.580168988521788
2,0.0789984295118701,0.711780828469088
2,0.764844797206527,0.356223879304734
2,0.464919094674134,0.932829433496058
1,0.468208208427827,0.633952118150364
2,0.229255061079595,0.863967622490476
1,0.882473968935204,0.460851414146119
1,0.279778729860637,0.0138460485626544
2,0.216507407700718,0.470467065439747
0,0.217104610572403,0.486021091672661
2,0.387887127491909,0.915874595456193
1,0.549014018964565,0.0709733836008966
1,0.47698476247745,0.621178293855754
1,0.798674979195068,0.135804526523679
1,0.918269284211048,0.266856950488553
0,0.499282125525053,0.645778160962922
2,0.338656644401726,0.887756480990743
1,0.238907359745178,0.662451973617187
1,0.859563810403248,0.21022430535661
2,0.753644385633433,0.347583992425883
0,0.463967201794936,0.642611732538393
1,0.818140486718054,0.522945091502735
0,0.259553327971557,0.437732813141798
2,0.72029057140475,0.341102521868962
1,0.828830043859257,0.189345780678242
0,0.453944884603003,0.0342223064576536
0,0.571000183344629,0.363070845482783
2,0.272270606388001,0.441248692119202
2,0.104208985955541,0.750480094938763
1,0.625795331524614,0.0978107871042388
1,0.38280906889623,0.64052165331119
2,0.772918924743073,0.340478935378147
1,0.900362568881874,0.242178843239297
1,0.860203322493452,0.467859168551384
2,0.520349092192507,0.364200467972689
2,0.44967423481731,0.375944375624497
1,0.868481472477137,0.481960688542059
0,0.96261377708774,0.333940792247748
2,0.234846413554552,0.845566092855736
0,0.0095599207937688,0.632491492331637
0,0.156732826419628,0.475971398245894
1,0.360861963281831,0.0413176963381645
2,0.634498914381956,0.330725375577307
2,0.321709831741173,0.904977741279507
2,0.235600388719373,0.850210744545903
0,0.394218945812205,0.92210773803898
1,0.90786601843903,0.307002526039157
2,0.364699033939071,0.387816076289047
1,0.871889781822689,0.20785819174655
0,0.420557085901266,0.918472587616701
0,0.659227333178809,0.972731834720081
1,0.758418067087712,0.552706692259123
1,0.504872346883884,0.634265783789536
1,0.769751213438631,0.543883013881149
2,0.396819766898527,0.903406957933741
2,0.257393193692565,0.445517205376993
0,0.565147022003643,0.362569135309251
1,0.75346657864108,0.150519257425795
1,0.542441691918664,0.0599602830508077
2,0.175139882308493,0.471371406436905
2,0.202071561848967,0.47753263094789
1,0.291207802386753,0.0232122674705772
1,0.919209032713602,0.388467133081663
2,0.0781753578151988,0.67174904991749
1,0.610786009491011,0.0817289621793829
1,0.491953810707834,0.0722437018416796
1,0.268317074677432,0.655405928569194
1,0.811046494674007,0.17912527186355
0,0.584299978389244,0.962801976604753
1,0.88922779777047,0.405847625932616
2,0.527400596133156,0.369264019334393
1,0.705528676472392,0.58368296075212
1,0.242761082207318,0.651940801390508
0,0.635737694236137,0.969074927698852
1,0.805172577142696,0.514097372731462
1,0.395190702919411,0.658850867012861
0,0.796875803265058,0.505797946892376
2,0.483603837383159,0.36866145494012
2,0.685336986210259,0.333231936735006
1,0.399765658012023,0.0418095274131683
2,0.250495211449859,0.869179173396209
0,0.0711011046171053,0.743359597578983
2,0.0848827959597531,0.56697795986334
1,0.897392553402783,0.2474823658276
1,0.400850205639131,0.0529492713113156
2,0.511025904950231,0.933840602119281
1,0.619296310298742,0.0898182117546965
1,0.897752190613067,0.434541284703503
2,0.629240977360119,0.34923018104671
1,0.839690718141951,0.195156864312899
2,0.210425775648145,0.852547052393506
2,0.734245377620711,0.960924573441792
1,0.641976816422623,0.0888093260531164
0,0.126616781581752,0.759593126662383
2,0.691323659995899,0.351726117642923
2,0.562428494197285,0.948137650641927
1,0.815146255064784,0.51920551781061
2,0.255944759022804,0.852274099129826
1,0.763349793002804,0.137813652875611
1,0.904305634948351,0.264378677713677
1,0.602026249972618,0.0869534336981468
2,0.0950537469400601,0.675325881072203
0,0.494865647565597,0.903649800386763
1,0.911467599536915,0.293430667075835
0,0.382444988088702,0.63901918474857
2,0.4427494631193,0.923360094022045
1,0.883093766842029,0.454058019343361
1,0.284839108589538,0.664127007104867
1,0.915451317481794,0.417926525764793
2,0.46088836133623,0.923572895372846
1,0.408500974366672,0.631645499736676
2,0.0664659468379431,0.656747187276687
2,0.0885323158250546,0.653145730694974
0,0.968228372608132,0.353755311540237
1,0.28971306508314,0.667534688632552
1,0.872257201621899,0.468758461120865
2,0.492945938846939,0.376293996941763
2,0.440426200708967,0.379888602652265
1,0.827048877706536,0.164184100240668
2,0.491785406183364,0.943304389574657
0,0.678334850566031,0.968627679422815
0,0.960515790176448,0.364504368991429
2,0.0843826066138885,0.584533619804723
1,0.730117618688164,0.56899068799331
0,0.403923857150266,0.0357957645613934
1,0.687206998686334,0.586275504817365
2,0.36363510466641,0.415419475633278
2,0.120408035101121,0.557175885063887
0,0.961862777732553,0.349630093763532
2,0.706310610195047,0.339100244317909
1,0.608027442369906,0.081637169981208
1,0.741518838096827,0.568060364154415
1,0.731327570424886,0.123380328622544
1,0.476789745285126,0.63003457951883
1,0.700908796927825,0.0872705589827493
1,0.209266817421562,0.655142295209375
1,0.722469596797374,0.574686077970948
1,0.937302755571752,0.309902875080238
2,0.240454502566839,0.453506961604196
2,0.24630813595394,0.453448695097863
1,0.389766016290313,0.0473471120990507
2,0.244027591568737,0.452301196503724
2,0.534738117344749,0.36228736608937
2,0.189823432996786,0.816939496682743
2,0.724760105670758,0.34277589198404
1,0.507549694814496,0.0615888103994287
1,0.941238376653039,0.362751479962364
2,0.58459092293684,0.948789915100348
1,0.357520423500132,0.0222505984632662
2,0.521168876672392,0.929753743602762
2,0.389180829172757,0.911627345059183
1,0.596854426798852,0.0632129669661917
2,0.464765145329066,0.384658779511695
1,0.541002886578614,0.623243477801084
2,0.364746837053956,0.416129858036576
1,0.898517586623327,0.435900943795399
1,0.364312606618123,0.0357749339246692
1,0.904298976640566,0.405768020676315
1,0.904926807578192,0.232154911445775
0,0.470180455245789,0.642062827206972
1,0.869983126675661,0.228781339831456
2,0.621771845589629,0.947727699968541
1,0.710328130153446,0.120688132248222
0,0.608769068624666,0.582579368780487
0,0.112021539835966,0.512286010956662
2,0.454383875598914,0.373930212387091
2,0.108891659258497,0.779748372436058
0,0.811259730018793,0.144425872045802
1,0.458383008210827,0.636254073623631
1,0.371936212109319,0.668701822444428
0,0.656986371721828,0.957171284191636
0,0.177148365676875,0.77944313174988
1,0.618526735110719,0.112248432846143
1,0.910587789685444,0.230384091866637
1,0.94155557332987,0.296878888550042
1,0.91327403243828,0.337387487162491
1,0.54034798398222,0.616705289100877
1,0.620781765297077,0.620559886599274
2,0.143395718154024,0.549667214364549
1,0.937529703969523,0.373697694287671
1,0.922840708892362,0.420145129840765
1,0.891654071336349,0.382991601750665
1,0.505800322044548,0.626286100721901
0,0.720504036356652,0.951558190176259
1,0.811263410951414,0.166021833982159
1,0.819668937638423,0.488004442570472
2,0.0883106313263539,0.653854357845807
2,0.503379759606676,0.38505720159044
1,0.8592855907505,0.478768109352714
1,0.344727450979229,0.0261496905603861
1,0.328469408499347,0.666680741458816
2,0.0671481168836238,0.596580067946475
0,0.397518986195602,0.628924939065095
2,0.289938610971868,0.423878603259033
1,0.463206851705743,0.048435104420583
2,0.19598014075217,0.488395441721762
1,0.847663584037547,0.175270895715791
2,0.289601655087864,0.419193976576715
2,0.777421988804705,0.963059599166188
2,0.79755414177179,0.963002760242388
2,0.450359037145295,0.371563570254446
2,0.0485760396116051,0.565996069348305
2,0.259154039734625,0.852852042891766
2,0.757620672507367,0.978268971798955
0,0.3125905727936,0.0509109080657965
2,0.0891155334195294,0.757994075607652
1,0.428577984714008,0.0438038075650025
1,0.955906754143042,0.300999347943732
0,0.611642280833386,0.360996351691222
1,0.529952640013031,0.628262819012492
2,0.139026276659985,0.508627979792744
2,0.085587239921954,0.679832593756295
2,0.11451809943573,0.773480836721575
1,0.934470213516015,0.334455557488093
0,0.7612537888817,0.56233573288567
0,0.520706586532681,0.975976996509285
2,0.306235404542162,0.898713882006414
1,0.470790734765296,0.619821457340463
0,0.226660373243339,0.423176358268579
0,0.764430564004055,0.951942884821921
1,0.256752481509549,0.649756257480603
1,0.921625475930667,0.24253561137228
2,0.113518307709812,0.528277761092224
2,0.0874998064439203,0.699831478605541
1,0.787622300095564,0.134036089748941
1,0.477896967761658,0.0499494773314299
1,0.282306894429397,0.657402567301962
2,0.308522778256603,0.871870329050528
1,0.772199667342404,0.523432425982037
1,0.214064482215925,0.0352293415883884
2,0.222715731312916,0.461939125914723
0,0.64729643629431,0.640573201241386
1,0.510094271512398,0.610226556857673
1,0.689654632592154,0.0964184276549398
1,0.366648372195167,0.0346272727712426
2,0.0583187969816776,0.707212574728293
2,0.344951422587831,0.413145875673687
2,0.0880044721038638,0.63721070652889
2,0.333117617059366,0.899879156716175
1,0.934173847458671,0.285026161600738
1,0.607821386181822,0.0980879691969537
1,0.813438239405011,0.492757524551714
2,0.538580530341368,0.375768106726448
0,0.802400808988985,0.476794131505164
0,0.102895424313262,0.518867148457132
1,0.258915284453122,0.0268824707021677
1,0.494100647668989,0.611569619717384
0,0.901042522871805,0.193311347107879
2,0.407834309859205,0.375976430881584
2,0.218788065488744,0.477560486309244
1,0.892980434315589,0.410498781660492
1,0.882986093570513,0.258721989787836
1,0.590385522872892,0.0742667772280548
2,0.316641598548452,0.423397248643156
2,0.0693516139134296,0.647249814898511
1,0.238216863252478,0.667157996354777
1,0.460267986443376,0.0591703217259651
2,0.0667517687763648,0.613573626382724
1,0.576506664333024,0.613761703188503
1,0.294751079991499,0.0230154418612191
0,0.816954978868944,0.962089331307778
2,0.273065541538196,0.452203444799639
2,0.293053381561629,0.857268591883399
0,0.353012701002292,0.361508474104588
0,0.266508748229863,0.432177733605184
1,0.820736693947235,0.182875659167766
1,0.9023237397007,0.310655212572275
2,0.680488956204589,0.352081655469378
2,0.755195194765832,0.348549266831129
0,0.200011449117977,0.490974092651629
2,0.128232672241834,0.787115291376776
1,0.694982376178273,0.560471330741877
1,0.895842247468143,0.282530637081168
1,0.62648132125239,0.096804261563539
1,0.946772756308513,0.365619753153329
2,0.368767568208276,0.912284741421811
0,0.815477888273635,0.359172936576052
1,0.935279077872288,0.361404394033756
2,0.0568487918493234,0.609562383034786
1,0.887789997389967,0.252479238169593
2,0.107306967578307,0.678794843316237
1,0.525643694910367,0.63413897919074
2,0.677503790161403,0.347296361681774
2,0.767536365150801,0.347056239045156
2,0.15906016406035,0.8095282663709
0,0.300853470056531,0.639606128371119
2,0.129711583354909,0.82052613474789
1,0.41641568229078,0.644751210013547
0,0.453777211088544,0.640460017807752
2,0.199430702973105,0.810061469051452
0,0.280668923186441,0.442395842456224
1,0.825187411078845,0.499255511184757
0,0.328748189655477,0.0500276751439177
1,0.447002416268171,0.0466629941726836
1,0.528144210044725,0.615561344760119
1,0.897396010986191,0.255560032666018
1,0.284486666001081,0.0299598491447365
1,0.42308226577074,0.0560891408339257
2,0.447140276037517,0.932817024318292
2,0.1796446031351,0.812620828386525
0,0.771200923384939,0.516100916081705
1,0.490962876586436,0.629380816275
1,0.586481151124414,0.0797850406288487
2,0.314886395214099,0.900183186611966
0,0.124613004155526,0.56947516693703
0,0.123682762706457,0.715017477326154
1,0.916436368555936,0.324406992991035
1,0.588116191890664,0.62368320248156
2,0.797888115151983,0.342424395614869
0,0.763486974093513,0.116529076130777
1,0.819494005496834,0.50334920939605
2,0.554350424851962,0.942759089764145
2,0.0981731103453973,0.728931026411281
1,0.848190137727817,0.19976717504307
1,0.67969299907331,0.575061172412957
1,0.860999383128308,0.471430058447042
